Date,Plant,Production_Line,Product,Planned_Units,Produced_Units,Defective_Units,Downtime_Minutes,Downtime_Reason,Shift,Overtime_Hours,Production_Cost
2025-01-01,Plant D,Line 1,Product B,1040,869,59,183,Planned Maintenance,Morning,3.7,71145.8
2025-01-01,Plant C,Line 4,Product D,1133,1048,34,28,Machine Failure,Morning,3.3,61475.09
2025-01-01,Plant C,Line 2,Product B,1033,996,37,54,Machine Failure,Evening,2.1,64212.69
2025-01-01,Plant C,Line 4,Product C,742,678,15,78,Power Failure,Evening,8.1,67374.34
2025-01-01,Plant C,Line 4,Product E,967,936,29,40,Quality Issue,Evening,0.3,70131.42
2025-01-01,Plant C,Line 3,Product C,808,746,19,149,Machine Failure,Morning,0.1,65144.05
2025-01-01,Plant A,Line 1,Product E,980,856,23,56,Changeover,Evening,6.5,71150.36
2025-01-01,Plant B,Line 2,Product D,1241,1085,50,47,Material Shortage,Morning,6.3,74695.46
2025-01-01,Plant A,Line 1,Product B,1079,934,30,47,Machine Failure,Night,1.5,62022.8
2025-01-01,Plant A,Line 4,Product A,805,775,19,63,Machine Failure,Morning,1.0,53620.91
2025-01-01,Plant B,Line 4,Product B,1016,961,34,17,Machine Failure,Night,2.1,68610.48
2025-01-01,Plant B,Line 1,Product B,1118,981,50,62,Material Shortage,Morning,4.8,71240.84
2025-01-01,Plant A,Line 3,Product D,1351,1324,47,13,Changeover,Night,3.7,78226.21
2025-01-01,Plant A,Line 1,Product E,948,905,43,113,Quality Issue,Evening,4.1,72519.11
2025-01-01,Plant A,Line 2,Product A,897,869,30,76,Power Failure,Night,3.4,69106.65
2025-01-02,Plant A,Line 4,Product B,1006,936,39,35,Material Shortage,Evening,0.0,62439.12
2025-01-02,Plant D,Line 4,Product D,1070,854,57,121,Machine Failure,Evening,2.6,59728.18
2025-01-02,Plant B,Line 1,Product A,866,754,25,51,Planned Maintenance,Evening,3.4,61079.39
2025-01-02,Plant A,Line 2,Product A,880,861,29,26,Planned Maintenance,Night,2.6,62909.03
2025-01-02,Plant B,Line 2,Product B,1089,990,52,78,Planned Maintenance,Morning,1.2,68697.98
2025-01-02,Plant D,Line 4,Product B,1001,847,39,46,Machine Failure,Morning,2.5,62789.49
2025-01-02,Plant B,Line 4,Product B,928,830,32,26,Material Shortage,Morning,2.6,59665.38
2025-01-03,Plant D,Line 3,Product C,728,598,22,71,Machine Failure,Morning,6.3,64421.42
2025-01-03,Plant A,Line 2,Product E,974,898,31,44,Material Shortage,Morning,3.7,74735.99
2025-01-03,Plant A,Line 1,Product A,906,830,24,54,Material Shortage,Evening,4.9,63256.42
2025-01-03,Plant B,Line 3,Product C,755,602,21,55,Machine Failure,Morning,6.9,62358.39
2025-01-03,Plant A,Line 1,Product B,1185,1143,34,27,Material Shortage,Morning,4.3,77315.0
2025-01-03,Plant A,Line 3,Product A,931,804,32,215,Planned Maintenance,Night,6.2,64362.64
2025-01-03,Plant C,Line 3,Product A,920,863,22,54,Planned Maintenance,Evening,3.7,62800.45
2025-01-03,Plant B,Line 3,Product A,986,846,48,74,Planned Maintenance,Night,7.2,73422.3
2025-01-03,Plant D,Line 1,Product E,982,804,34,47,Changeover,Evening,3.1,71551.4
2025-01-04,Plant A,Line 4,Product E,865,806,23,48,Power Failure,Morning,3.6,62181.05
2025-01-04,Plant B,Line 3,Product C,843,731,27,80,Machine Failure,Evening,7.4,75529.51
2025-01-04,Plant B,Line 3,Product D,1439,1283,62,117,Machine Failure,Evening,6.6,85290.14
2025-01-04,Plant A,Line 1,Product B,1079,1050,39,58,Quality Issue,Evening,5.3,75041.9
2025-01-04,Plant A,Line 1,Product B,1074,991,29,57,Quality Issue,Morning,2.4,67860.22
2025-01-05,Plant A,Line 2,Product E,923,896,26,56,Quality Issue,Evening,3.6,72502.25
2025-01-05,Plant D,Line 3,Product D,1456,1226,60,64,Machine Failure,Morning,3.5,84006.38
2025-01-05,Plant C,Line 4,Product A,840,838,27,30,Machine Failure,Evening,5.0,65050.55
2025-01-05,Plant C,Line 4,Product A,830,727,21,93,Material Shortage,Evening,2.6,54151.28
2025-01-05,Plant D,Line 3,Product B,1156,990,51,80,Changeover,Evening,4.1,72014.2
2025-01-05,Plant C,Line 1,Product D,1266,1277,40,16,Planned Maintenance,Night,3.3,72507.8
2025-01-05,Plant C,Line 3,Product A,978,985,32,28,Machine Failure,Night,2.4,73939.9
2025-01-05,Plant D,Line 1,Product D,1196,979,58,157,Planned Maintenance,Evening,8.0,73479.72
2025-01-05,Plant A,Line 4,Product E,894,862,32,22,Machine Failure,Night,2.3,63705.21
2025-01-06,Plant D,Line 4,Product B,971,794,44,144,Changeover,Evening,4.6,64748.83
2025-01-06,Plant C,Line 2,Product C,719,659,10,51,Planned Maintenance,Evening,4.0,62743.54
2025-01-06,Plant B,Line 3,Product B,1198,1035,50,120,Material Shortage,Evening,2.5,77461.82
2025-01-06,Plant C,Line 4,Product D,1182,1138,31,25,Material Shortage,Morning,1.7,64739.43
2025-01-06,Plant A,Line 3,Product E,1103,989,25,42,Machine Failure,Evening,8.5,83670.09
2025-01-06,Plant D,Line 1,Product C,750,620,20,88,Quality Issue,Morning,7.5,67046.98
2025-01-06,Plant B,Line 3,Product A,941,849,48,44,Changeover,Night,3.8,68661.7
2025-01-07,Plant A,Line 4,Product B,1046,1004,25,70,Power Failure,Evening,0.2,67138.9
2025-01-07,Plant C,Line 4,Product A,867,839,14,11,Machine Failure,Night,0.0,60180.93
2025-01-07,Plant D,Line 1,Product A,872,723,28,28,Planned Maintenance,Night,3.3,60433.82
2025-01-07,Plant C,Line 4,Product D,1107,1062,47,54,Planned Maintenance,Morning,3.2,60879.45
2025-01-07,Plant C,Line 3,Product E,923,823,15,26,Machine Failure,Morning,6.4,64969.66
2025-01-07,Plant A,Line 1,Product B,1227,1166,41,32,Machine Failure,Evening,1.2,78428.65
2025-01-07,Plant A,Line 3,Product D,1336,1249,41,82,Quality Issue,Evening,3.5,76572.75
2025-01-07,Plant B,Line 4,Product C,821,711,24,128,Material Shortage,Evening,4.4,74599.46
2025-01-07,Plant A,Line 2,Product E,958,898,30,32,Power Failure,Morning,3.4,71756.64
2025-01-07,Plant C,Line 4,Product E,1021,971,20,47,Quality Issue,Morning,1.6,73222.91
2025-01-07,Plant D,Line 3,Product A,1027,840,43,131,Machine Failure,Evening,6.0,72887.87
2025-01-08,Plant D,Line 1,Product E,926,792,45,92,Changeover,Night,7.5,76454.67
2025-01-08,Plant A,Line 1,Product E,935,901,21,23,Power Failure,Morning,0.7,70712.9
2025-01-08,Plant B,Line 4,Product C,635,591,14,60,Machine Failure,Evening,3.8,62036.28
2025-01-08,Plant C,Line 1,Product B,1096,997,37,82,Machine Failure,Evening,10.0,74717.96
2025-01-08,Plant C,Line 2,Product C,779,758,17,18,Changeover,Evening,4.2,68278.68
2025-01-08,Plant C,Line 4,Product C,749,748,12,28,Quality Issue,Morning,4.1,68807.27
2025-01-08,Plant A,Line 2,Product B,916,865,35,13,Power Failure,Morning,2.6,58506.23
2025-01-08,Plant B,Line 2,Product B,1040,894,36,112,Machine Failure,Evening,6.6,68266.9
2025-01-08,Plant B,Line 3,Product E,1044,930,33,55,Material Shortage,Morning,7.3,80936.45
2025-01-08,Plant C,Line 4,Product E,969,954,32,24,Planned Maintenance,Evening,0.5,70431.97
2025-01-08,Plant D,Line 4,Product E,906,780,31,36,Planned Maintenance,Morning,4.3,69614.09
2025-01-08,Plant B,Line 2,Product E,993,879,28,63,Machine Failure,Night,5.1,76943.15
2025-01-09,Plant B,Line 3,Product E,1062,932,34,58,Machine Failure,Evening,6.8,81810.36
2025-01-09,Plant D,Line 3,Product B,1197,1028,49,102,Machine Failure,Morning,6.0,81514.96
2025-01-09,Plant D,Line 2,Product B,1061,927,53,69,Planned Maintenance,Evening,3.6,68750.69
2025-01-09,Plant B,Line 2,Product B,921,759,43,184,Changeover,Evening,4.7,58351.03
2025-01-09,Plant D,Line 2,Product E,1030,881,55,126,Changeover,Evening,4.0,77795.8
2025-01-10,Plant B,Line 4,Product C,671,603,16,38,Power Failure,Morning,4.8,62408.63
2025-01-10,Plant D,Line 1,Product A,858,700,36,118,Material Shortage,Morning,4.6,63824.06
2025-01-10,Plant B,Line 4,Product E,970,862,42,80,Planned Maintenance,Night,5.3,75271.4
2025-01-10,Plant C,Line 3,Product C,779,723,16,81,Machine Failure,Morning,0.8,62282.12
2025-01-10,Plant B,Line 4,Product E,884,779,42,55,Planned Maintenance,Morning,1.8,65846.93
2025-01-10,Plant B,Line 3,Product D,1331,1163,77,137,Planned Maintenance,Evening,7.1,78746.92
2025-01-10,Plant A,Line 3,Product C,773,752,18,25,Changeover,Night,5.4,71226.08
2025-01-10,Plant D,Line 4,Product A,790,709,27,54,Material Shortage,Morning,4.5,61162.8
2025-01-10,Plant D,Line 2,Product A,851,716,33,53,Power Failure,Evening,7.9,64729.22
2025-01-10,Plant B,Line 2,Product D,1211,1009,70,218,Planned Maintenance,Morning,4.4,70050.08
2025-01-10,Plant B,Line 4,Product D,1130,1059,46,34,Machine Failure,Morning,0.8,65187.55
2025-01-11,Plant D,Line 4,Product B,936,855,42,38,Material Shortage,Night,5.6,68050.97
2025-01-11,Plant C,Line 2,Product B,995,917,33,45,Material Shortage,Evening,2.5,61622.79
2025-01-11,Plant D,Line 1,Product C,750,585,29,91,Changeover,Morning,7.1,65168.75
2025-01-11,Plant D,Line 2,Product C,792,676,17,106,Changeover,Morning,1.6,67694.31
2025-01-11,Plant A,Line 3,Product E,1028,946,23,47,Changeover,Night,2.1,73511.33
2025-01-11,Plant D,Line 1,Product B,1064,892,51,59,Material Shortage,Morning,6.6,68349.86
2025-01-12,Plant A,Line 1,Product B,1025,978,36,72,Changeover,Morning,2.7,68288.01
2025-01-12,Plant C,Line 3,Product A,895,859,13,17,Power Failure,Evening,0.4,60761.69
2025-01-12,Plant B,Line 2,Product E,959,845,29,39,Quality Issue,Evening,5.9,70578.19
2025-01-12,Plant D,Line 2,Product E,1037,940,53,33,Machine Failure,Night,3.0,81291.87
2025-01-12,Plant B,Line 2,Product E,985,876,35,56,Planned Maintenance,Night,3.1,77131.38
2025-01-12,Plant B,Line 2,Product E,976,845,42,145,Machine Failure,Night,2.6,73788.1
2025-01-12,Plant B,Line 1,Product C,726,695,25,43,Machine Failure,Night,2.4,67605.37
2025-01-12,Plant A,Line 2,Product C,720,689,20,17,Planned Maintenance,Morning,0.0,58596.68
2025-01-12,Plant D,Line 1,Product B,1210,1054,51,70,Machine Failure,Morning,3.3,80707.47
2025-01-12,Plant C,Line 1,Product A,866,813,27,68,Quality Issue,Morning,4.1,60723.23
2025-01-12,Plant D,Line 2,Product A,870,679,34,137,Material Shortage,Morning,3.2,59083.16
2025-01-12,Plant B,Line 3,Product C,826,737,33,100,Planned Maintenance,Evening,8.6,80903.83
2025-01-12,Plant D,Line 1,Product C,786,678,26,50,Material Shortage,Evening,5.8,72076.53
2025-01-12,Plant A,Line 3,Product D,1296,1209,53,18,Machine Failure,Evening,2.0,73204.38
2025-01-12,Plant C,Line 1,Product A,968,837,28,145,Machine Failure,Evening,2.6,61586.93
2025-01-12,Plant A,Line 4,Product C,647,616,15,90,Planned Maintenance,Morning,3.2,58314.25
2025-01-12,Plant D,Line 1,Product E,979,860,30,24,Machine Failure,Morning,3.3,74698.27
2025-01-13,Plant C,Line 3,Product E,1002,947,30,54,Machine Failure,Evening,2.6,68468.5
2025-01-13,Plant C,Line 2,Product A,795,791,24,23,Machine Failure,Night,2.5,55115.15
2025-01-13,Plant A,Line 3,Product B,1251,1162,43,72,Machine Failure,Evening,5.6,83045.14
2025-01-13,Plant D,Line 2,Product D,1225,1132,73,28,Power Failure,Evening,2.6,76907.58
2025-01-13,Plant B,Line 2,Product E,938,838,37,55,Planned Maintenance,Morning,6.8,74719.28
2025-01-13,Plant B,Line 4,Product D,1136,1044,46,10,Planned Maintenance,Evening,6.4,70361.4
2025-01-13,Plant D,Line 3,Product E,1073,960,31,50,Power Failure,Night,2.6,82413.57
2025-01-13,Plant C,Line 3,Product E,1063,971,32,60,Power Failure,Evening,3.0,73525.48
2025-01-13,Plant B,Line 4,Product B,981,851,32,44,Material Shortage,Morning,6.5,64823.9
2025-01-13,Plant C,Line 4,Product C,724,627,19,80,Power Failure,Night,3.3,55959.05
2025-01-13,Plant B,Line 4,Product E,914,838,35,58,Power Failure,Evening,3.4,72209.18
2025-01-13,Plant D,Line 4,Product C,742,564,21,112,Material Shortage,Morning,3.9,60371.49
2025-01-13,Plant A,Line 2,Product B,989,907,31,61,Power Failure,Morning,2.6,64608.13
2025-01-14,Plant D,Line 1,Product E,972,828,40,100,Quality Issue,Night,3.2,74235.36
2025-01-14,Plant A,Line 3,Product A,966,922,28,31,Planned Maintenance,Morning,0.0,65961.46
2025-01-14,Plant A,Line 4,Product B,955,831,33,68,Machine Failure,Morning,4.8,60204.12
2025-01-14,Plant C,Line 1,Product E,987,931,30,66,Machine Failure,Evening,5.4,72147.06
2025-01-14,Plant B,Line 1,Product D,1299,1184,57,114,Planned Maintenance,Evening,8.7,84103.95
2025-01-14,Plant B,Line 2,Product D,1198,1137,45,42,Machine Failure,Morning,4.7,75000.61
2025-01-14,Plant C,Line 3,Product B,1193,1138,37,47,Power Failure,Morning,1.6,71254.16
2025-01-14,Plant A,Line 1,Product E,949,888,33,38,Material Shortage,Night,1.8,69228.42
2025-01-15,Plant A,Line 1,Product E,1071,1030,28,22,Planned Maintenance,Night,2.4,79352.29
2025-01-15,Plant B,Line 1,Product E,1006,910,27,28,Material Shortage,Evening,7.7,81076.67
2025-01-15,Plant D,Line 4,Product E,844,709,36,100,Machine Failure,Morning,4.4,65148.8
2025-01-15,Plant C,Line 4,Product C,693,647,15,36,Quality Issue,Evening,2.9,57381.94
2025-01-15,Plant C,Line 1,Product C,637,560,7,29,Changeover,Morning,5.8,53767.52
2025-01-15,Plant A,Line 3,Product C,765,728,11,29,Planned Maintenance,Evening,0.7,65281.48
2025-01-15,Plant A,Line 4,Product B,1059,999,36,35,Material Shortage,Evening,1.0,66087.33
2025-01-15,Plant B,Line 4,Product A,756,620,28,73,Planned Maintenance,Morning,1.9,50445.8
2025-01-15,Plant C,Line 3,Product B,1097,1034,28,41,Quality Issue,Night,3.9,68570.39
2025-01-16,Plant C,Line 4,Product C,708,682,16,103,Planned Maintenance,Evening,2.4,61105.15
2025-01-16,Plant A,Line 3,Product E,997,1000,28,41,Machine Failure,Night,5.0,79655.22
2025-01-16,Plant C,Line 3,Product E,955,915,35,79,Material Shortage,Evening,3.1,70910.63
2025-01-16,Plant B,Line 2,Product A,831,732,35,114,Material Shortage,Night,4.7,61259.74
2025-01-16,Plant A,Line 4,Product C,639,649,10,15,Machine Failure,Evening,4.8,62858.17
2025-01-16,Plant B,Line 3,Product C,799,706,25,116,Machine Failure,Morning,4.0,72552.77
2025-01-16,Plant D,Line 1,Product C,811,741,29,58,Quality Issue,Morning,8.3,78858.68
2025-01-17,Plant C,Line 1,Product B,1116,1045,30,55,Planned Maintenance,Evening,1.9,63460.18
2025-01-17,Plant B,Line 1,Product E,1010,900,32,53,Material Shortage,Morning,6.2,81029.33
2025-01-17,Plant B,Line 2,Product B,1176,998,42,64,Changeover,Morning,7.0,77363.41
2025-01-17,Plant D,Line 1,Product C,793,652,24,61,Material Shortage,Evening,5.1,69014.26
2025-01-17,Plant A,Line 2,Product E,1003,964,28,24,Material Shortage,Morning,2.7,75890.58
2025-01-17,Plant D,Line 3,Product A,948,755,35,56,Machine Failure,Evening,6.6,66432.08
2025-01-17,Plant B,Line 2,Product B,954,871,45,105,Quality Issue,Evening,6.1,66299.57
2025-01-17,Plant A,Line 3,Product C,811,745,15,43,Changeover,Morning,3.3,70585.4
2025-01-17,Plant A,Line 3,Product D,1196,1090,40,59,Machine Failure,Morning,4.3,68148.54
2025-01-17,Plant A,Line 4,Product C,688,610,13,38,Machine Failure,Night,4.5,59371.77
2025-01-17,Plant B,Line 2,Product A,946,798,42,122,Changeover,Night,3.0,67153.43
2025-01-17,Plant B,Line 4,Product A,906,856,31,39,Material Shortage,Night,0.7,66398.96
2025-01-17,Plant D,Line 2,Product A,785,580,29,119,Machine Failure,Morning,4.6,50579.39
2025-01-18,Plant B,Line 2,Product A,858,779,32,64,Machine Failure,Morning,6.6,66064.5
2025-01-18,Plant C,Line 1,Product A,925,868,10,39,Power Failure,Night,1.1,63781.72
2025-01-18,Plant C,Line 4,Product A,784,732,17,21,Planned Maintenance,Morning,0.0,49382.74
2025-01-18,Plant C,Line 3,Product D,1269,1215,55,50,Machine Failure,Morning,0.1,70852.89
2025-01-18,Plant D,Line 1,Product B,1110,903,43,66,Machine Failure,Morning,4.7,70576.91
2025-01-19,Plant B,Line 1,Product D,1272,1131,71,66,Machine Failure,Night,5.6,76977.68
2025-01-19,Plant C,Line 4,Product E,901,876,40,46,Planned Maintenance,Morning,0.0,63611.82
2025-01-19,Plant D,Line 1,Product E,995,866,39,133,Machine Failure,Night,6.4,80565.62
2025-01-19,Plant B,Line 4,Product C,666,595,21,76,Planned Maintenance,Morning,5.9,64261.73
2025-01-19,Plant A,Line 2,Product D,1202,1111,48,94,Changeover,Night,1.0,66401.15
2025-01-19,Plant A,Line 4,Product D,1093,1005,43,32,Machine Failure,Night,2.7,61005.34
2025-01-19,Plant B,Line 3,Product C,738,635,17,66,Quality Issue,Evening,5.9,68598.64
2025-01-19,Plant D,Line 3,Product C,835,749,21,38,Machine Failure,Morning,3.2,76534.31
2025-01-19,Plant B,Line 3,Product D,1341,1132,49,74,Material Shortage,Morning,5.5,77273.13
2025-01-19,Plant A,Line 1,Product C,721,674,16,79,Machine Failure,Evening,1.6,60211.67
2025-01-19,Plant C,Line 1,Product D,1245,1159,50,139,Changeover,Evening,0.6,67081.31
2025-01-19,Plant A,Line 3,Product C,805,690,15,66,Material Shortage,Night,5.5,67792.0
2025-01-19,Plant D,Line 1,Product C,767,617,19,62,Material Shortage,Evening,3.9,66394.04
2025-01-20,Plant C,Line 4,Product A,821,796,7,30,Machine Failure,Morning,3.8,58361.44
2025-01-20,Plant C,Line 2,Product C,688,626,10,74,Machine Failure,Morning,3.2,56674.22
2025-01-20,Plant B,Line 2,Product B,1079,943,44,72,Material Shortage,Night,2.0,67335.65
2025-01-20,Plant A,Line 3,Product D,1398,1241,59,98,Material Shortage,Morning,6.8,80582.79
2025-01-20,Plant D,Line 2,Product A,884,726,32,69,Changeover,Night,5.6,66127.22
2025-01-20,Plant C,Line 2,Product C,717,706,15,59,Machine Failure,Night,0.0,60315.97
2025-01-20,Plant A,Line 1,Product E,972,857,17,11,Power Failure,Night,4.7,70458.89
2025-01-20,Plant C,Line 2,Product D,1167,1101,35,47,Quality Issue,Morning,4.2,65548.65
2025-01-20,Plant B,Line 4,Product D,1220,1091,51,52,Power Failure,Evening,7.7,73891.45
2025-01-21,Plant A,Line 4,Product D,1058,992,31,15,Power Failure,Morning,2.5,56020.59
2025-01-21,Plant B,Line 3,Product D,1403,1251,60,21,Machine Failure,Night,5.0,82793.36
2025-01-21,Plant B,Line 1,Product D,1234,1112,42,39,Material Shortage,Morning,5.3,73501.37
2025-01-21,Plant A,Line 2,Product E,1016,943,37,49,Changeover,Morning,2.0,73941.67
2025-01-21,Plant A,Line 4,Product E,925,855,23,45,Power Failure,Morning,5.3,71953.97
2025-01-21,Plant A,Line 4,Product A,813,778,13,18,Planned Maintenance,Night,2.7,58980.27
2025-01-21,Plant C,Line 4,Product C,564,502,6,22,Planned Maintenance,Morning,3.1,45432.98
2025-01-21,Plant A,Line 3,Product C,852,785,21,74,Material Shortage,Night,2.1,73138.61
2025-01-21,Plant B,Line 3,Product B,1083,911,47,129,Quality Issue,Night,1.8,68087.44
2025-01-21,Plant D,Line 4,Product B,981,792,37,128,Power Failure,Evening,3.9,63549.91
2025-01-21,Plant C,Line 2,Product E,914,857,23,69,Changeover,Evening,3.7,68445.3
2025-01-22,Plant C,Line 4,Product D,1040,1000,30,22,Machine Failure,Evening,1.8,59946.99
2025-01-22,Plant C,Line 2,Product E,966,869,35,81,Planned Maintenance,Evening,5.9,69456.09
2025-01-22,Plant D,Line 1,Product D,1254,1032,54,62,Changeover,Morning,6.8,73738.59
2025-01-22,Plant C,Line 3,Product A,946,891,21,21,Machine Failure,Night,0.9,62899.62
2025-01-22,Plant C,Line 2,Product A,880,808,18,54,Changeover,Morning,3.7,58908.35
2025-01-22,Plant B,Line 1,Product B,1078,940,47,107,Material Shortage,Night,8.7,74524.03
2025-01-22,Plant B,Line 3,Product A,930,845,39,69,Machine Failure,Morning,5.5,72468.73
2025-01-22,Plant A,Line 1,Product B,1134,1038,43,69,Changeover,Morning,2.2,70429.37
2025-01-22,Plant A,Line 1,Product A,875,805,34,72,Changeover,Evening,4.6,61184.43
2025-01-22,Plant C,Line 1,Product D,1288,1284,52,23,Machine Failure,Night,2.8,75777.43
2025-01-22,Plant A,Line 4,Product B,967,904,42,59,Machine Failure,Morning,2.0,62012.08
2025-01-22,Plant B,Line 3,Product C,764,668,30,25,Material Shortage,Night,3.5,64293.05
2025-01-22,Plant C,Line 4,Product C,621,513,9,47,Power Failure,Evening,4.0,48863.02
2025-01-22,Plant B,Line 4,Product E,842,738,41,90,Machine Failure,Evening,3.9,64483.12
2025-01-22,Plant D,Line 2,Product E,998,903,43,22,Machine Failure,Night,0.8,80377.27
2025-01-23,Plant A,Line 1,Product B,1057,918,26,17,Machine Failure,Morning,2.9,64776.83
2025-01-23,Plant A,Line 1,Product A,852,721,22,145,Planned Maintenance,Morning,3.9,57370.81
2025-01-23,Plant A,Line 3,Product A,931,887,34,42,Machine Failure,Morning,4.8,67810.15
2025-01-23,Plant B,Line 3,Product C,819,712,32,101,Material Shortage,Evening,6.1,74760.25
2025-01-23,Plant C,Line 3,Product B,1159,1067,22,72,Power Failure,Morning,2.5,69506.4
2025-01-23,Plant D,Line 3,Product E,1128,1023,42,28,Material Shortage,Morning,4.4,88048.16
2025-01-23,Plant A,Line 4,Product D,1112,1012,54,118,Changeover,Evening,3.8,65084.06
2025-01-23,Plant C,Line 1,Product D,1243,1162,38,32,Changeover,Morning,4.7,70071.24
2025-01-24,Plant B,Line 4,Product D,1080,928,48,56,Machine Failure,Morning,5.1,64394.3
2025-01-24,Plant D,Line 2,Product B,985,819,43,139,Quality Issue,Evening,6.7,67403.19
2025-01-25,Plant B,Line 1,Product D,1266,1081,59,101,Planned Maintenance,Evening,6.4,73569.14
2025-01-25,Plant C,Line 4,Product E,915,876,37,92,Machine Failure,Evening,3.0,71314.78
2025-01-25,Plant D,Line 4,Product C,673,545,22,82,Changeover,Morning,6.0,58242.91
2025-01-25,Plant A,Line 2,Product E,916,815,26,52,Machine Failure,Morning,4.2,66397.21
2025-01-25,Plant B,Line 4,Product C,666,604,18,36,Quality Issue,Night,4.4,59536.69
2025-01-25,Plant D,Line 4,Product B,995,790,38,49,Material Shortage,Morning,8.0,64903.89
2025-01-25,Plant B,Line 3,Product E,1069,921,33,69,Quality Issue,Evening,2.9,78806.66
2025-01-25,Plant A,Line 4,Product E,818,732,26,80,Material Shortage,Evening,6.1,63141.87
2025-01-25,Plant D,Line 4,Product A,803,672,32,121,Material Shortage,Evening,7.4,62624.95
2025-01-25,Plant A,Line 4,Product C,671,669,9,24,Planned Maintenance,Night,2.1,57839.03
2025-01-25,Plant D,Line 1,Product B,1110,926,61,189,Power Failure,Morning,3.8,76797.7
2025-01-25,Plant C,Line 4,Product A,805,774,12,23,Machine Failure,Evening,0.2,55518.82
2025-01-25,Plant B,Line 1,Product D,1222,1114,54,80,Power Failure,Evening,4.4,73419.87
2025-01-25,Plant C,Line 1,Product C,684,613,13,24,Material Shortage,Evening,3.7,54764.7
2025-01-25,Plant C,Line 4,Product C,638,545,13,20,Material Shortage,Evening,3.6,49611.7
2025-01-26,Plant B,Line 4,Product D,1087,967,42,69,Quality Issue,Evening,5.7,67369.69
2025-01-26,Plant A,Line 1,Product A,856,782,22,14,Planned Maintenance,Night,4.0,61467.88
2025-01-26,Plant C,Line 2,Product E,952,944,18,19,Machine Failure,Evening,0.0,68828.04
2025-01-26,Plant D,Line 4,Product A,775,680,28,28,Quality Issue,Evening,7.2,61381.88
2025-01-26,Plant C,Line 3,Product B,1214,1156,29,40,Planned Maintenance,Night,4.5,79411.89
2025-01-26,Plant B,Line 3,Product B,1157,1009,48,80,Quality Issue,Night,7.4,79226.42
2025-01-26,Plant C,Line 4,Product E,901,873,26,48,Quality Issue,Evening,4.0,66981.84
2025-01-26,Plant C,Line 4,Product C,662,588,13,22,Power Failure,Evening,3.9,49761.23
2025-01-27,Plant C,Line 2,Product A,780,700,20,107,Quality Issue,Morning,6.7,55522.96
2025-01-27,Plant D,Line 1,Product B,1118,950,52,71,Material Shortage,Evening,1.7,70889.43
2025-01-27,Plant A,Line 2,Product C,771,742,13,54,Planned Maintenance,Morning,3.1,69044.82
2025-01-27,Plant A,Line 1,Product C,688,645,24,46,Machine Failure,Night,3.4,60252.45
2025-01-27,Plant A,Line 1,Product B,1020,962,36,55,Planned Maintenance,Night,2.4,66877.85
2025-01-27,Plant A,Line 4,Product B,957,867,32,117,Power Failure,Evening,1.7,58357.16
2025-01-27,Plant C,Line 1,Product D,1219,1126,47,97,Planned Maintenance,Morning,0.7,65516.84
2025-01-28,Plant B,Line 3,Product C,768,724,25,12,Changeover,Evening,1.9,71396.49
2025-01-28,Plant C,Line 3,Product B,1157,1125,37,46,Material Shortage,Evening,4.4,75209.95
2025-01-28,Plant A,Line 1,Product D,1350,1251,67,101,Machine Failure,Night,2.4,75217.47
2025-01-28,Plant A,Line 4,Product C,648,546,17,43,Material Shortage,Morning,5.6,55238.19
2025-01-28,Plant B,Line 1,Product E,1048,1010,38,44,Quality Issue,Night,5.0,84761.32
2025-01-28,Plant C,Line 2,Product A,891,808,19,42,Material Shortage,Morning,8.4,65651.55
2025-01-28,Plant B,Line 3,Product C,823,669,28,138,Power Failure,Night,7.3,73542.98
2025-01-28,Plant A,Line 1,Product A,899,850,26,34,Changeover,Evening,1.5,62924.63
2025-01-28,Plant B,Line 2,Product A,887,827,36,95,Machine Failure,Evening,2.5,69003.38
2025-01-29,Plant D,Line 2,Product D,1203,931,53,162,Power Failure,Morning,6.2,66228.27
2025-01-29,Plant B,Line 2,Product C,772,634,14,75,Power Failure,Morning,7.9,65844.51
2025-01-29,Plant A,Line 2,Product E,916,890,24,17,Material Shortage,Morning,1.5,68833.43
2025-01-29,Plant B,Line 3,Product B,1219,1090,45,36,Material Shortage,Evening,6.9,81880.55
2025-01-29,Plant A,Line 3,Product B,1165,1110,41,72,Quality Issue,Night,4.2,78242.94
2025-01-29,Plant A,Line 2,Product D,1135,1065,44,28,Power Failure,Morning,2.9,64334.44
2025-01-29,Plant A,Line 2,Product A,948,919,27,55,Planned Maintenance,Morning,1.1,67168.9
2025-01-29,Plant D,Line 3,Product B,1124,945,37,53,Planned Maintenance,Night,4.0,71994.84
2025-01-29,Plant C,Line 4,Product A,840,751,15,46,Changeover,Evening,4.3,56733.15
2025-01-29,Plant C,Line 1,Product A,950,895,19,40,Changeover,Morning,0.4,62198.23
2025-01-29,Plant A,Line 1,Product B,1163,1153,41,37,Power Failure,Morning,0.0,74780.57
2025-01-30,Plant B,Line 4,Product D,1052,980,39,19,Machine Failure,Night,1.9,64991.08
2025-01-30,Plant B,Line 4,Product B,963,846,34,39,Planned Maintenance,Morning,7.8,61848.62
2025-01-30,Plant B,Line 3,Product C,773,644,16,18,Power Failure,Night,3.4,64372.11
2025-01-30,Plant D,Line 2,Product B,1007,874,48,115,Planned Maintenance,Evening,3.9,68314.95
2025-01-30,Plant D,Line 1,Product A,883,801,37,23,Changeover,Night,5.1,71347.07
2025-01-30,Plant A,Line 4,Product A,822,753,16,50,Material Shortage,Morning,5.9,58685.44
2025-01-30,Plant D,Line 4,Product B,905,786,43,66,Power Failure,Morning,4.5,60496.11
2025-01-31,Plant D,Line 1,Product C,727,609,20,18,Material Shortage,Evening,2.7,62731.33
2025-01-31,Plant C,Line 3,Product B,1061,971,29,91,Machine Failure,Evening,3.2,63956.89
2025-01-31,Plant B,Line 4,Product C,585,462,23,63,Planned Maintenance,Night,4.4,48146.81
2025-01-31,Plant D,Line 2,Product E,827,737,40,65,Material Shortage,Morning,1.9,62769.42
2025-01-31,Plant B,Line 3,Product D,1321,1174,64,94,Planned Maintenance,Morning,5.5,81558.85
2025-01-31,Plant C,Line 3,Product E,1120,1066,34,20,Material Shortage,Evening,6.0,82173.87
2025-02-01,Plant C,Line 2,Product E,1003,1033,34,15,Planned Maintenance,Morning,3.6,80933.15
2025-02-01,Plant A,Line 1,Product E,948,874,22,59,Power Failure,Morning,4.3,71476.57
2025-02-01,Plant A,Line 1,Product E,1067,966,30,135,Machine Failure,Morning,6.3,80731.37
2025-02-01,Plant A,Line 4,Product B,1036,975,28,46,Machine Failure,Morning,2.8,65628.66
2025-02-02,Plant C,Line 4,Product E,921,952,22,33,Machine Failure,Night,2.3,74805.98
2025-02-02,Plant B,Line 2,Product C,756,666,27,30,Material Shortage,Morning,7.5,68815.99
2025-02-02,Plant C,Line 1,Product C,734,715,7,36,Changeover,Evening,3.3,64588.59
2025-02-02,Plant D,Line 2,Product B,1061,896,45,70,Machine Failure,Evening,4.6,69586.86
2025-02-02,Plant A,Line 4,Product D,1122,1069,35,22,Material Shortage,Evening,2.5,63175.59
2025-02-02,Plant C,Line 2,Product E,900,855,17,26,Machine Failure,Morning,1.0,67382.63
2025-02-03,Plant A,Line 1,Product C,679,663,19,30,Machine Failure,Night,4.0,64528.14
2025-02-03,Plant B,Line 1,Product D,1398,1254,62,50,Material Shortage,Morning,7.3,84849.59
2025-02-03,Plant C,Line 1,Product D,1280,1256,46,16,Material Shortage,Night,1.2,73674.89
2025-02-03,Plant A,Line 2,Product E,908,782,27,100,Material Shortage,Night,8.5,70700.16
2025-02-04,Plant A,Line 3,Product D,1326,1248,42,41,Machine Failure,Evening,4.2,76894.16
2025-02-04,Plant D,Line 1,Product A,964,792,41,143,Power Failure,Evening,6.3,70172.63
2025-02-04,Plant D,Line 2,Product E,931,735,37,81,Quality Issue,Night,3.2,65732.54
2025-02-04,Plant D,Line 3,Product B,1252,1087,44,95,Machine Failure,Night,7.1,86326.91
2025-02-04,Plant B,Line 1,Product E,940,822,34,90,Machine Failure,Night,3.2,70382.65
2025-02-04,Plant C,Line 3,Product A,964,887,27,62,Planned Maintenance,Morning,5.2,69392.46
2025-02-04,Plant D,Line 4,Product E,901,639,30,157,Power Failure,Night,7.3,65326.94
2025-02-04,Plant A,Line 2,Product D,1143,1069,45,40,Planned Maintenance,Morning,4.3,65172.77
2025-02-04,Plant A,Line 1,Product A,921,866,25,54,Material Shortage,Evening,3.0,68292.19
2025-02-04,Plant D,Line 4,Product D,1191,969,42,132,Quality Issue,Evening,6.1,70177.15
2025-02-04,Plant A,Line 3,Product D,1307,1227,66,83,Changeover,Evening,3.7,76112.79
2025-02-05,Plant B,Line 2,Product A,812,726,32,23,Changeover,Evening,5.4,60277.24
2025-02-05,Plant A,Line 2,Product D,1222,1177,53,25,Planned Maintenance,Morning,0.0,70784.67
2025-02-05,Plant C,Line 2,Product D,1220,1165,57,82,Machine Failure,Night,0.0,62871.95
2025-02-05,Plant D,Line 4,Product B,979,741,48,240,Machine Failure,Morning,6.3,61113.05
2025-02-05,Plant A,Line 1,Product D,1251,1183,56,55,Machine Failure,Evening,3.5,71665.79
2025-02-05,Plant C,Line 2,Product A,862,838,22,36,Material Shortage,Morning,3.4,60013.04
2025-02-06,Plant B,Line 1,Product A,875,764,27,37,Material Shortage,Morning,3.6,59832.29
2025-02-06,Plant B,Line 1,Product E,939,777,39,117,Quality Issue,Morning,3.2,66624.41
2025-02-06,Plant B,Line 3,Product A,960,879,26,11,Changeover,Evening,5.2,73965.86
2025-02-06,Plant B,Line 3,Product B,1173,1052,49,105,Changeover,Evening,8.2,83639.32
2025-02-06,Plant B,Line 3,Product C,833,707,30,152,Machine Failure,Night,1.5,70923.01
2025-02-06,Plant C,Line 1,Product D,1265,1219,39,56,Changeover,Morning,4.9,75556.89
2025-02-07,Plant C,Line 2,Product D,1200,1108,40,36,Changeover,Morning,4.4,64691.78
2025-02-07,Plant C,Line 4,Product B,921,854,27,48,Planned Maintenance,Morning,1.2,54589.58
2025-02-07,Plant B,Line 1,Product B,1093,966,47,105,Machine Failure,Morning,3.3,74305.07
2025-02-07,Plant D,Line 1,Product A,890,722,39,70,Planned Maintenance,Evening,4.7,61645.46
2025-02-07,Plant D,Line 3,Product E,1043,940,44,148,Material Shortage,Morning,3.8,87880.97
2025-02-07,Plant A,Line 4,Product A,803,770,19,23,Machine Failure,Evening,2.9,58070.95
2025-02-08,Plant C,Line 3,Product A,841,854,23,48,Planned Maintenance,Morning,1.1,58099.6
2025-02-08,Plant A,Line 1,Product B,1047,906,35,74,Material Shortage,Evening,5.9,64812.06
2025-02-08,Plant C,Line 2,Product A,847,819,24,68,Material Shortage,Evening,2.3,57998.8
2025-02-08,Plant A,Line 4,Product D,1093,1087,40,27,Planned Maintenance,Evening,1.8,66817.75
2025-02-08,Plant D,Line 1,Product E,1013,834,44,127,Material Shortage,Morning,4.5,74535.52
2025-02-08,Plant D,Line 3,Product A,951,773,36,70,Material Shortage,Evening,4.2,69937.28
2025-02-08,Plant A,Line 1,Product E,1014,858,27,130,Planned Maintenance,Night,8.0,75658.0
2025-02-08,Plant C,Line 1,Product B,1080,1005,27,32,Machine Failure,Morning,2.4,64015.55
2025-02-08,Plant C,Line 1,Product D,1264,1236,44,12,Machine Failure,Morning,2.3,71362.15
2025-02-08,Plant A,Line 3,Product E,1026,962,27,48,Material Shortage,Night,4.4,79549.25
2025-02-08,Plant C,Line 3,Product D,1283,1244,42,35,Machine Failure,Morning,0.9,68965.36
2025-02-08,Plant A,Line 4,Product B,991,962,37,43,Planned Maintenance,Night,2.2,65690.13
2025-02-08,Plant C,Line 2,Product A,772,770,14,26,Changeover,Evening,1.4,55731.94
2025-02-08,Plant B,Line 4,Product E,974,815,28,49,Power Failure,Morning,3.1,69599.81
2025-02-08,Plant D,Line 1,Product C,708,585,20,91,Planned Maintenance,Night,5.3,63218.33
2025-02-08,Plant A,Line 2,Product B,1048,984,39,43,Machine Failure,Night,4.7,67128.5
2025-02-08,Plant B,Line 3,Product A,876,698,36,126,Machine Failure,Night,3.0,60062.57
2025-02-08,Plant C,Line 4,Product B,873,814,28,55,Machine Failure,Morning,5.1,57556.94
2025-02-09,Plant D,Line 3,Product E,954,819,37,47,Planned Maintenance,Evening,6.5,76026.64
2025-02-09,Plant C,Line 3,Product C,783,684,19,100,Material Shortage,Evening,5.0,63931.26
2025-02-09,Plant C,Line 4,Product E,761,732,17,52,Quality Issue,Night,2.1,54766.82
2025-02-09,Plant C,Line 1,Product B,1047,1018,25,54,Material Shortage,Night,5.7,68679.45
2025-02-09,Plant D,Line 2,Product B,979,842,38,34,Machine Failure,Morning,7.7,67080.81
2025-02-09,Plant D,Line 4,Product B,954,822,23,40,Machine Failure,Evening,6.9,67691.28
2025-02-09,Plant A,Line 3,Product B,1099,1057,28,37,Machine Failure,Evening,2.8,72129.55
2025-02-09,Plant C,Line 2,Product D,1113,1066,32,22,Changeover,Morning,3.8,64647.9
2025-02-09,Plant D,Line 3,Product E,1038,862,42,82,Power Failure,Night,5.4,77108.96
2025-02-09,Plant A,Line 2,Product B,930,922,43,28,Material Shortage,Evening,4.6,63311.4
2025-02-10,Plant A,Line 1,Product B,994,905,29,20,Machine Failure,Night,4.8,61483.99
2025-02-10,Plant C,Line 4,Product E,931,934,23,47,Machine Failure,Morning,0.3,68343.04
2025-02-10,Plant C,Line 2,Product D,1164,1171,34,22,Machine Failure,Morning,2.0,67953.34
2025-02-10,Plant C,Line 3,Product E,1059,986,24,58,Machine Failure,Morning,2.9,75934.19
2025-02-10,Plant B,Line 4,Product A,773,681,23,80,Quality Issue,Morning,4.0,56138.48
2025-02-10,Plant A,Line 3,Product B,1142,1039,32,35,Material Shortage,Evening,7.3,74820.58
2025-02-10,Plant D,Line 2,Product C,703,625,22,60,Planned Maintenance,Night,4.2,63414.18
2025-02-10,Plant D,Line 2,Product E,888,687,40,167,Quality Issue,Evening,1.6,61756.87
2025-02-10,Plant C,Line 3,Product E,1049,988,32,33,Planned Maintenance,Evening,0.0,72666.13
2025-02-10,Plant A,Line 1,Product D,1174,1076,31,30,Material Shortage,Morning,5.9,68993.39
2025-02-10,Plant B,Line 4,Product D,1022,935,36,15,Quality Issue,Evening,7.3,64564.0
2025-02-11,Plant B,Line 3,Product E,1084,902,59,234,Planned Maintenance,Morning,7.5,85634.69
2025-02-11,Plant B,Line 3,Product A,884,828,42,65,Power Failure,Night,4.1,67280.73
2025-02-11,Plant B,Line 1,Product C,835,680,24,133,Machine Failure,Morning,4.3,67655.8
2025-02-11,Plant A,Line 4,Product D,1166,1085,45,49,Power Failure,Evening,3.8,69530.8
2025-02-11,Plant A,Line 2,Product E,954,866,29,49,Planned Maintenance,Night,6.0,69382.37
2025-02-11,Plant A,Line 2,Product A,861,772,17,32,Changeover,Night,4.6,58874.64
2025-02-11,Plant B,Line 4,Product D,1076,971,28,51,Machine Failure,Evening,6.0,67286.54
2025-02-11,Plant B,Line 1,Product D,1269,1139,65,37,Machine Failure,Evening,9.2,79109.9
2025-02-12,Plant C,Line 3,Product D,1364,1302,52,28,Planned Maintenance,Evening,1.3,73516.25
2025-02-12,Plant A,Line 2,Product D,1197,1070,45,117,Quality Issue,Morning,6.2,72421.87
2025-02-12,Plant D,Line 2,Product B,856,736,49,105,Power Failure,Night,7.3,60811.86
2025-02-12,Plant C,Line 3,Product A,990,974,26,76,Changeover,Evening,2.1,67741.42
2025-02-12,Plant B,Line 1,Product C,684,595,21,101,Power Failure,Evening,3.7,59862.21
2025-02-12,Plant D,Line 1,Product E,1097,991,35,35,Machine Failure,Night,7.4,89827.06
2025-02-12,Plant A,Line 2,Product D,1230,1168,50,16,Power Failure,Morning,3.7,72397.8
2025-02-12,Plant B,Line 2,Product E,1009,839,39,100,Changeover,Evening,6.9,74650.06
2025-02-12,Plant A,Line 1,Product C,764,663,12,80,Material Shortage,Morning,4.4,64813.61
2025-02-12,Plant A,Line 4,Product B,985,958,25,7,Changeover,Evening,2.2,62579.9
2025-02-12,Plant A,Line 1,Product C,847,809,22,34,Machine Failure,Morning,4.1,75142.22
2025-02-13,Plant B,Line 3,Product B,1196,1033,45,124,Changeover,Night,5.3,80326.33
2025-02-13,Plant A,Line 3,Product A,1080,1049,37,11,Changeover,Morning,1.9,78185.69
2025-02-13,Plant B,Line 2,Product D,1232,1139,53,82,Power Failure,Morning,3.0,75972.2
2025-02-13,Plant A,Line 2,Product A,825,714,22,109,Quality Issue,Morning,6.0,60574.8
2025-02-13,Plant C,Line 2,Product B,1041,1016,35,34,Planned Maintenance,Evening,3.6,65378.38
2025-02-13,Plant A,Line 2,Product E,962,909,29,91,Changeover,Evening,2.1,70836.57
2025-02-13,Plant C,Line 4,Product E,794,775,20,15,Planned Maintenance,Night,1.1,56928.76
2025-02-13,Plant A,Line 1,Product B,1085,1008,35,62,Planned Maintenance,Evening,4.7,69522.05
2025-02-13,Plant A,Line 1,Product A,937,825,12,19,Planned Maintenance,Evening,2.3,62730.24
2025-02-14,Plant B,Line 3,Product C,797,621,22,114,Machine Failure,Morning,2.6,63083.37
2025-02-14,Plant C,Line 2,Product A,818,738,13,76,Quality Issue,Night,3.1,55886.17
2025-02-14,Plant A,Line 1,Product C,680,575,17,27,Material Shortage,Night,3.3,53348.54
2025-02-14,Plant B,Line 3,Product A,819,713,33,37,Power Failure,Morning,2.4,57572.32
2025-02-14,Plant B,Line 4,Product D,1073,902,55,139,Planned Maintenance,Morning,6.8,65931.44
2025-02-14,Plant C,Line 3,Product A,924,905,20,19,Power Failure,Night,2.5,65637.91
2025-02-15,Plant A,Line 4,Product E,849,814,39,36,Planned Maintenance,Evening,4.4,66650.59
2025-02-15,Plant B,Line 3,Product E,1040,916,40,58,Quality Issue,Morning,6.2,79585.94
2025-02-15,Plant C,Line 2,Product E,995,959,37,84,Machine Failure,Evening,1.9,73677.75
2025-02-15,Plant A,Line 4,Product C,722,703,11,6,Planned Maintenance,Night,4.1,63789.59
2025-02-15,Plant D,Line 3,Product D,1424,1237,51,67,Machine Failure,Evening,5.4,84302.54
2025-02-15,Plant D,Line 3,Product A,946,758,27,57,Quality Issue,Morning,5.7,68003.52
2025-02-16,Plant B,Line 3,Product C,870,795,23,66,Material Shortage,Evening,3.4,76258.82
2025-02-16,Plant A,Line 4,Product E,964,899,33,94,Machine Failure,Night,2.4,72983.7
2025-02-16,Plant A,Line 4,Product E,1027,955,39,64,Changeover,Morning,3.2,78360.83
2025-02-16,Plant D,Line 3,Product B,1193,1015,43,63,Power Failure,Morning,2.2,77833.03
2025-02-16,Plant B,Line 3,Product B,1188,1014,56,183,Changeover,Morning,4.3,77086.46
2025-02-16,Plant A,Line 2,Product D,1185,1092,41,51,Changeover,Evening,2.8,66539.48
2025-02-16,Plant D,Line 2,Product A,825,687,29,80,Planned Maintenance,Morning,6.2,60892.34
2025-02-16,Plant A,Line 4,Product A,693,603,17,25,Planned Maintenance,Morning,7.1,52419.89
2025-02-16,Plant A,Line 2,Product C,577,543,4,30,Material Shortage,Morning,3.3,53188.78
2025-02-16,Plant B,Line 3,Product C,859,738,20,101,Material Shortage,Morning,3.4,76212.26
2025-02-16,Plant D,Line 2,Product A,846,771,39,88,Quality Issue,Evening,3.7,67760.1
2025-02-16,Plant A,Line 3,Product E,1092,1049,43,37,Planned Maintenance,Morning,2.5,81889.75
2025-02-17,Plant A,Line 2,Product E,1057,1053,30,9,Machine Failure,Evening,1.7,80096.34
2025-02-17,Plant C,Line 4,Product B,1054,1016,23,14,Machine Failure,Evening,2.5,64087.87
2025-02-17,Plant A,Line 1,Product B,1094,1005,44,86,Changeover,Morning,4.4,69836.58
2025-02-17,Plant C,Line 4,Product B,1014,939,34,28,Planned Maintenance,Evening,5.3,66739.96
2025-02-17,Plant D,Line 4,Product B,1008,804,53,189,Material Shortage,Evening,6.7,67278.69
2025-02-17,Plant C,Line 2,Product B,1022,992,43,83,Planned Maintenance,Night,2.7,67145.19
2025-02-17,Plant A,Line 3,Product D,1388,1299,45,43,Machine Failure,Evening,4.5,77633.97
2025-02-17,Plant D,Line 4,Product E,946,757,54,222,Power Failure,Morning,7.2,73641.85
2025-02-18,Plant A,Line 2,Product E,891,847,31,103,Quality Issue,Morning,2.1,68395.07
2025-02-18,Plant B,Line 4,Product D,1110,957,49,179,Machine Failure,Evening,7.1,68759.04
2025-02-18,Plant D,Line 2,Product D,1122,994,55,58,Machine Failure,Night,4.2,65807.14
2025-02-18,Plant B,Line 4,Product C,717,515,20,133,Changeover,Morning,5.7,53956.37
2025-02-18,Plant B,Line 4,Product E,919,716,34,158,Power Failure,Night,4.4,61845.03
2025-02-18,Plant A,Line 4,Product D,1061,1015,32,32,Changeover,Evening,0.0,57124.24
2025-02-18,Plant D,Line 2,Product C,702,560,25,105,Machine Failure,Evening,8.4,63025.43
2025-02-18,Plant B,Line 3,Product A,990,916,46,140,Machine Failure,Morning,3.2,76098.55
2025-02-18,Plant B,Line 1,Product C,773,737,29,116,Material Shortage,Evening,3.0,72481.91
2025-02-18,Plant B,Line 3,Product B,1216,1083,52,66,Machine Failure,Morning,4.9,81554.07
2025-02-19,Plant A,Line 3,Product B,1245,1143,45,57,Changeover,Morning,6.5,80462.38
2025-02-19,Plant B,Line 1,Product B,1026,914,42,60,Machine Failure,Morning,7.8,72130.31
2025-02-19,Plant B,Line 4,Product D,1227,1141,60,34,Planned Maintenance,Evening,2.2,73629.31
2025-02-19,Plant C,Line 1,Product E,968,909,18,23,Quality Issue,Morning,1.8,66889.24
2025-02-19,Plant D,Line 3,Product C,833,649,29,121,Changeover,Evening,6.4,70953.36
2025-02-19,Plant D,Line 4,Product D,1155,1020,59,166,Power Failure,Morning,2.6,72566.47
2025-02-19,Plant B,Line 2,Product D,1162,1139,35,8,Planned Maintenance,Night,3.9,75050.46
2025-02-19,Plant A,Line 4,Product D,1204,1125,38,34,Planned Maintenance,Morning,1.8,70356.68
2025-02-19,Plant B,Line 2,Product C,766,635,26,82,Quality Issue,Morning,5.6,66181.71
2025-02-20,Plant B,Line 1,Product B,994,868,35,14,Material Shortage,Morning,4.7,64324.14
2025-02-20,Plant B,Line 4,Product D,1233,1098,56,73,Machine Failure,Evening,8.2,74525.36
2025-02-20,Plant B,Line 2,Product C,757,663,21,22,Machine Failure,Morning,3.1,63263.89
2025-02-20,Plant C,Line 4,Product A,834,823,19,61,Planned Maintenance,Morning,5.4,61444.22
2025-02-20,Plant B,Line 1,Product B,1004,904,37,44,Material Shortage,Morning,8.1,71100.78
2025-02-20,Plant C,Line 1,Product C,800,802,17,24,Quality Issue,Evening,3.3,69590.04
2025-02-21,Plant B,Line 2,Product C,663,576,17,38,Planned Maintenance,Morning,4.7,58006.16
2025-02-21,Plant B,Line 3,Product A,918,782,32,66,Machine Failure,Night,1.3,63394.61
2025-02-21,Plant C,Line 4,Product C,534,406,9,128,Machine Failure,Night,4.7,39289.19
2025-02-22,Plant C,Line 3,Product C,824,777,16,33,Planned Maintenance,Night,5.3,72714.74
2025-02-22,Plant A,Line 4,Product E,816,782,23,35,Machine Failure,Evening,0.2,60702.54
2025-02-22,Plant D,Line 3,Product E,1054,924,47,93,Quality Issue,Morning,5.1,82486.45
2025-02-22,Plant A,Line 2,Product A,826,792,30,63,Machine Failure,Night,5.1,61978.77
2025-02-22,Plant B,Line 4,Product E,883,753,31,16,Power Failure,Night,4.2,64607.28
2025-02-22,Plant B,Line 4,Product E,831,715,37,191,Planned Maintenance,Evening,5.0,66424.08
2025-02-22,Plant C,Line 4,Product A,807,774,26,50,Material Shortage,Morning,0.4,54009.94
2025-02-22,Plant D,Line 4,Product C,692,611,17,46,Changeover,Morning,7.0,66643.13
2025-02-22,Plant A,Line 4,Product A,770,816,26,33,Material Shortage,Morning,4.0,63053.45
2025-02-22,Plant D,Line 3,Product C,822,669,20,37,Machine Failure,Night,5.7,69798.73
2025-02-22,Plant B,Line 2,Product D,1176,1069,51,57,Quality Issue,Morning,3.0,70628.41
2025-02-23,Plant C,Line 3,Product B,1130,1019,30,46,Quality Issue,Evening,4.0,68312.13
2025-02-23,Plant A,Line 3,Product C,782,681,9,35,Quality Issue,Morning,5.3,64762.27
2025-02-23,Plant B,Line 4,Product D,1135,998,52,87,Machine Failure,Morning,6.5,67919.29
2025-02-23,Plant A,Line 3,Product C,677,652,10,46,Power Failure,Evening,0.9,58341.57
2025-02-23,Plant A,Line 2,Product E,912,853,24,21,Material Shortage,Morning,3.6,67420.46
2025-02-23,Plant D,Line 1,Product A,893,752,36,186,Machine Failure,Morning,4.1,64477.53
2025-02-23,Plant B,Line 2,Product A,836,786,29,103,Material Shortage,Evening,3.5,65446.04
2025-02-23,Plant B,Line 3,Product B,1186,1097,46,20,Quality Issue,Night,4.8,81278.12
2025-02-23,Plant B,Line 4,Product C,694,677,16,22,Material Shortage,Morning,0.0,62675.24
2025-02-23,Plant B,Line 1,Product C,825,682,24,111,Material Shortage,Night,3.7,71828.02
2025-02-23,Plant A,Line 2,Product E,933,856,33,89,Changeover,Morning,6.7,72714.43
2025-02-24,Plant D,Line 1,Product B,1082,963,43,50,Machine Failure,Morning,2.8,71888.35
2025-02-24,Plant A,Line 3,Product B,1165,1039,39,26,Planned Maintenance,Evening,7.6,73325.64
2025-02-24,Plant A,Line 3,Product B,1160,1041,31,32,Quality Issue,Night,5.3,73684.45
2025-02-24,Plant A,Line 2,Product C,636,571,13,47,Material Shortage,Evening,3.3,53642.14
2025-02-24,Plant B,Line 3,Product A,962,805,38,131,Planned Maintenance,Evening,6.0,66853.59
2025-02-24,Plant C,Line 1,Product C,754,693,13,58,Material Shortage,Evening,1.5,61032.62
2025-02-25,Plant A,Line 2,Product B,947,810,31,93,Quality Issue,Evening,6.9,58891.53
2025-02-25,Plant B,Line 1,Product E,1046,940,34,72,Power Failure,Night,4.5,80092.0
2025-02-25,Plant A,Line 2,Product E,849,801,23,107,Planned Maintenance,Morning,2.2,63945.34
2025-02-25,Plant D,Line 2,Product E,1002,829,31,74,Material Shortage,Night,2.0,70733.94
2025-02-25,Plant D,Line 3,Product B,1177,1025,43,89,Machine Failure,Evening,3.8,77210.28
2025-02-25,Plant A,Line 2,Product E,937,873,24,70,Machine Failure,Morning,2.7,71027.19
2025-02-25,Plant C,Line 2,Product E,851,819,30,45,Planned Maintenance,Evening,2.2,65016.86
2025-02-25,Plant B,Line 2,Product E,943,791,34,110,Planned Maintenance,Morning,3.8,70256.15
2025-02-26,Plant B,Line 3,Product A,941,831,34,62,Quality Issue,Evening,2.4,66191.23
2025-02-26,Plant D,Line 2,Product C,845,723,31,76,Material Shortage,Evening,5.0,77813.19
2025-02-26,Plant A,Line 4,Product A,840,749,28,42,Machine Failure,Night,4.8,60465.18
2025-02-26,Plant B,Line 2,Product B,1125,975,32,80,Quality Issue,Evening,3.7,73197.2
2025-02-27,Plant D,Line 4,Product C,672,554,17,30,Quality Issue,Morning,5.4,59677.4
2025-02-27,Plant B,Line 4,Product E,844,710,37,80,Power Failure,Evening,3.6,61979.85
2025-02-27,Plant A,Line 3,Product A,993,922,26,40,Material Shortage,Morning,2.1,66715.51
2025-02-27,Plant C,Line 2,Product B,1071,1031,22,40,Power Failure,Morning,2.8,67657.71
2025-02-27,Plant B,Line 2,Product B,1054,970,41,50,Changeover,Evening,0.6,69274.09
2025-02-27,Plant A,Line 4,Product D,1038,1052,44,5,Quality Issue,Evening,4.9,65273.26
2025-02-27,Plant C,Line 2,Product D,1159,1125,48,90,Planned Maintenance,Morning,2.1,65821.34
2025-02-27,Plant C,Line 1,Product E,944,916,12,20,Changeover,Morning,3.2,71141.71
2025-02-27,Plant A,Line 2,Product B,1088,1017,33,51,Material Shortage,Morning,2.5,68642.07
2025-02-27,Plant B,Line 3,Product A,994,845,37,160,Changeover,Evening,1.4,68841.77
2025-02-27,Plant C,Line 4,Product C,687,696,8,24,Machine Failure,Morning,4.0,63465.07
2025-02-28,Plant D,Line 4,Product A,771,676,25,33,Power Failure,Evening,4.4,57234.16
2025-02-28,Plant D,Line 2,Product D,1258,1015,62,130,Power Failure,Evening,5.6,72910.86
2025-02-28,Plant C,Line 4,Product C,689,660,14,28,Planned Maintenance,Evening,5.7,61985.2
2025-02-28,Plant A,Line 3,Product C,723,680,15,38,Material Shortage,Night,0.0,60893.18
2025-02-28,Plant D,Line 1,Product D,1293,1174,73,50,Machine Failure,Evening,5.5,80788.37
2025-02-28,Plant C,Line 3,Product D,1311,1242,46,60,Quality Issue,Morning,1.8,70192.54
2025-02-28,Plant C,Line 1,Product C,718,681,22,42,Quality Issue,Evening,0.8,59341.18
2025-02-28,Plant D,Line 3,Product B,1079,919,50,104,Planned Maintenance,Night,5.9,72494.94
2025-02-28,Plant B,Line 1,Product E,1023,891,33,68,Machine Failure,Night,4.6,76747.71
2025-02-28,Plant A,Line 1,Product E,955,920,28,43,Machine Failure,Morning,1.8,71677.89
2025-02-28,Plant A,Line 4,Product C,579,448,14,88,Power Failure,Evening,3.9,44426.7
2025-02-28,Plant B,Line 2,Product D,1148,1029,65,149,Quality Issue,Night,3.9,71115.89
2025-02-28,Plant B,Line 2,Product E,994,905,42,9,Planned Maintenance,Night,5.8,76672.72
2025-02-28,Plant B,Line 3,Product B,1230,1077,61,123,Power Failure,Night,6.5,83106.21
2025-03-01,Plant B,Line 4,Product D,1212,1111,56,64,Quality Issue,Morning,6.3,74309.49
2025-03-01,Plant A,Line 4,Product B,900,851,28,84,Power Failure,Evening,0.0,59221.13
2025-03-01,Plant B,Line 4,Product D,1059,992,38,22,Power Failure,Morning,2.7,64830.92
2025-03-01,Plant C,Line 4,Product B,985,987,32,24,Machine Failure,Morning,4.0,65168.9
2025-03-01,Plant D,Line 3,Product C,772,627,34,149,Planned Maintenance,Evening,4.4,71021.11
2025-03-01,Plant C,Line 1,Product D,1284,1188,38,57,Planned Maintenance,Morning,0.1,65851.14
2025-03-01,Plant C,Line 3,Product B,1249,1229,39,10,Machine Failure,Evening,2.5,78842.92
2025-03-02,Plant A,Line 3,Product D,1292,1225,47,35,Power Failure,Morning,3.3,74608.67
2025-03-02,Plant C,Line 1,Product C,798,744,19,85,Quality Issue,Evening,4.2,66664.9
2025-03-02,Plant A,Line 3,Product E,1007,893,33,108,Material Shortage,Night,2.3,70018.77
2025-03-02,Plant A,Line 2,Product C,749,709,8,28,Changeover,Morning,0.8,66005.66
2025-03-02,Plant B,Line 4,Product D,1161,1097,63,158,Quality Issue,Morning,3.4,71790.4
2025-03-02,Plant A,Line 4,Product E,903,838,31,73,Machine Failure,Night,2.3,65606.07
2025-03-03,Plant C,Line 1,Product E,1063,1022,28,20,Machine Failure,Night,0.4,78294.28
2025-03-03,Plant A,Line 3,Product E,1129,1034,19,28,Changeover,Night,7.5,86475.34
2025-03-03,Plant C,Line 4,Product A,780,774,7,52,Material Shortage,Evening,1.6,54837.44
2025-03-03,Plant D,Line 3,Product B,1112,924,38,60,Quality Issue,Morning,1.2,66819.32
2025-03-03,Plant D,Line 1,Product A,850,691,34,59,Machine Failure,Evening,3.6,58590.64
2025-03-03,Plant B,Line 2,Product D,1179,976,47,80,Planned Maintenance,Evening,5.5,64221.95
2025-03-04,Plant A,Line 3,Product A,885,821,28,45,Material Shortage,Evening,4.0,64919.2
2025-03-04,Plant D,Line 3,Product C,772,659,17,86,Planned Maintenance,Morning,4.4,70536.19
2025-03-04,Plant D,Line 2,Product D,1203,990,58,121,Machine Failure,Morning,7.1,71578.71
2025-03-04,Plant D,Line 1,Product A,860,711,33,76,Changeover,Morning,8.2,64399.62
2025-03-04,Plant A,Line 1,Product C,652,670,20,41,Material Shortage,Morning,0.8,60791.4
2025-03-04,Plant C,Line 1,Product A,877,785,23,74,Changeover,Morning,2.1,57733.88
2025-03-04,Plant A,Line 4,Product C,614,595,15,22,Material Shortage,Morning,2.5,54152.79
2025-03-04,Plant A,Line 1,Product C,725,667,16,35,Power Failure,Morning,1.6,60960.77
2025-03-04,Plant C,Line 2,Product C,858,824,27,118,Material Shortage,Night,0.3,70946.03
2025-03-04,Plant A,Line 2,Product D,1189,1087,43,79,Material Shortage,Evening,6.0,69610.81
2025-03-05,Plant B,Line 1,Product C,727,618,24,60,Material Shortage,Evening,7.9,65372.52
2025-03-05,Plant A,Line 3,Product A,991,954,23,73,Machine Failure,Evening,5.5,73543.41
2025-03-05,Plant C,Line 4,Product D,1087,980,36,80,Changeover,Morning,4.5,62762.56
2025-03-05,Plant C,Line 2,Product D,1155,1151,45,30,Planned Maintenance,Evening,3.9,66234.37
2025-03-05,Plant B,Line 4,Product D,1213,1112,57,66,Power Failure,Night,7.1,75440.83
2025-03-05,Plant C,Line 2,Product C,780,749,22,40,Machine Failure,Morning,4.4,64428.78
2025-03-06,Plant D,Line 2,Product C,699,563,21,23,Changeover,Morning,7.7,61678.35
2025-03-06,Plant D,Line 2,Product A,841,629,39,207,Material Shortage,Night,5.5,61602.69
2025-03-06,Plant D,Line 4,Product D,1100,1024,54,25,Planned Maintenance,Night,3.2,70708.5
2025-03-06,Plant A,Line 3,Product D,1333,1345,42,23,Quality Issue,Night,0.7,78672.34
2025-03-06,Plant C,Line 4,Product D,1144,1086,34,15,Planned Maintenance,Evening,1.0,64181.9
2025-03-06,Plant D,Line 1,Product A,818,755,23,87,Planned Maintenance,Evening,2.4,64212.36
2025-03-06,Plant B,Line 2,Product B,1005,930,46,68,Material Shortage,Morning,0.9,69743.93
2025-03-06,Plant D,Line 3,Product A,963,757,39,132,Machine Failure,Morning,1.5,61648.67
2025-03-06,Plant B,Line 1,Product E,1044,946,32,31,Machine Failure,Morning,3.0,77955.33
2025-03-06,Plant C,Line 4,Product C,595,584,10,7,Machine Failure,Night,1.3,47445.65
2025-03-06,Plant A,Line 4,Product D,1072,989,49,96,Changeover,Morning,1.5,61603.95
2025-03-06,Plant A,Line 3,Product E,1054,938,27,48,Planned Maintenance,Night,2.5,74098.55
2025-03-07,Plant C,Line 1,Product D,1193,1195,34,27,Material Shortage,Night,2.2,69093.09
2025-03-07,Plant A,Line 1,Product D,1213,1174,48,31,Machine Failure,Evening,2.8,68448.54
2025-03-07,Plant D,Line 4,Product E,975,843,34,52,Machine Failure,Evening,7.9,81567.23
2025-03-07,Plant D,Line 2,Product D,1299,1133,58,84,Quality Issue,Night,7.9,78964.94
2025-03-07,Plant D,Line 2,Product A,843,696,29,105,Power Failure,Evening,7.4,63209.61
2025-03-07,Plant A,Line 2,Product E,1001,941,38,106,Quality Issue,Morning,3.1,76336.85
2025-03-07,Plant A,Line 4,Product A,797,726,22,56,Material Shortage,Evening,4.7,55533.28
2025-03-07,Plant B,Line 3,Product D,1355,1184,78,121,Planned Maintenance,Night,3.2,77041.42
2025-03-08,Plant A,Line 1,Product E,950,878,28,122,Planned Maintenance,Morning,5.0,72783.86
2025-03-08,Plant A,Line 2,Product E,1065,995,22,59,Quality Issue,Morning,0.6,77689.09
2025-03-08,Plant B,Line 1,Product D,1247,1075,58,86,Material Shortage,Night,4.5,72457.87
2025-03-08,Plant D,Line 2,Product C,683,558,19,102,Planned Maintenance,Evening,5.3,61503.93
2025-03-08,Plant A,Line 3,Product E,1038,986,34,43,Material Shortage,Evening,0.0,76306.11
2025-03-09,Plant D,Line 1,Product B,1079,945,34,13,Material Shortage,Evening,4.1,73372.4
2025-03-09,Plant D,Line 2,Product E,910,797,43,174,Machine Failure,Morning,6.1,75049.28
2025-03-09,Plant B,Line 1,Product B,1064,951,52,67,Machine Failure,Evening,2.4,68069.87
2025-03-09,Plant C,Line 3,Product D,1306,1251,51,63,Machine Failure,Evening,1.2,71938.29
2025-03-09,Plant D,Line 3,Product A,1029,877,38,104,Machine Failure,Evening,8.1,77048.6
2025-03-09,Plant C,Line 3,Product D,1271,1247,53,22,Machine Failure,Morning,1.0,71599.59
2025-03-09,Plant A,Line 3,Product A,972,892,33,63,Machine Failure,Night,6.1,68070.51
2025-03-10,Plant C,Line 1,Product A,842,782,18,24,Machine Failure,Morning,1.9,56699.18
2025-03-10,Plant A,Line 4,Product A,664,645,19,31,Machine Failure,Evening,3.9,51526.79
2025-03-10,Plant A,Line 3,Product B,1148,1121,38,42,Machine Failure,Morning,2.5,75646.06
2025-03-10,Plant B,Line 3,Product D,1357,1200,51,28,Machine Failure,Morning,5.6,77617.26
2025-03-10,Plant C,Line 2,Product C,689,575,10,65,Machine Failure,Morning,4.0,55714.28
2025-03-10,Plant A,Line 3,Product D,1322,1285,44,50,Machine Failure,Evening,1.1,76565.56
2025-03-10,Plant D,Line 2,Product E,954,791,31,55,Power Failure,Morning,7.9,74805.89
2025-03-10,Plant C,Line 2,Product A,960,893,17,11,Machine Failure,Evening,4.2,68671.16
2025-03-10,Plant C,Line 1,Product A,974,908,25,55,Changeover,Morning,0.0,64966.77
2025-03-10,Plant C,Line 4,Product E,827,707,28,59,Planned Maintenance,Evening,5.6,57279.7
2025-03-10,Plant B,Line 2,Product C,781,626,27,90,Planned Maintenance,Night,4.2,63498.43
2025-03-10,Plant B,Line 3,Product D,1267,1093,53,116,Machine Failure,Morning,4.6,73274.74
2025-03-10,Plant A,Line 4,Product E,895,768,24,101,Machine Failure,Evening,3.1,66262.18
2025-03-11,Plant C,Line 2,Product C,664,669,12,22,Planned Maintenance,Evening,0.9,57256.86
2025-03-11,Plant B,Line 2,Product E,1085,896,48,188,Machine Failure,Night,5.0,81799.93
2025-03-11,Plant B,Line 2,Product B,1081,980,47,29,Planned Maintenance,Night,6.8,73086.71
2025-03-11,Plant A,Line 2,Product D,1177,1100,37,45,Material Shortage,Evening,2.7,66847.92
2025-03-11,Plant A,Line 2,Product A,775,688,17,67,Changeover,Evening,7.5,55130.69
2025-03-11,Plant B,Line 3,Product A,903,773,36,73,Machine Failure,Morning,4.6,67458.01
2025-03-11,Plant B,Line 2,Product D,1149,1061,59,105,Power Failure,Evening,3.9,72524.82
2025-03-12,Plant D,Line 1,Product D,1260,995,69,195,Quality Issue,Night,5.2,73747.47
2025-03-12,Plant D,Line 4,Product C,610,504,19,59,Power Failure,Evening,4.6,54583.05
2025-03-12,Plant B,Line 1,Product A,864,709,29,100,Machine Failure,Night,7.9,62242.68
2025-03-12,Plant A,Line 1,Product B,1182,1101,54,38,Material Shortage,Night,0.8,73251.15
2025-03-12,Plant C,Line 1,Product A,917,841,26,92,Machine Failure,Morning,2.6,62887.19
2025-03-13,Plant D,Line 3,Product D,1388,1246,62,47,Material Shortage,Morning,6.7,83346.75
2025-03-13,Plant A,Line 1,Product C,800,767,23,35,Material Shortage,Night,3.4,71410.38
2025-03-13,Plant A,Line 3,Product C,802,732,29,55,Planned Maintenance,Evening,7.7,75591.14
2025-03-13,Plant D,Line 3,Product C,844,718,29,110,Planned Maintenance,Night,6.6,74353.97
2025-03-13,Plant B,Line 1,Product D,1216,1039,66,111,Planned Maintenance,Night,6.0,69746.96
2025-03-13,Plant B,Line 2,Product A,911,838,36,35,Machine Failure,Night,3.8,67107.25
2025-03-13,Plant D,Line 3,Product D,1273,1081,62,89,Machine Failure,Morning,5.2,71860.74
2025-03-13,Plant A,Line 2,Product A,876,812,18,13,Changeover,Morning,2.5,62770.99
2025-03-13,Plant C,Line 1,Product A,927,841,17,24,Power Failure,Evening,2.3,62248.04
2025-03-13,Plant D,Line 1,Product B,1083,978,57,35,Machine Failure,Morning,6.8,77775.4
2025-03-14,Plant A,Line 1,Product C,737,690,18,71,Machine Failure,Evening,0.0,62197.94
2025-03-14,Plant D,Line 3,Product C,807,671,22,47,Planned Maintenance,Morning,7.1,70830.26
2025-03-14,Plant D,Line 1,Product B,1124,978,67,212,Machine Failure,Morning,5.1,76705.86
2025-03-14,Plant A,Line 4,Product B,996,924,36,82,Planned Maintenance,Night,0.9,60783.93
2025-03-14,Plant D,Line 2,Product D,1103,872,44,105,Planned Maintenance,Morning,3.5,60845.97
2025-03-14,Plant D,Line 3,Product A,906,701,46,188,Machine Failure,Morning,7.5,67179.33
2025-03-14,Plant A,Line 3,Product D,1409,1322,45,88,Machine Failure,Night,1.0,78491.48
2025-03-14,Plant B,Line 2,Product A,834,775,25,74,Material Shortage,Evening,3.0,65095.47
2025-03-14,Plant B,Line 4,Product C,694,578,21,79,Machine Failure,Evening,6.9,63998.22
2025-03-14,Plant B,Line 4,Product E,913,781,39,98,Machine Failure,Morning,3.3,67992.49
2025-03-14,Plant B,Line 3,Product E,962,879,41,38,Material Shortage,Morning,4.3,75646.16
2025-03-14,Plant C,Line 4,Product E,886,902,36,31,Material Shortage,Morning,5.6,70459.25
2025-03-14,Plant D,Line 1,Product D,1388,1192,59,14,Power Failure,Evening,7.6,84637.63
2025-03-14,Plant B,Line 1,Product A,814,752,24,11,Changeover,Night,2.8,60330.15
2025-03-14,Plant C,Line 4,Product A,802,691,20,71,Machine Failure,Morning,5.6,54625.43
2025-03-14,Plant C,Line 2,Product B,1137,1113,35,11,Machine Failure,Evening,4.3,73700.71
2025-03-14,Plant A,Line 2,Product C,744,676,8,23,Changeover,Morning,5.6,65868.53
2025-03-14,Plant D,Line 1,Product A,995,886,26,40,Planned Maintenance,Morning,7.9,76430.91
2025-03-15,Plant D,Line 1,Product A,906,819,39,133,Machine Failure,Evening,6.6,74391.35
2025-03-15,Plant B,Line 3,Product A,858,762,35,118,Material Shortage,Evening,6.9,61670.41
2025-03-15,Plant C,Line 3,Product D,1379,1343,47,25,Changeover,Evening,1.0,76502.8
2025-03-15,Plant C,Line 4,Product B,1004,960,35,21,Material Shortage,Morning,3.0,65371.64
2025-03-15,Plant A,Line 1,Product D,1361,1249,60,120,Power Failure,Morning,2.3,78984.2
2025-03-15,Plant B,Line 3,Product B,1231,1063,51,100,Changeover,Evening,7.0,77875.75
2025-03-16,Plant A,Line 4,Product C,726,637,11,72,Quality Issue,Morning,2.7,57478.2
2025-03-16,Plant B,Line 2,Product E,989,865,39,103,Machine Failure,Evening,1.9,75923.24
2025-03-16,Plant A,Line 3,Product D,1255,1184,54,31,Machine Failure,Night,3.1,72527.86
2025-03-16,Plant A,Line 4,Product C,679,639,12,31,Machine Failure,Evening,3.9,59613.32
2025-03-16,Plant D,Line 3,Product D,1376,1109,73,141,Machine Failure,Evening,4.8,79580.96
2025-03-16,Plant C,Line 4,Product D,1112,1089,30,37,Material Shortage,Night,1.4,59765.42
2025-03-16,Plant B,Line 1,Product D,1355,1214,55,30,Planned Maintenance,Morning,4.4,77845.19
2025-03-16,Plant B,Line 4,Product C,684,586,21,48,Material Shortage,Evening,6.4,61115.64
2025-03-16,Plant D,Line 3,Product D,1285,1101,57,86,Planned Maintenance,Night,4.3,75314.69
2025-03-16,Plant C,Line 3,Product C,684,693,18,62,Planned Maintenance,Evening,1.1,61298.2
2025-03-16,Plant C,Line 3,Product C,729,604,11,75,Machine Failure,Morning,6.7,57229.26
2025-03-16,Plant C,Line 4,Product A,785,728,33,113,Planned Maintenance,Morning,3.3,55433.82
2025-03-16,Plant A,Line 4,Product D,1110,991,37,51,Changeover,Morning,6.1,64011.97
2025-03-16,Plant A,Line 3,Product A,925,816,25,44,Material Shortage,Morning,7.1,65873.63
2025-03-16,Plant C,Line 4,Product B,994,961,33,37,Material Shortage,Evening,1.8,63929.65
2025-03-16,Plant B,Line 1,Product D,1271,1168,60,36,Material Shortage,Night,5.0,78352.08
2025-03-17,Plant A,Line 3,Product B,1132,1107,41,65,Planned Maintenance,Morning,3.7,76002.73
2025-03-17,Plant C,Line 2,Product A,878,836,15,51,Quality Issue,Evening,5.1,61356.77
2025-03-17,Plant C,Line 1,Product D,1283,1172,55,112,Machine Failure,Evening,7.3,74291.71
2025-03-17,Plant D,Line 2,Product B,1033,877,51,103,Planned Maintenance,Night,2.5,68983.62
2025-03-17,Plant A,Line 4,Product D,1118,1096,34,16,Material Shortage,Morning,2.9,67397.31
2025-03-17,Plant B,Line 4,Product C,719,603,17,41,Quality Issue,Morning,6.6,62658.51
2025-03-17,Plant B,Line 2,Product E,959,877,40,23,Power Failure,Morning,3.8,77316.45
2025-03-17,Plant B,Line 4,Product E,822,749,26,8,Machine Failure,Night,7.7,67457.59
2025-03-17,Plant A,Line 2,Product A,935,880,28,45,Machine Failure,Evening,0.7,67148.73
2025-03-17,Plant B,Line 3,Product C,703,569,15,27,Planned Maintenance,Evening,3.5,56514.08
2025-03-17,Plant D,Line 3,Product D,1346,1141,68,102,Machine Failure,Morning,4.2,77470.58
2025-03-17,Plant A,Line 4,Product A,898,842,21,66,Machine Failure,Night,0.7,61597.79
2025-03-18,Plant B,Line 2,Product D,1100,977,45,71,Machine Failure,Evening,7.2,67851.07
2025-03-18,Plant C,Line 3,Product D,1203,1162,30,23,Machine Failure,Night,0.0,65110.46
2025-03-18,Plant B,Line 2,Product A,906,821,41,120,Power Failure,Morning,5.1,71214.53
2025-03-18,Plant A,Line 3,Product C,798,729,20,72,Power Failure,Morning,5.0,70745.55
2025-03-19,Plant A,Line 2,Product A,901,791,32,93,Planned Maintenance,Morning,3.1,58997.46
2025-03-19,Plant D,Line 1,Product A,902,778,30,38,Changeover,Morning,6.7,66072.28
2025-03-19,Plant B,Line 1,Product E,903,711,33,130,Quality Issue,Morning,5.3,62921.95
2025-03-19,Plant B,Line 2,Product A,840,757,25,53,Material Shortage,Night,2.8,61752.47
2025-03-19,Plant A,Line 4,Product C,689,657,20,67,Material Shortage,Evening,4.7,62458.33
2025-03-19,Plant A,Line 2,Product C,834,744,24,40,Machine Failure,Night,3.6,69105.43
2025-03-19,Plant B,Line 2,Product E,990,904,43,85,Changeover,Morning,6.6,80139.26
2025-03-19,Plant B,Line 2,Product B,1065,992,34,16,Machine Failure,Evening,5.2,72293.1
2025-03-19,Plant D,Line 4,Product E,874,699,37,144,Planned Maintenance,Morning,6.7,65606.52
2025-03-20,Plant B,Line 4,Product B,995,871,38,76,Material Shortage,Morning,3.5,64378.01
2025-03-20,Plant A,Line 3,Product B,1065,1034,37,11,Material Shortage,Morning,2.8,69349.43
2025-03-20,Plant B,Line 2,Product B,1090,953,43,35,Planned Maintenance,Evening,2.3,65705.54
2025-03-20,Plant C,Line 2,Product A,893,849,23,22,Machine Failure,Morning,1.4,60096.98
2025-03-20,Plant B,Line 1,Product D,1076,955,57,41,Material Shortage,Evening,5.0,62467.03
2025-03-20,Plant D,Line 3,Product A,915,774,33,28,Machine Failure,Night,7.6,70778.01
2025-03-20,Plant C,Line 2,Product A,837,814,26,48,Material Shortage,Morning,1.5,58441.61
2025-03-20,Plant D,Line 2,Product E,956,828,43,61,Machine Failure,Night,7.3,74423.35
2025-03-20,Plant A,Line 1,Product A,1012,969,37,57,Machine Failure,Evening,0.0,71721.91
2025-03-20,Plant A,Line 4,Product B,948,922,27,31,Material Shortage,Evening,2.1,62158.22
2025-03-20,Plant D,Line 4,Product A,919,772,29,51,Planned Maintenance,Evening,7.6,69322.11
2025-03-21,Plant B,Line 3,Product A,919,835,33,60,Machine Failure,Morning,7.8,73340.33
2025-03-21,Plant D,Line 3,Product C,704,560,20,40,Machine Failure,Night,4.3,57364.72
2025-03-22,Plant A,Line 1,Product A,907,860,31,83,Planned Maintenance,Night,2.9,66920.49
2025-03-22,Plant A,Line 1,Product C,734,676,15,34,Quality Issue,Morning,2.1,61635.22
2025-03-22,Plant C,Line 3,Product E,996,959,24,6,Power Failure,Morning,0.9,73078.0
2025-03-22,Plant D,Line 1,Product C,707,568,29,151,Machine Failure,Evening,4.9,60490.5
2025-03-22,Plant A,Line 2,Product C,753,717,15,46,Changeover,Night,3.0,65954.27
2025-03-22,Plant A,Line 1,Product A,873,792,22,30,Changeover,Morning,5.4,64497.63
2025-03-23,Plant B,Line 1,Product B,1200,1094,51,86,Machine Failure,Morning,3.0,78858.85
2025-03-23,Plant D,Line 4,Product C,628,547,29,98,Quality Issue,Morning,4.4,56161.75
2025-03-23,Plant B,Line 1,Product E,999,912,45,111,Quality Issue,Morning,5.4,80417.48
2025-03-23,Plant B,Line 3,Product C,766,710,19,52,Changeover,Morning,4.3,73066.23
2025-03-23,Plant D,Line 1,Product E,1046,947,38,11,Power Failure,Morning,4.5,82130.36
2025-03-23,Plant D,Line 4,Product C,730,585,24,68,Planned Maintenance,Evening,7.5,64033.19
2025-03-23,Plant D,Line 2,Product C,764,660,27,19,Planned Maintenance,Night,5.8,67873.3
2025-03-23,Plant A,Line 1,Product C,796,732,11,8,Planned Maintenance,Evening,7.1,71956.76
2025-03-23,Plant A,Line 2,Product D,1199,1140,43,108,Material Shortage,Night,4.9,73169.57
2025-03-23,Plant C,Line 4,Product B,985,981,25,9,Quality Issue,Morning,4.3,64994.65
2025-03-24,Plant B,Line 2,Product E,876,760,38,125,Machine Failure,Evening,3.1,68327.04
2025-03-24,Plant D,Line 1,Product B,1157,958,58,157,Machine Failure,Night,5.2,76271.53
2025-03-24,Plant A,Line 1,Product C,772,715,19,44,Changeover,Morning,0.0,62564.94
2025-03-24,Plant B,Line 1,Product A,875,797,25,14,Material Shortage,Morning,6.6,68935.47
2025-03-24,Plant A,Line 1,Product E,1057,968,31,61,Power Failure,Evening,4.9,79394.49
2025-03-24,Plant B,Line 1,Product C,750,687,25,50,Machine Failure,Morning,4.6,70566.12
2025-03-24,Plant B,Line 3,Product C,786,666,23,45,Power Failure,Morning,5.5,66281.99
2025-03-24,Plant B,Line 2,Product D,1216,1082,45,44,Machine Failure,Morning,2.4,71031.49
2025-03-24,Plant A,Line 1,Product D,1157,1077,38,33,Machine Failure,Night,1.7,66193.33
2025-03-25,Plant A,Line 1,Product B,1048,1010,32,47,Planned Maintenance,Morning,0.9,65573.39
2025-03-25,Plant D,Line 3,Product E,1087,905,56,194,Planned Maintenance,Evening,2.3,81163.69
2025-03-25,Plant D,Line 3,Product D,1287,1131,61,50,Power Failure,Evening,3.3,76929.42
2025-03-25,Plant C,Line 3,Product C,818,841,15,10,Planned Maintenance,Evening,3.6,75646.45
2025-03-25,Plant C,Line 3,Product B,1200,1150,24,34,Changeover,Night,4.6,74900.25
2025-03-25,Plant C,Line 4,Product B,1027,982,32,14,Planned Maintenance,Night,2.0,62834.19
2025-03-25,Plant C,Line 2,Product B,1094,1105,26,49,Power Failure,Morning,3.9,72371.33
2025-03-25,Plant D,Line 4,Product E,894,776,44,112,Planned Maintenance,Evening,4.5,71291.46
2025-03-25,Plant A,Line 4,Product D,1136,1063,31,20,Planned Maintenance,Evening,1.5,64882.37
2025-03-25,Plant A,Line 2,Product E,1040,926,39,62,Material Shortage,Evening,6.5,78258.94
2025-03-25,Plant B,Line 1,Product D,1218,1082,64,129,Changeover,Evening,6.9,74984.35
2025-03-25,Plant B,Line 2,Product C,714,661,18,43,Power Failure,Morning,3.3,64191.7
2025-03-25,Plant A,Line 2,Product A,870,774,28,111,Machine Failure,Night,3.7,61490.65
2025-03-26,Plant D,Line 4,Product D,1117,978,58,56,Material Shortage,Evening,3.7,66121.89
2025-03-26,Plant A,Line 3,Product A,1021,986,31,30,Quality Issue,Night,0.5,71168.01
2025-03-26,Plant A,Line 4,Product C,591,510,17,86,Material Shortage,Night,8.5,52926.68
2025-03-26,Plant D,Line 2,Product A,818,682,24,38,Planned Maintenance,Evening,7.2,61269.5
2025-03-26,Plant A,Line 4,Product B,1172,1066,33,40,Power Failure,Evening,5.9,75320.46
2025-03-26,Plant A,Line 4,Product B,1020,900,36,93,Machine Failure,Morning,4.6,66344.42
2025-03-26,Plant B,Line 3,Product D,1356,1259,61,22,Material Shortage,Night,3.8,82749.89
2025-03-27,Plant A,Line 3,Product B,1219,1180,49,40,Changeover,Morning,1.0,77492.85
2025-03-27,Plant B,Line 3,Product C,877,770,38,136,Power Failure,Evening,4.2,76479.91
2025-03-27,Plant C,Line 3,Product E,1085,1039,40,30,Material Shortage,Evening,1.0,78411.7
2025-03-27,Plant C,Line 4,Product C,632,625,16,35,Material Shortage,Evening,3.6,58873.82
2025-03-27,Plant B,Line 1,Product E,1001,958,40,77,Machine Failure,Night,3.9,83311.92
2025-03-27,Plant A,Line 2,Product A,867,781,22,51,Machine Failure,Morning,4.8,63634.41
2025-03-27,Plant A,Line 3,Product B,1192,1126,44,33,Planned Maintenance,Night,0.9,74977.03
2025-03-27,Plant A,Line 3,Product A,1058,958,31,118,Material Shortage,Morning,4.7,73346.74
2025-03-27,Plant B,Line 2,Product E,945,801,32,92,Quality Issue,Night,5.5,71026.75
2025-03-27,Plant C,Line 4,Product D,1039,970,34,14,Power Failure,Morning,3.6,57463.48
2025-03-28,Plant C,Line 3,Product C,721,676,18,66,Changeover,Morning,1.6,60493.65
2025-03-28,Plant A,Line 1,Product A,834,724,17,37,Planned Maintenance,Morning,4.8,57369.3
2025-03-28,Plant A,Line 3,Product A,879,831,30,79,Power Failure,Morning,2.1,62130.18
2025-03-28,Plant B,Line 3,Product A,828,730,33,91,Material Shortage,Evening,6.4,64472.51
2025-03-28,Plant B,Line 3,Product A,844,683,36,165,Power Failure,Night,6.7,60356.49
2025-03-28,Plant A,Line 4,Product A,851,804,25,46,Changeover,Morning,0.2,56253.63
2025-03-28,Plant C,Line 2,Product D,1073,1008,40,34,Machine Failure,Night,1.9,58951.98
2025-03-28,Plant D,Line 3,Product E,1046,836,40,135,Planned Maintenance,Night,5.9,75130.32
2025-03-28,Plant C,Line 4,Product E,1009,999,22,37,Machine Failure,Night,0.5,74342.38
2025-03-28,Plant A,Line 2,Product C,777,713,27,93,Machine Failure,Night,6.4,71713.15
2025-03-29,Plant D,Line 4,Product C,635,525,20,51,Changeover,Night,7.7,58240.26
2025-03-29,Plant D,Line 3,Product C,709,650,23,42,Changeover,Morning,7.2,67742.61
2025-03-29,Plant B,Line 4,Product E,933,855,41,77,Material Shortage,Morning,2.5,70918.24
2025-03-29,Plant A,Line 4,Product C,720,713,19,28,Machine Failure,Morning,2.6,66736.67
2025-03-29,Plant D,Line 3,Product B,1122,898,59,194,Machine Failure,Evening,4.8,73007.04
2025-03-29,Plant A,Line 1,Product C,828,781,21,50,Planned Maintenance,Evening,5.7,74823.72
2025-03-29,Plant D,Line 2,Product A,848,657,32,148,Machine Failure,Evening,5.0,57652.18
2025-03-29,Plant C,Line 4,Product A,751,689,23,62,Power Failure,Evening,5.2,52911.57
2025-03-29,Plant C,Line 4,Product C,651,579,11,71,Power Failure,Morning,2.8,54887.98
2025-03-29,Plant C,Line 2,Product B,1058,1003,23,101,Machine Failure,Morning,0.3,65722.6
2025-03-30,Plant A,Line 3,Product B,1148,1043,54,152,Changeover,Evening,6.7,76286.5
2025-03-30,Plant C,Line 2,Product B,1018,881,30,17,Material Shortage,Evening,5.1,58830.49
2025-03-30,Plant A,Line 3,Product A,1023,976,17,28,Machine Failure,Evening,1.5,71559.59
2025-03-30,Plant A,Line 3,Product B,1178,1091,41,58,Planned Maintenance,Morning,2.2,75530.74
2025-03-30,Plant A,Line 4,Product D,1219,1038,48,92,Machine Failure,Morning,7.4,69232.87
2025-03-30,Plant A,Line 1,Product E,1017,977,25,31,Quality Issue,Night,1.0,77220.67
2025-03-30,Plant A,Line 2,Product A,902,890,23,14,Material Shortage,Morning,1.9,63640.98
2025-03-30,Plant C,Line 2,Product D,1160,1192,42,23,Planned Maintenance,Night,0.9,67681.52
2025-03-31,Plant C,Line 4,Product E,893,815,17,52,Quality Issue,Morning,2.9,64352.87
2025-03-31,Plant C,Line 1,Product D,1289,1318,36,37,Changeover,Night,0.9,74949.93
2025-03-31,Plant B,Line 4,Product C,710,625,21,107,Material Shortage,Night,5.3,62462.65
2025-03-31,Plant C,Line 1,Product B,1090,1032,14,28,Quality Issue,Morning,2.3,65547.75
2025-03-31,Plant A,Line 4,Product C,668,667,13,13,Power Failure,Night,1.6,58045.0
2025-03-31,Plant A,Line 1,Product C,779,765,23,37,Machine Failure,Evening,0.2,66800.37
2025-03-31,Plant D,Line 3,Product D,1283,1072,51,115,Material Shortage,Night,2.8,72695.18
2025-03-31,Plant A,Line 3,Product E,1118,1073,32,84,Material Shortage,Night,0.0,84611.34
2025-03-31,Plant A,Line 1,Product E,973,953,43,33,Material Shortage,Evening,1.9,74204.77
2025-03-31,Plant C,Line 2,Product D,1279,1244,47,69,Machine Failure,Morning,3.4,71245.79
2025-03-31,Plant C,Line 2,Product B,936,912,21,67,Quality Issue,Morning,4.5,64424.24
2025-03-31,Plant A,Line 4,Product A,752,632,12,48,Planned Maintenance,Night,6.9,54028.06
2025-04-01,Plant C,Line 2,Product B,1023,1048,29,15,Changeover,Morning,3.4,66833.74
2025-04-01,Plant A,Line 2,Product A,839,782,25,55,Machine Failure,Morning,0.9,58490.59
2025-04-01,Plant A,Line 3,Product E,1056,941,33,69,Material Shortage,Morning,1.4,75285.91
2025-04-01,Plant C,Line 3,Product D,1279,1196,28,36,Material Shortage,Night,2.4,69397.22
2025-04-01,Plant C,Line 1,Product B,1098,1033,35,30,Planned Maintenance,Morning,1.2,63663.16
2025-04-02,Plant C,Line 2,Product D,1153,1104,38,20,Quality Issue,Morning,1.8,65717.43
2025-04-02,Plant B,Line 1,Product A,916,848,26,45,Power Failure,Night,0.9,69925.33
2025-04-02,Plant C,Line 3,Product C,835,711,14,72,Quality Issue,Morning,5.5,67076.01
2025-04-02,Plant A,Line 1,Product C,709,651,15,34,Machine Failure,Evening,6.0,63430.18
2025-04-02,Plant B,Line 1,Product C,774,596,24,124,Machine Failure,Night,1.9,59705.38
2025-04-02,Plant B,Line 3,Product B,1117,954,42,97,Quality Issue,Night,5.7,72371.84
2025-04-02,Plant C,Line 1,Product A,971,985,20,57,Quality Issue,Morning,1.7,70557.23
2025-04-02,Plant C,Line 1,Product E,913,852,22,97,Changeover,Morning,2.3,66557.24
2025-04-02,Plant C,Line 3,Product B,1164,1125,29,46,Planned Maintenance,Evening,4.5,74257.74
2025-04-03,Plant A,Line 1,Product E,1050,979,35,98,Quality Issue,Morning,0.5,76851.58
2025-04-03,Plant A,Line 4,Product C,638,604,3,28,Machine Failure,Evening,3.2,56700.76
2025-04-03,Plant C,Line 3,Product E,1038,1008,30,25,Material Shortage,Morning,0.9,74448.86
2025-04-03,Plant A,Line 2,Product C,620,577,20,100,Planned Maintenance,Evening,2.5,56971.94
2025-04-03,Plant C,Line 1,Product C,693,631,10,30,Planned Maintenance,Evening,7.5,62387.85
2025-04-03,Plant B,Line 3,Product E,1058,951,33,68,Power Failure,Night,5.6,81582.56
2025-04-03,Plant B,Line 3,Product A,936,796,27,37,Power Failure,Morning,5.7,67083.35
2025-04-03,Plant C,Line 4,Product C,747,682,18,79,Machine Failure,Night,2.2,61476.15
2025-04-03,Plant A,Line 3,Product D,1312,1223,47,36,Planned Maintenance,Evening,5.9,75059.4
2025-04-03,Plant C,Line 2,Product A,828,704,29,121,Material Shortage,Morning,8.4,58621.3
2025-04-03,Plant D,Line 1,Product D,1271,1097,71,67,Material Shortage,Morning,4.4,75005.31
2025-04-03,Plant D,Line 1,Product B,1145,1007,51,42,Planned Maintenance,Evening,5.5,74718.4
2025-04-04,Plant A,Line 4,Product E,938,913,26,57,Planned Maintenance,Evening,1.4,73150.54
2025-04-04,Plant A,Line 4,Product C,719,695,18,42,Planned Maintenance,Morning,2.3,61991.76
2025-04-04,Plant A,Line 3,Product B,1194,1121,35,77,Changeover,Morning,1.6,76298.12
2025-04-04,Plant B,Line 4,Product E,866,761,36,148,Planned Maintenance,Evening,5.0,67228.32
2025-04-05,Plant D,Line 1,Product A,922,807,40,79,Planned Maintenance,Evening,6.3,73787.44
2025-04-05,Plant A,Line 4,Product C,653,577,11,27,Quality Issue,Night,5.3,56289.48
2025-04-05,Plant B,Line 4,Product C,657,533,17,54,Material Shortage,Night,4.3,55896.86
2025-04-05,Plant C,Line 2,Product B,975,861,24,35,Planned Maintenance,Evening,8.2,62258.7
2025-04-05,Plant A,Line 2,Product A,902,846,38,32,Machine Failure,Night,3.7,65471.04
2025-04-05,Plant B,Line 3,Product C,797,742,18,68,Planned Maintenance,Evening,1.3,70919.23
2025-04-05,Plant C,Line 1,Product A,875,880,24,42,Machine Failure,Night,3.3,64293.86
2025-04-05,Plant D,Line 2,Product D,1156,856,69,240,Machine Failure,Evening,3.2,62638.26
2025-04-06,Plant B,Line 1,Product E,1009,872,42,89,Material Shortage,Morning,7.2,83747.35
2025-04-06,Plant C,Line 2,Product B,1043,1019,29,41,Quality Issue,Evening,3.0,66210.43
2025-04-06,Plant C,Line 3,Product B,1098,1054,31,17,Machine Failure,Morning,3.7,70115.11
2025-04-06,Plant B,Line 2,Product A,944,799,40,185,Planned Maintenance,Morning,8.6,73612.87
2025-04-06,Plant B,Line 1,Product E,972,877,45,58,Machine Failure,Night,3.0,75121.99
2025-04-06,Plant D,Line 1,Product C,716,594,20,60,Machine Failure,Morning,8.4,65650.71
2025-04-06,Plant D,Line 1,Product C,683,586,28,124,Changeover,Morning,4.9,64223.14
2025-04-06,Plant B,Line 2,Product E,898,757,34,78,Machine Failure,Evening,6.9,68163.19
2025-04-06,Plant C,Line 4,Product A,898,909,25,43,Material Shortage,Evening,4.2,69927.49
2025-04-06,Plant C,Line 3,Product D,1178,1161,33,50,Material Shortage,Evening,6.3,68927.94
2025-04-06,Plant D,Line 1,Product E,993,820,38,73,Quality Issue,Morning,2.6,71152.19
2025-04-07,Plant C,Line 3,Product A,900,909,25,21,Power Failure,Night,3.5,65938.32
2025-04-07,Plant B,Line 3,Product B,1056,924,33,38,Machine Failure,Evening,2.7,68399.71
2025-04-07,Plant C,Line 1,Product B,1081,1058,35,38,Machine Failure,Night,1.4,67025.45
2025-04-07,Plant A,Line 4,Product A,830,755,29,66,Machine Failure,Morning,5.9,62258.01
2025-04-07,Plant C,Line 3,Product E,1000,1004,38,17,Changeover,Night,3.1,75818.39
2025-04-07,Plant C,Line 1,Product E,1028,1008,29,50,Material Shortage,Evening,2.4,78401.54
2025-04-08,Plant D,Line 3,Product B,1106,962,37,107,Planned Maintenance,Evening,4.5,72713.7
2025-04-08,Plant A,Line 4,Product B,1002,919,37,94,Planned Maintenance,Evening,3.6,66823.85
2025-04-08,Plant C,Line 3,Product A,975,940,30,28,Changeover,Evening,1.2,64919.99
2025-04-08,Plant A,Line 1,Product A,866,821,28,27,Machine Failure,Evening,2.7,60872.53
2025-04-08,Plant B,Line 2,Product C,782,723,21,89,Material Shortage,Morning,3.4,72638.95
2025-04-08,Plant C,Line 3,Product A,863,815,22,81,Planned Maintenance,Morning,2.3,60670.12
2025-04-08,Plant C,Line 3,Product E,1004,992,16,37,Machine Failure,Morning,5.3,76210.01
2025-04-08,Plant A,Line 3,Product E,1022,941,33,17,Machine Failure,Night,1.1,71326.09
2025-04-08,Plant A,Line 2,Product A,922,858,39,88,Material Shortage,Morning,0.3,64108.79
2025-04-09,Plant C,Line 3,Product B,1112,1049,36,29,Material Shortage,Evening,4.4,71938.8
2025-04-09,Plant D,Line 4,Product E,936,806,38,19,Machine Failure,Evening,3.4,69612.14
2025-04-09,Plant C,Line 4,Product B,944,896,20,54,Changeover,Evening,0.2,57129.07
2025-04-09,Plant A,Line 4,Product A,834,776,19,74,Changeover,Night,1.1,59758.12
2025-04-09,Plant B,Line 2,Product C,643,599,16,41,Machine Failure,Morning,4.2,61306.65
2025-04-09,Plant D,Line 3,Product B,1232,1028,48,94,Machine Failure,Evening,8.4,86276.03
2025-04-09,Plant B,Line 2,Product C,766,656,29,84,Planned Maintenance,Night,4.3,67112.04
2025-04-09,Plant C,Line 1,Product C,650,633,12,106,Machine Failure,Morning,0.0,57522.71
2025-04-09,Plant A,Line 3,Product B,1097,1049,38,39,Planned Maintenance,Morning,1.8,70842.77
2025-04-09,Plant C,Line 4,Product D,1058,1050,45,80,Quality Issue,Evening,1.9,59378.48
2025-04-09,Plant A,Line 1,Product E,1065,974,47,88,Power Failure,Night,5.2,81985.52
2025-04-09,Plant B,Line 1,Product C,757,632,27,69,Machine Failure,Morning,6.9,67297.47
2025-04-09,Plant C,Line 1,Product D,1233,1175,36,30,Machine Failure,Evening,3.4,70123.26
2025-04-09,Plant D,Line 2,Product A,832,722,29,51,Material Shortage,Evening,7.3,64128.13
2025-04-09,Plant D,Line 1,Product B,1027,878,48,32,Planned Maintenance,Evening,3.9,64922.56
2025-04-10,Plant D,Line 3,Product A,860,747,31,54,Machine Failure,Evening,6.5,67075.32
2025-04-10,Plant C,Line 3,Product C,784,750,16,40,Power Failure,Evening,3.3,66572.39
2025-04-10,Plant D,Line 2,Product D,1088,1001,51,85,Machine Failure,Night,1.3,65025.11
2025-04-10,Plant D,Line 2,Product A,923,782,35,75,Changeover,Evening,1.4,64227.15
2025-04-10,Plant C,Line 2,Product A,724,681,3,24,Machine Failure,Morning,0.3,48045.14
2025-04-10,Plant D,Line 4,Product E,905,827,35,15,Machine Failure,Evening,8.4,75654.39
2025-04-10,Plant A,Line 2,Product A,885,799,22,38,Machine Failure,Morning,5.6,60599.12
2025-04-11,Plant D,Line 1,Product B,1017,868,47,110,Power Failure,Evening,3.3,67245.36
2025-04-11,Plant B,Line 4,Product D,1129,990,57,80,Planned Maintenance,Morning,4.6,64567.92
2025-04-11,Plant D,Line 3,Product D,1384,1195,67,90,Power Failure,Evening,7.1,81990.03
2025-04-11,Plant C,Line 4,Product D,1116,1048,32,51,Changeover,Evening,1.4,61413.82
2025-04-11,Plant D,Line 3,Product D,1346,1099,60,98,Changeover,Evening,7.3,80428.85
2025-04-11,Plant A,Line 4,Product A,768,687,20,80,Machine Failure,Night,5.9,54733.63
2025-04-11,Plant B,Line 3,Product D,1359,1228,60,19,Machine Failure,Night,4.4,79691.34
2025-04-11,Plant B,Line 1,Product C,783,653,34,159,Changeover,Evening,1.3,64919.73
2025-04-11,Plant A,Line 1,Product A,784,716,26,40,Machine Failure,Evening,2.3,54376.75
2025-04-12,Plant A,Line 3,Product A,991,970,22,29,Power Failure,Evening,0.3,68841.61
2025-04-12,Plant A,Line 2,Product D,1238,1206,50,54,Planned Maintenance,Morning,0.4,72191.82
2025-04-12,Plant C,Line 1,Product D,1309,1257,51,45,Material Shortage,Morning,0.9,71278.06
2025-04-12,Plant D,Line 4,Product C,718,588,23,117,Machine Failure,Morning,6.6,66346.94
2025-04-12,Plant B,Line 2,Product B,1077,959,45,67,Machine Failure,Evening,5.4,70864.26
2025-04-12,Plant B,Line 2,Product A,778,622,25,152,Machine Failure,Evening,3.3,52725.66
2025-04-12,Plant D,Line 2,Product B,1049,930,43,35,Machine Failure,Night,1.6,69320.12
2025-04-12,Plant A,Line 4,Product D,1121,1022,31,7,Power Failure,Morning,3.2,61362.9
2025-04-12,Plant C,Line 2,Product D,1225,1182,33,13,Planned Maintenance,Night,3.5,69085.89
2025-04-12,Plant A,Line 1,Product E,1039,1007,48,144,Machine Failure,Morning,2.0,80587.53
2025-04-12,Plant A,Line 2,Product C,631,604,9,29,Machine Failure,Evening,1.8,55014.08
2025-04-13,Plant B,Line 2,Product C,688,512,25,240,Material Shortage,Evening,5.0,56381.97
2025-04-13,Plant C,Line 4,Product B,995,1018,24,20,Machine Failure,Night,2.8,64423.61
2025-04-13,Plant B,Line 3,Product A,929,831,38,73,Planned Maintenance,Morning,3.3,66503.01
2025-04-13,Plant A,Line 4,Product D,1081,999,40,36,Material Shortage,Evening,3.9,62816.45
2025-04-13,Plant D,Line 1,Product A,905,738,48,198,Planned Maintenance,Night,4.5,67979.66
2025-04-13,Plant D,Line 2,Product C,701,523,27,154,Power Failure,Evening,4.6,60139.22
2025-04-13,Plant D,Line 4,Product E,944,788,32,89,Machine Failure,Morning,7.3,71184.1
2025-04-14,Plant B,Line 4,Product C,631,579,15,84,Machine Failure,Night,7.8,61113.23
2025-04-14,Plant C,Line 3,Product B,1181,1060,25,56,Machine Failure,Evening,3.3,70853.8
2025-04-14,Plant C,Line 4,Product D,1108,1049,31,31,Planned Maintenance,Morning,0.1,61691.06
2025-04-14,Plant C,Line 1,Product C,679,700,20,47,Power Failure,Evening,2.9,59638.98
2025-04-14,Plant D,Line 3,Product D,1259,1075,53,49,Power Failure,Morning,4.1,74283.25
2025-04-14,Plant D,Line 4,Product C,699,534,17,59,Material Shortage,Night,5.4,54302.42
2025-04-14,Plant A,Line 4,Product A,821,804,21,66,Power Failure,Morning,4.5,66881.45
2025-04-14,Plant D,Line 1,Product A,889,661,32,136,Machine Failure,Evening,3.8,59682.92
2025-04-14,Plant C,Line 4,Product D,1132,1130,40,15,Quality Issue,Evening,3.2,62702.13
2025-04-14,Plant A,Line 4,Product B,1033,929,28,95,Planned Maintenance,Night,2.9,63665.01
2025-04-14,Plant B,Line 4,Product C,706,598,22,100,Planned Maintenance,Morning,2.8,60909.7
2025-04-14,Plant C,Line 2,Product D,1220,1171,35,53,Material Shortage,Evening,3.8,69298.19
2025-04-14,Plant C,Line 4,Product E,881,868,25,62,Planned Maintenance,Evening,0.0,65085.23
2025-04-14,Plant D,Line 3,Product B,1187,1016,49,60,Changeover,Morning,5.3,79967.17
2025-04-15,Plant B,Line 1,Product D,1286,1170,55,71,Power Failure,Morning,4.7,80055.85
2025-04-15,Plant C,Line 3,Product C,787,777,15,54,Quality Issue,Morning,3.8,72755.35
2025-04-15,Plant B,Line 4,Product B,943,810,41,138,Machine Failure,Morning,7.8,65621.94
2025-04-15,Plant C,Line 1,Product A,802,773,18,15,Material Shortage,Night,0.3,53073.86
2025-04-15,Plant C,Line 4,Product B,995,941,24,42,Material Shortage,Evening,2.8,61164.83
2025-04-15,Plant A,Line 4,Product D,1083,1010,33,37,Machine Failure,Night,0.6,60236.62
2025-04-15,Plant B,Line 2,Product B,1125,922,32,110,Material Shortage,Evening,5.2,71356.13
2025-04-16,Plant A,Line 3,Product C,907,839,17,20,Machine Failure,Morning,2.8,78299.16
2025-04-16,Plant B,Line 3,Product C,770,702,28,46,Machine Failure,Evening,2.6,69182.82
2025-04-16,Plant B,Line 1,Product E,985,746,41,150,Machine Failure,Evening,7.7,67608.74
2025-04-16,Plant A,Line 1,Product D,1227,1134,39,36,Quality Issue,Morning,1.5,66725.66
2025-04-16,Plant C,Line 4,Product A,733,680,12,56,Machine Failure,Morning,0.5,51963.82
2025-04-16,Plant D,Line 2,Product D,1202,1032,59,16,Material Shortage,Morning,2.0,68466.38
2025-04-16,Plant A,Line 2,Product B,1065,983,33,20,Machine Failure,Evening,2.4,67914.67
2025-04-16,Plant D,Line 2,Product C,779,668,19,53,Material Shortage,Morning,5.4,70158.33
2025-04-16,Plant D,Line 2,Product B,1000,843,46,149,Changeover,Morning,3.3,65116.59
2025-04-16,Plant C,Line 3,Product A,1036,1018,17,16,Power Failure,Night,0.6,71233.06
2025-04-16,Plant B,Line 4,Product E,979,862,36,53,Machine Failure,Night,4.6,74137.56
2025-04-17,Plant A,Line 4,Product C,651,594,16,77,Changeover,Morning,7.4,60787.58
2025-04-17,Plant A,Line 1,Product B,991,851,32,103,Material Shortage,Morning,2.8,60041.38
2025-04-17,Plant C,Line 4,Product C,635,638,11,73,Power Failure,Evening,1.9,56351.2
2025-04-17,Plant B,Line 2,Product A,874,743,29,139,Material Shortage,Night,6.9,65456.32
2025-04-17,Plant C,Line 1,Product B,1140,1133,29,6,Machine Failure,Morning,0.6,69842.21
2025-04-17,Plant A,Line 4,Product E,1022,943,40,108,Machine Failure,Morning,3.2,74252.12
2025-04-17,Plant B,Line 1,Product C,748,641,21,36,Quality Issue,Morning,8.0,68702.31
2025-04-18,Plant B,Line 1,Product D,1293,1164,55,83,Machine Failure,Morning,5.5,75887.34
2025-04-18,Plant B,Line 4,Product B,875,782,37,45,Machine Failure,Night,3.8,59829.67
2025-04-18,Plant C,Line 3,Product C,765,738,12,49,Quality Issue,Evening,1.6,63020.2
2025-04-18,Plant C,Line 4,Product B,1001,1032,15,21,Planned Maintenance,Morning,0.5,66080.18
2025-04-18,Plant D,Line 2,Product C,727,574,24,84,Planned Maintenance,Evening,6.9,64417.74
2025-04-18,Plant A,Line 2,Product D,1196,1119,49,89,Material Shortage,Morning,3.9,71492.78
2025-04-18,Plant B,Line 1,Product C,759,686,18,38,Machine Failure,Night,5.1,69646.31
2025-04-18,Plant C,Line 2,Product B,1045,1063,28,18,Changeover,Night,0.1,69319.31
2025-04-18,Plant A,Line 2,Product B,1031,966,26,34,Machine Failure,Evening,1.8,64873.32
2025-04-19,Plant A,Line 2,Product A,944,852,31,11,Changeover,Night,4.4,67938.29
2025-04-19,Plant C,Line 2,Product C,671,677,5,23,Changeover,Night,3.7,59455.47
2025-04-19,Plant B,Line 1,Product E,1013,857,45,44,Planned Maintenance,Night,2.8,73111.54
2025-04-19,Plant B,Line 1,Product B,1113,1000,49,61,Machine Failure,Night,5.9,73629.73
2025-04-19,Plant C,Line 1,Product B,1125,1064,29,26,Machine Failure,Night,2.6,68178.24
2025-04-19,Plant A,Line 2,Product D,1209,1114,40,66,Material Shortage,Night,2.1,68881.82
2025-04-19,Plant D,Line 1,Product A,981,788,34,160,Machine Failure,Morning,7.3,71102.13
2025-04-19,Plant C,Line 2,Product B,1088,1077,28,31,Changeover,Night,3.8,71962.05
2025-04-19,Plant B,Line 1,Product D,1250,1148,53,62,Planned Maintenance,Morning,4.9,73612.0
2025-04-19,Plant D,Line 4,Product D,1187,984,65,82,Material Shortage,Night,4.6,69120.44
2025-04-19,Plant D,Line 1,Product D,1291,1108,46,32,Machine Failure,Evening,5.2,77116.99
2025-04-19,Plant C,Line 4,Product E,905,889,29,17,Quality Issue,Morning,0.3,64970.54
2025-04-19,Plant A,Line 1,Product E,1019,954,28,34,Planned Maintenance,Evening,3.1,78656.74
2025-04-19,Plant B,Line 3,Product E,987,888,34,41,Planned Maintenance,Night,4.1,74427.08
2025-04-19,Plant A,Line 1,Product E,1073,1016,39,30,Planned Maintenance,Night,1.2,79585.25
2025-04-20,Plant B,Line 2,Product A,801,681,24,63,Material Shortage,Morning,7.5,61793.16
2025-04-20,Plant B,Line 2,Product B,1040,948,39,28,Machine Failure,Morning,6.4,73572.75
2025-04-20,Plant C,Line 2,Product A,887,815,15,41,Material Shortage,Evening,6.3,62447.11
2025-04-21,Plant C,Line 4,Product E,1049,1002,32,26,Changeover,Evening,1.7,72933.73
2025-04-21,Plant B,Line 3,Product B,1275,1080,48,91,Machine Failure,Evening,3.8,78675.59
2025-04-21,Plant B,Line 1,Product E,1040,924,47,113,Planned Maintenance,Morning,6.5,81818.4
2025-04-21,Plant C,Line 4,Product C,640,551,9,119,Material Shortage,Evening,5.0,54709.82
2025-04-21,Plant C,Line 3,Product B,1144,1139,35,33,Machine Failure,Evening,4.8,74775.61
2025-04-21,Plant A,Line 1,Product E,1019,947,23,30,Power Failure,Morning,2.9,72984.45
2025-04-21,Plant C,Line 3,Product B,1199,1130,39,59,Power Failure,Night,3.7,75172.98
2025-04-21,Plant C,Line 1,Product D,1265,1217,41,65,Planned Maintenance,Night,1.4,70492.22
2025-04-21,Plant C,Line 2,Product B,1037,956,37,68,Machine Failure,Evening,3.3,64141.54
2025-04-21,Plant A,Line 2,Product A,849,772,31,77,Material Shortage,Morning,3.5,60771.44
2025-04-21,Plant A,Line 1,Product C,840,795,17,46,Changeover,Morning,3.4,73672.82
2025-04-21,Plant A,Line 1,Product C,688,610,10,77,Machine Failure,Morning,3.4,57170.21
2025-04-21,Plant B,Line 1,Product B,1089,1019,41,75,Machine Failure,Night,5.1,78629.26
2025-04-21,Plant A,Line 3,Product E,1081,1053,34,27,Changeover,Morning,3.9,85067.94
2025-04-21,Plant C,Line 3,Product D,1253,1213,49,30,Planned Maintenance,Evening,2.9,67966.62
2025-04-21,Plant A,Line 4,Product A,790,676,16,54,Material Shortage,Evening,6.2,54634.86
2025-04-21,Plant A,Line 1,Product E,891,833,23,26,Changeover,Evening,5.3,71132.63
2025-04-22,Plant A,Line 1,Product A,849,750,23,63,Changeover,Evening,5.9,60637.15
2025-04-22,Plant A,Line 4,Product B,977,958,23,84,Changeover,Night,1.5,64380.51
2025-04-22,Plant B,Line 3,Product C,733,665,27,85,Power Failure,Morning,2.7,64219.69
2025-04-22,Plant A,Line 3,Product B,1132,1048,38,41,Changeover,Evening,0.2,68283.76
2025-04-22,Plant C,Line 2,Product A,826,738,28,93,Power Failure,Night,6.5,61167.19
2025-04-22,Plant A,Line 2,Product E,903,772,38,143,Quality Issue,Evening,2.9,66409.16
2025-04-22,Plant C,Line 3,Product C,883,857,10,27,Machine Failure,Evening,0.0,71705.91
2025-04-22,Plant B,Line 4,Product D,1099,911,52,189,Planned Maintenance,Morning,4.2,62963.48
2025-04-22,Plant B,Line 3,Product E,1073,935,52,117,Machine Failure,Night,6.8,83343.11
2025-04-22,Plant D,Line 2,Product A,823,655,28,57,Quality Issue,Evening,7.1,58471.24
2025-04-22,Plant B,Line 3,Product A,991,870,38,82,Material Shortage,Morning,1.8,69532.27
2025-04-23,Plant B,Line 1,Product E,989,913,25,17,Machine Failure,Morning,4.8,80185.3
2025-04-23,Plant D,Line 2,Product C,675,541,25,117,Changeover,Evening,6.4,59776.32
2025-04-23,Plant B,Line 3,Product C,799,730,19,27,Planned Maintenance,Night,3.6,70039.29
2025-04-23,Plant C,Line 1,Product E,944,949,28,7,Machine Failure,Night,1.2,69018.77
2025-04-23,Plant D,Line 4,Product A,837,599,34,202,Quality Issue,Morning,4.9,52729.64
2025-04-23,Plant D,Line 1,Product A,899,780,38,83,Quality Issue,Morning,3.8,66001.85
2025-04-23,Plant B,Line 2,Product E,941,843,32,30,Quality Issue,Evening,4.6,73947.66
2025-04-23,Plant A,Line 1,Product C,810,733,12,59,Quality Issue,Night,8.1,71084.55
2025-04-23,Plant C,Line 4,Product B,966,895,30,32,Material Shortage,Evening,3.4,60276.39
2025-04-23,Plant D,Line 4,Product B,1067,860,49,130,Material Shortage,Morning,4.2,66041.42
2025-04-23,Plant B,Line 2,Product D,1293,1163,61,68,Quality Issue,Night,8.4,79396.12
2025-04-23,Plant B,Line 3,Product A,965,902,31,86,Changeover,Evening,0.5,69927.65
2025-04-23,Plant A,Line 3,Product E,1007,867,31,83,Machine Failure,Evening,3.2,68375.99
2025-04-23,Plant B,Line 3,Product B,1178,1081,34,123,Quality Issue,Night,7.3,84291.64
2025-04-23,Plant A,Line 1,Product D,1272,1186,55,36,Quality Issue,Night,2.1,70841.11
2025-04-23,Plant B,Line 4,Product B,965,756,31,78,Machine Failure,Morning,5.7,60035.02
2025-04-23,Plant B,Line 2,Product A,759,669,17,52,Machine Failure,Evening,6.8,59624.41
2025-04-23,Plant A,Line 1,Product B,1177,1091,42,49,Power Failure,Morning,0.3,73099.36
2025-04-24,Plant C,Line 3,Product A,933,884,22,51,Machine Failure,Night,4.7,65071.21
2025-04-24,Plant C,Line 3,Product B,1147,1072,31,25,Material Shortage,Morning,0.6,69420.91
2025-04-24,Plant C,Line 2,Product B,994,908,24,53,Machine Failure,Evening,3.7,59384.74
2025-04-24,Plant D,Line 3,Product C,737,638,20,27,Power Failure,Morning,2.1,63960.4
2025-04-24,Plant C,Line 3,Product D,1271,1232,51,78,Power Failure,Night,4.0,74783.09
2025-04-24,Plant A,Line 3,Product D,1336,1192,61,63,Power Failure,Morning,4.0,73895.37
2025-04-24,Plant D,Line 3,Product D,1345,1135,69,160,Planned Maintenance,Morning,5.0,79216.67
2025-04-24,Plant C,Line 4,Product A,788,720,14,25,Planned Maintenance,Evening,8.5,57130.91
2025-04-25,Plant D,Line 1,Product B,1103,956,42,86,Machine Failure,Morning,7.7,75719.61
2025-04-25,Plant B,Line 4,Product C,655,541,20,111,Planned Maintenance,Night,7.5,58651.32
2025-04-25,Plant B,Line 1,Product D,1351,1244,44,32,Changeover,Night,3.1,81129.62
2025-04-25,Plant B,Line 1,Product A,856,683,27,67,Changeover,Morning,8.6,61933.81
2025-04-25,Plant C,Line 4,Product A,724,738,16,30,Machine Failure,Evening,5.3,57547.38
2025-04-25,Plant B,Line 3,Product B,1145,945,55,142,Machine Failure,Morning,5.6,70996.6
2025-04-25,Plant A,Line 3,Product B,1220,1183,35,87,Planned Maintenance,Evening,2.6,78215.47
2025-04-26,Plant A,Line 1,Product E,866,756,30,107,Material Shortage,Night,7.3,66570.33
2025-04-26,Plant A,Line 4,Product D,1077,1017,33,20,Material Shortage,Evening,1.0,60526.53
2025-04-26,Plant C,Line 2,Product A,815,765,18,32,Power Failure,Morning,3.8,57752.74
2025-04-26,Plant A,Line 3,Product B,1138,1082,60,111,Planned Maintenance,Evening,0.0,72996.22
2025-04-26,Plant C,Line 3,Product B,1060,1027,26,28,Material Shortage,Morning,4.0,68114.07
2025-04-26,Plant D,Line 4,Product A,780,551,23,116,Power Failure,Evening,3.8,48510.24
2025-04-26,Plant A,Line 4,Product A,844,750,19,37,Machine Failure,Morning,0.9,55298.42
2025-04-26,Plant A,Line 1,Product D,1286,1233,65,82,Machine Failure,Evening,1.2,76778.03
2025-04-26,Plant A,Line 4,Product E,975,884,39,61,Power Failure,Night,3.5,72311.61
2025-04-26,Plant C,Line 2,Product D,1160,1113,49,21,Machine Failure,Night,3.1,63754.72
2025-04-27,Plant C,Line 4,Product C,618,600,16,15,Power Failure,Evening,2.3,50637.13
2025-04-27,Plant A,Line 3,Product B,1175,1078,32,22,Planned Maintenance,Evening,7.7,77774.64
2025-04-27,Plant B,Line 2,Product E,884,761,36,94,Material Shortage,Night,6.9,70016.8
2025-04-27,Plant B,Line 2,Product A,867,725,37,93,Planned Maintenance,Night,4.4,64421.68
2025-04-27,Plant D,Line 1,Product B,1071,894,47,98,Changeover,Evening,6.5,69942.75
2025-04-27,Plant B,Line 3,Product C,817,793,28,5,Quality Issue,Evening,4.2,79790.19
2025-04-27,Plant C,Line 2,Product D,1280,1225,28,18,Quality Issue,Night,3.4,70997.8
2025-04-27,Plant D,Line 4,Product E,878,774,38,126,Power Failure,Morning,7.0,75391.06
2025-04-27,Plant B,Line 1,Product A,919,828,34,39,Material Shortage,Night,2.4,66127.25
2025-04-27,Plant A,Line 3,Product C,842,831,17,24,Power Failure,Evening,2.4,75003.6
2025-04-27,Plant D,Line 2,Product B,1039,885,37,120,Planned Maintenance,Evening,4.8,68357.05
2025-04-28,Plant B,Line 3,Product B,1138,1016,42,36,Planned Maintenance,Morning,5.4,75586.46
2025-04-28,Plant A,Line 3,Product E,1074,1005,33,54,Quality Issue,Morning,4.2,81196.78
2025-04-28,Plant B,Line 3,Product E,1037,987,29,27,Machine Failure,Evening,4.6,85430.85
2025-04-28,Plant A,Line 4,Product B,910,880,33,18,Machine Failure,Morning,5.1,62334.92
2025-04-28,Plant C,Line 3,Product C,773,682,19,50,Planned Maintenance,Night,2.6,59269.4
2025-04-28,Plant C,Line 1,Product B,1077,1015,46,96,Planned Maintenance,Morning,1.0,63032.77
2025-04-28,Plant A,Line 3,Product D,1348,1268,57,76,Planned Maintenance,Morning,0.0,75698.3
2025-04-28,Plant B,Line 2,Product C,600,555,15,38,Machine Failure,Morning,2.9,54827.26
2025-04-28,Plant B,Line 1,Product B,1120,1001,42,21,Machine Failure,Evening,2.4,72529.87
2025-04-28,Plant B,Line 3,Product E,1041,907,45,74,Changeover,Night,2.1,76844.01
2025-04-28,Plant B,Line 3,Product D,1379,1258,59,67,Planned Maintenance,Morning,2.6,80306.0
2025-04-28,Plant A,Line 1,Product B,1087,1004,29,25,Planned Maintenance,Evening,1.6,65917.0
2025-04-28,Plant D,Line 4,Product C,548,456,11,64,Changeover,Evening,7.6,51196.93
2025-04-28,Plant C,Line 2,Product D,1154,1057,53,67,Quality Issue,Morning,2.0,60770.75
2025-04-28,Plant D,Line 2,Product E,894,779,29,49,Machine Failure,Morning,3.4,70704.05
2025-04-29,Plant A,Line 4,Product D,1001,991,32,61,Power Failure,Morning,5.4,65382.66
2025-04-29,Plant B,Line 4,Product B,999,886,38,139,Planned Maintenance,Morning,4.6,67637.02
2025-04-29,Plant A,Line 3,Product C,793,787,19,16,Machine Failure,Night,0.6,70038.68
2025-04-29,Plant A,Line 2,Product B,1004,991,16,45,Changeover,Evening,2.8,67619.13
2025-04-29,Plant C,Line 4,Product C,647,579,8,28,Machine Failure,Evening,4.0,53148.25
2025-04-29,Plant A,Line 1,Product E,948,902,20,19,Changeover,Evening,0.9,69321.47
2025-04-29,Plant C,Line 1,Product A,966,895,19,55,Planned Maintenance,Morning,1.7,64739.1
2025-04-29,Plant B,Line 1,Product D,1224,1087,52,52,Quality Issue,Morning,7.1,75843.51
2025-04-30,Plant A,Line 1,Product E,913,872,27,17,Machine Failure,Morning,5.4,72983.48
2025-04-30,Plant A,Line 4,Product E,909,883,24,37,Material Shortage,Night,2.2,68114.95
2025-04-30,Plant B,Line 4,Product A,932,798,33,41,Quality Issue,Evening,7.8,66556.11
2025-04-30,Plant B,Line 4,Product B,998,807,44,96,Material Shortage,Morning,1.8,59367.06
2025-04-30,Plant A,Line 1,Product A,932,867,25,40,Machine Failure,Morning,4.8,66482.67
2025-04-30,Plant B,Line 2,Product A,950,824,39,97,Material Shortage,Night,7.2,69349.11
2025-04-30,Plant D,Line 4,Product A,841,697,32,59,Planned Maintenance,Evening,4.7,63158.17
2025-04-30,Plant C,Line 1,Product B,1032,866,32,85,Quality Issue,Morning,6.2,59486.32
2025-04-30,Plant B,Line 4,Product B,954,874,38,25,Quality Issue,Evening,5.3,66555.71
2025-05-01,Plant B,Line 2,Product B,1085,958,34,88,Material Shortage,Evening,4.4,75066.83
2025-05-01,Plant A,Line 1,Product D,1233,1171,40,32,Machine Failure,Morning,6.1,75853.39
2025-05-01,Plant A,Line 3,Product C,796,716,13,54,Machine Failure,Evening,3.6,66847.85
2025-05-01,Plant A,Line 1,Product B,1218,1124,39,87,Machine Failure,Morning,2.8,73517.31
2025-05-02,Plant A,Line 4,Product D,1157,1115,42,69,Planned Maintenance,Evening,3.3,69016.57
2025-05-02,Plant D,Line 1,Product C,730,630,25,79,Machine Failure,Morning,2.0,65192.87
2025-05-02,Plant C,Line 1,Product D,1306,1269,44,22,Quality Issue,Morning,3.1,76119.04
2025-05-02,Plant D,Line 3,Product E,1053,863,37,40,Power Failure,Morning,5.0,75953.41
2025-05-02,Plant B,Line 3,Product D,1307,1199,60,130,Quality Issue,Night,4.0,82463.19
2025-05-02,Plant A,Line 2,Product D,1234,1151,54,48,Machine Failure,Morning,1.8,67965.91
2025-05-02,Plant C,Line 2,Product C,803,752,17,71,Planned Maintenance,Night,3.8,67652.92
2025-05-02,Plant B,Line 3,Product C,834,740,22,29,Changeover,Morning,5.7,75222.65
2025-05-02,Plant C,Line 4,Product D,1233,1181,43,32,Machine Failure,Night,1.6,67896.54
2025-05-02,Plant D,Line 3,Product B,1147,995,42,30,Quality Issue,Evening,8.2,79301.25
2025-05-03,Plant C,Line 4,Product C,600,538,7,15,Changeover,Morning,5.3,49499.99
2025-05-03,Plant B,Line 2,Product D,1192,1140,50,19,Changeover,Morning,0.0,70398.02
2025-05-03,Plant A,Line 3,Product B,1216,1076,40,143,Machine Failure,Night,5.5,79922.95
2025-05-03,Plant B,Line 1,Product B,1096,945,57,114,Power Failure,Night,5.3,73235.48
2025-05-03,Plant A,Line 3,Product A,933,883,29,43,Machine Failure,Morning,1.1,65645.54
2025-05-03,Plant C,Line 1,Product A,992,914,21,58,Machine Failure,Night,1.8,67225.64
2025-05-04,Plant A,Line 2,Product B,1007,1025,31,53,Power Failure,Morning,4.4,70716.76
2025-05-04,Plant B,Line 1,Product A,894,796,31,30,Power Failure,Night,6.4,65682.81
2025-05-04,Plant D,Line 3,Product B,1124,877,51,137,Power Failure,Morning,5.1,67353.74
2025-05-04,Plant C,Line 1,Product C,668,618,16,45,Quality Issue,Morning,2.7,54447.68
2025-05-04,Plant B,Line 2,Product A,772,659,27,117,Machine Failure,Evening,5.0,56519.69
2025-05-04,Plant A,Line 3,Product A,974,846,29,27,Changeover,Night,2.7,62416.72
2025-05-04,Plant B,Line 1,Product D,1240,1067,46,66,Power Failure,Night,5.8,73294.99
2025-05-04,Plant D,Line 3,Product A,963,888,43,61,Material Shortage,Evening,6.3,77916.02
2025-05-04,Plant A,Line 2,Product A,806,774,17,88,Material Shortage,Morning,2.8,60426.42
2025-05-04,Plant C,Line 2,Product E,927,849,28,33,Machine Failure,Morning,6.8,68899.12
2025-05-04,Plant D,Line 1,Product D,1240,996,61,95,Machine Failure,Evening,7.3,72600.34
2025-05-04,Plant C,Line 1,Product A,949,948,19,26,Material Shortage,Evening,4.4,71424.6
2025-05-05,Plant C,Line 2,Product C,794,775,10,15,Material Shortage,Night,3.5,68130.98
2025-05-05,Plant B,Line 4,Product A,822,735,30,52,Machine Failure,Evening,7.3,65944.57
2025-05-05,Plant D,Line 3,Product C,789,642,24,113,Planned Maintenance,Morning,5.4,68803.26
2025-05-05,Plant B,Line 3,Product D,1275,1118,41,41,Machine Failure,Morning,7.0,76182.62
2025-05-05,Plant D,Line 2,Product B,1034,830,43,153,Changeover,Morning,6.6,70420.37
2025-05-05,Plant A,Line 3,Product D,1242,1132,51,97,Material Shortage,Night,3.7,69868.62
2025-05-05,Plant C,Line 4,Product B,1068,972,26,18,Machine Failure,Evening,3.6,63883.02
2025-05-05,Plant D,Line 3,Product C,919,800,35,149,Machine Failure,Morning,7.2,86442.7
2025-05-05,Plant A,Line 4,Product D,1191,1128,45,49,Planned Maintenance,Morning,4.8,70988.65
2025-05-06,Plant B,Line 3,Product B,1198,1085,55,91,Material Shortage,Night,6.3,83560.63
2025-05-06,Plant D,Line 3,Product C,817,653,22,96,Power Failure,Evening,5.6,71746.49
2025-05-06,Plant A,Line 1,Product E,966,951,33,50,Changeover,Morning,4.6,76212.7
2025-05-06,Plant A,Line 2,Product C,760,742,17,22,Planned Maintenance,Morning,0.8,67143.43
2025-05-06,Plant D,Line 3,Product A,951,811,29,9,Material Shortage,Night,7.3,70704.3
2025-05-06,Plant D,Line 1,Product A,836,696,30,16,Material Shortage,Night,9.5,65810.56
2025-05-06,Plant A,Line 2,Product C,776,723,13,33,Power Failure,Evening,2.4,67089.88
2025-05-06,Plant B,Line 2,Product A,837,724,30,85,Machine Failure,Morning,3.0,61501.84
2025-05-06,Plant C,Line 2,Product A,856,788,24,88,Changeover,Morning,1.2,58835.36
2025-05-06,Plant C,Line 2,Product C,782,725,9,23,Material Shortage,Evening,3.9,65438.49
2025-05-07,Plant A,Line 2,Product B,1003,936,29,56,Material Shortage,Morning,2.4,64682.86
2025-05-07,Plant D,Line 4,Product C,652,495,26,240,Changeover,Morning,4.4,54761.3
2025-05-07,Plant A,Line 2,Product D,1186,1131,49,56,Changeover,Morning,3.0,71330.21
2025-05-07,Plant A,Line 2,Product B,1069,1026,32,71,Power Failure,Evening,3.5,71695.28
2025-05-07,Plant B,Line 3,Product A,934,795,34,65,Changeover,Evening,2.8,63189.99
2025-05-07,Plant B,Line 3,Product C,727,647,28,119,Power Failure,Night,7.6,70327.07
2025-05-07,Plant A,Line 2,Product A,924,824,32,68,Changeover,Evening,4.3,64288.75
2025-05-07,Plant B,Line 4,Product C,652,554,20,39,Power Failure,Evening,4.5,57768.63
2025-05-07,Plant A,Line 4,Product D,1077,950,32,70,Power Failure,Morning,6.1,61353.76
2025-05-07,Plant A,Line 2,Product D,1168,1084,54,147,Machine Failure,Night,2.0,67005.26
2025-05-07,Plant A,Line 2,Product C,739,614,15,97,Power Failure,Evening,8.0,63561.44
2025-05-08,Plant C,Line 2,Product A,848,841,9,19,Planned Maintenance,Morning,2.7,61877.84
2025-05-08,Plant D,Line 4,Product B,1012,904,47,44,Power Failure,Evening,6.9,71929.91
2025-05-08,Plant A,Line 4,Product A,938,931,20,51,Machine Failure,Morning,1.8,68076.54
2025-05-08,Plant B,Line 2,Product B,1071,950,45,67,Changeover,Morning,5.8,73356.89
2025-05-08,Plant D,Line 2,Product E,943,707,50,179,Machine Failure,Morning,5.0,67887.59
2025-05-08,Plant C,Line 3,Product E,974,906,28,49,Power Failure,Evening,2.1,69448.55
2025-05-08,Plant C,Line 2,Product C,669,637,15,53,Machine Failure,Night,1.5,59432.2
2025-05-08,Plant B,Line 2,Product B,1031,845,41,79,Power Failure,Morning,6.2,64691.02
2025-05-08,Plant B,Line 1,Product B,1047,917,43,41,Power Failure,Evening,3.6,68677.16
2025-05-08,Plant D,Line 2,Product D,1246,1016,56,71,Machine Failure,Evening,7.3,74200.9
2025-05-08,Plant B,Line 1,Product D,1157,1065,43,44,Changeover,Morning,1.9,66734.0
2025-05-08,Plant B,Line 4,Product B,973,841,37,57,Power Failure,Morning,2.7,63060.84
2025-05-09,Plant C,Line 2,Product D,1151,1138,24,7,Material Shortage,Morning,0.7,65764.73
2025-05-09,Plant C,Line 1,Product A,846,818,18,63,Changeover,Morning,3.8,60815.9
2025-05-09,Plant D,Line 4,Product E,877,770,35,47,Machine Failure,Morning,7.9,70847.84
2025-05-09,Plant A,Line 1,Product E,957,883,31,64,Changeover,Evening,2.5,70581.37
2025-05-09,Plant D,Line 1,Product E,972,837,46,77,Material Shortage,Evening,5.1,75910.6
2025-05-09,Plant A,Line 3,Product B,1136,1100,25,37,Material Shortage,Evening,4.2,77114.4
2025-05-09,Plant C,Line 2,Product A,834,809,13,49,Machine Failure,Night,4.9,58529.6
2025-05-09,Plant D,Line 4,Product C,605,506,23,90,Material Shortage,Morning,8.4,56929.92
2025-05-09,Plant C,Line 4,Product E,929,917,20,30,Quality Issue,Evening,3.4,70422.68
2025-05-09,Plant A,Line 2,Product D,1144,1129,54,54,Material Shortage,Morning,0.0,65821.35
2025-05-09,Plant D,Line 4,Product B,944,783,42,92,Planned Maintenance,Morning,2.4,61648.04
2025-05-09,Plant A,Line 1,Product B,1089,924,34,174,Machine Failure,Morning,4.8,68209.19
2025-05-09,Plant C,Line 2,Product C,685,695,11,43,Material Shortage,Night,4.7,63117.4
2025-05-10,Plant B,Line 2,Product C,767,678,32,167,Planned Maintenance,Night,3.0,70458.08
2025-05-10,Plant D,Line 1,Product C,811,677,28,86,Material Shortage,Evening,2.6,68063.72
2025-05-10,Plant D,Line 4,Product C,667,541,28,116,Machine Failure,Evening,4.4,58414.96
2025-05-10,Plant A,Line 2,Product B,1045,1005,38,36,Changeover,Morning,3.5,68594.32
2025-05-10,Plant A,Line 4,Product A,801,709,25,49,Planned Maintenance,Morning,2.6,54007.16
2025-05-10,Plant C,Line 1,Product C,774,681,11,73,Machine Failure,Morning,6.6,63211.06
2025-05-10,Plant B,Line 3,Product E,972,891,26,11,Quality Issue,Night,5.9,75432.39
2025-05-10,Plant B,Line 4,Product E,902,802,32,33,Quality Issue,Night,8.3,70790.32
2025-05-10,Plant B,Line 3,Product C,792,750,30,30,Machine Failure,Morning,2.1,73327.38
2025-05-10,Plant C,Line 2,Product A,1025,1034,28,79,Material Shortage,Morning,2.9,75813.37
2025-05-10,Plant D,Line 1,Product C,678,564,24,121,Planned Maintenance,Morning,8.7,64646.98
2025-05-10,Plant C,Line 1,Product B,1116,1040,29,43,Quality Issue,Evening,4.2,69451.23
2025-05-10,Plant D,Line 3,Product E,980,803,41,45,Changeover,Night,1.2,67611.38
2025-05-11,Plant D,Line 1,Product B,1169,1011,45,59,Machine Failure,Evening,3.6,77041.22
2025-05-11,Plant A,Line 2,Product E,956,893,16,24,Changeover,Evening,4.1,73280.18
2025-05-11,Plant A,Line 1,Product C,631,563,19,85,Machine Failure,Morning,7.5,56384.59
2025-05-11,Plant B,Line 2,Product B,968,859,34,51,Changeover,Morning,4.3,61872.73
2025-05-11,Plant B,Line 4,Product A,814,651,28,136,Quality Issue,Morning,6.5,57113.28
2025-05-11,Plant C,Line 2,Product C,747,744,13,30,Power Failure,Morning,3.4,65735.57
2025-05-11,Plant C,Line 1,Product E,888,895,25,21,Machine Failure,Evening,4.7,69646.48
2025-05-11,Plant A,Line 2,Product A,870,851,27,50,Material Shortage,Night,2.6,65763.04
2025-05-11,Plant B,Line 3,Product E,1060,929,45,54,Quality Issue,Night,4.3,79217.02
2025-05-12,Plant D,Line 1,Product A,920,779,46,196,Machine Failure,Evening,2.2,67611.28
2025-05-12,Plant A,Line 4,Product A,788,708,20,107,Planned Maintenance,Morning,5.5,59728.72
2025-05-12,Plant B,Line 4,Product A,805,737,26,74,Planned Maintenance,Evening,1.1,57804.97
2025-05-12,Plant A,Line 4,Product E,950,877,37,67,Quality Issue,Morning,1.9,69611.66
2025-05-12,Plant B,Line 2,Product C,688,593,15,88,Planned Maintenance,Morning,3.5,59059.11
2025-05-12,Plant B,Line 3,Product E,1014,855,37,56,Machine Failure,Night,4.7,76568.21
2025-05-12,Plant D,Line 4,Product B,1037,912,38,71,Changeover,Night,7.4,72534.15
2025-05-12,Plant A,Line 1,Product B,1027,991,29,23,Material Shortage,Morning,5.8,69506.73
2025-05-12,Plant D,Line 1,Product D,1177,1055,58,47,Planned Maintenance,Evening,6.9,73916.21
2025-05-12,Plant C,Line 4,Product B,993,915,29,129,Changeover,Morning,4.4,62899.25
2025-05-13,Plant A,Line 1,Product B,1016,918,33,66,Machine Failure,Evening,5.4,68562.87
2025-05-13,Plant B,Line 3,Product C,748,667,22,51,Power Failure,Morning,2.4,67045.63
2025-05-13,Plant C,Line 4,Product A,829,753,17,28,Changeover,Night,7.1,59778.55
2025-05-13,Plant D,Line 3,Product D,1253,1101,70,56,Machine Failure,Night,3.9,75904.45
2025-05-13,Plant D,Line 2,Product D,1312,1105,65,131,Machine Failure,Morning,4.8,79961.62
2025-05-13,Plant A,Line 3,Product E,1019,920,34,84,Changeover,Morning,5.1,77162.48
2025-05-14,Plant A,Line 2,Product E,887,823,37,68,Planned Maintenance,Morning,1.2,64587.39
2025-05-14,Plant A,Line 3,Product C,822,711,25,136,Planned Maintenance,Morning,5.2,66960.76
2025-05-14,Plant B,Line 1,Product A,963,855,32,70,Quality Issue,Morning,7.6,75004.19
2025-05-14,Plant C,Line 2,Product B,1097,1130,34,37,Planned Maintenance,Morning,1.2,71830.6
2025-05-14,Plant A,Line 3,Product E,1124,1031,45,129,Material Shortage,Evening,6.0,84202.36
2025-05-14,Plant C,Line 2,Product C,797,791,16,38,Quality Issue,Night,3.4,71507.05
2025-05-14,Plant D,Line 3,Product C,673,595,28,96,Machine Failure,Morning,5.5,64862.41
2025-05-14,Plant B,Line 4,Product D,1121,1018,39,35,Changeover,Morning,5.6,67378.86
2025-05-14,Plant D,Line 3,Product E,1101,874,44,95,Machine Failure,Evening,4.6,77424.32
2025-05-15,Plant A,Line 2,Product A,891,799,17,49,Machine Failure,Night,7.9,66050.52
2025-05-15,Plant C,Line 1,Product C,807,813,12,41,Quality Issue,Night,0.2,67563.79
2025-05-15,Plant A,Line 3,Product E,1038,963,36,24,Planned Maintenance,Morning,4.2,77209.82
2025-05-15,Plant B,Line 1,Product C,746,653,19,43,Power Failure,Evening,7.7,70346.49
2025-05-15,Plant B,Line 3,Product A,903,830,36,89,Machine Failure,Night,5.6,70090.58
2025-05-15,Plant C,Line 4,Product A,824,794,20,24,Machine Failure,Evening,3.0,59421.91
2025-05-16,Plant A,Line 4,Product E,933,862,24,29,Planned Maintenance,Evening,5.4,69115.61
2025-05-16,Plant D,Line 1,Product B,1076,923,39,106,Power Failure,Evening,4.7,72686.4
2025-05-16,Plant C,Line 3,Product C,822,790,18,49,Machine Failure,Morning,0.3,67003.03
2025-05-16,Plant C,Line 4,Product A,727,734,22,22,Changeover,Morning,3.9,53425.2
2025-05-16,Plant D,Line 3,Product B,1164,995,48,77,Planned Maintenance,Night,5.2,78481.81
2025-05-17,Plant A,Line 2,Product A,909,826,28,38,Machine Failure,Morning,5.0,62461.92
2025-05-17,Plant D,Line 3,Product B,1154,951,52,68,Material Shortage,Morning,6.8,76188.38
2025-05-17,Plant A,Line 1,Product E,975,916,37,86,Power Failure,Evening,2.0,70554.82
2025-05-17,Plant B,Line 2,Product C,761,667,26,145,Material Shortage,Morning,7.1,72712.63
2025-05-17,Plant B,Line 4,Product A,771,647,25,86,Machine Failure,Night,4.2,54836.54
2025-05-17,Plant B,Line 3,Product E,1068,943,27,64,Material Shortage,Evening,7.0,80268.61
2025-05-17,Plant B,Line 3,Product B,1167,1071,44,29,Quality Issue,Evening,4.8,77547.44
2025-05-17,Plant C,Line 2,Product D,1171,1131,45,58,Power Failure,Evening,1.8,65633.32
2025-05-17,Plant A,Line 3,Product B,1113,1021,37,54,Changeover,Evening,3.2,69499.72
2025-05-17,Plant C,Line 2,Product C,700,679,13,71,Changeover,Morning,2.8,62561.41
2025-05-17,Plant A,Line 1,Product B,1113,968,44,34,Changeover,Night,2.3,66043.89
2025-05-17,Plant D,Line 4,Product D,1115,899,49,104,Power Failure,Night,3.4,60901.37
2025-05-17,Plant D,Line 2,Product C,703,587,24,73,Machine Failure,Night,3.6,63722.47
2025-05-17,Plant A,Line 4,Product A,865,832,31,99,Quality Issue,Night,2.0,62284.74
2025-05-18,Plant A,Line 1,Product A,842,733,22,39,Machine Failure,Night,7.4,57547.75
2025-05-18,Plant A,Line 3,Product D,1383,1312,41,68,Material Shortage,Evening,0.8,77856.91
2025-05-18,Plant C,Line 4,Product C,593,599,15,31,Machine Failure,Evening,3.5,52302.28
2025-05-18,Plant B,Line 2,Product B,1013,798,39,127,Machine Failure,Morning,7.6,63580.04
2025-05-18,Plant C,Line 2,Product E,955,960,28,58,Changeover,Evening,0.1,69579.03
2025-05-18,Plant C,Line 2,Product B,974,958,24,58,Machine Failure,Morning,0.1,58848.87
2025-05-18,Plant A,Line 2,Product C,633,558,5,52,Planned Maintenance,Evening,7.6,59733.64
2025-05-19,Plant B,Line 2,Product C,708,622,23,130,Machine Failure,Evening,7.0,66857.75
2025-05-19,Plant C,Line 1,Product A,950,865,18,22,Planned Maintenance,Morning,3.7,62776.14
2025-05-19,Plant C,Line 1,Product E,988,983,21,28,Planned Maintenance,Night,3.9,76579.13
2025-05-19,Plant B,Line 3,Product D,1260,1130,46,18,Machine Failure,Night,6.5,75975.76
2025-05-19,Plant B,Line 1,Product A,841,705,24,96,Planned Maintenance,Morning,5.7,62875.07
2025-05-19,Plant D,Line 1,Product C,770,604,21,41,Power Failure,Night,2.7,61840.66
2025-05-19,Plant B,Line 2,Product E,915,824,37,47,Machine Failure,Morning,3.6,71069.36
2025-05-19,Plant C,Line 4,Product A,764,739,20,102,Material Shortage,Morning,3.9,58825.04
2025-05-19,Plant D,Line 3,Product A,971,853,37,46,Planned Maintenance,Night,4.7,72836.73
2025-05-20,Plant A,Line 2,Product D,1166,1074,49,117,Changeover,Morning,4.3,66167.22
2025-05-20,Plant C,Line 4,Product D,1193,1124,36,24,Material Shortage,Morning,3.2,65574.89
2025-05-20,Plant D,Line 2,Product B,1034,891,37,20,Planned Maintenance,Evening,3.7,68612.0
2025-05-20,Plant A,Line 3,Product B,1249,1212,41,25,Changeover,Morning,1.7,81176.06
2025-05-20,Plant C,Line 2,Product E,943,932,31,38,Power Failure,Night,3.7,71841.35
2025-05-20,Plant C,Line 1,Product D,1197,1131,28,43,Machine Failure,Evening,2.5,68245.16
2025-05-20,Plant C,Line 2,Product D,1304,1310,42,47,Material Shortage,Evening,4.3,76664.62
2025-05-21,Plant C,Line 2,Product C,739,746,7,24,Material Shortage,Evening,3.0,64244.59
2025-05-21,Plant D,Line 1,Product B,1161,1006,45,62,Machine Failure,Night,7.6,79322.82
2025-05-21,Plant B,Line 2,Product D,1175,1062,52,30,Planned Maintenance,Morning,7.8,72101.44
2025-05-21,Plant A,Line 4,Product D,1163,1072,42,28,Machine Failure,Night,0.8,62493.13
2025-05-21,Plant B,Line 2,Product E,963,863,37,22,Planned Maintenance,Evening,3.5,73777.0
2025-05-21,Plant D,Line 4,Product C,651,569,21,35,Material Shortage,Night,8.2,64145.28
2025-05-21,Plant A,Line 1,Product E,1005,954,45,85,Machine Failure,Evening,3.7,74720.21
2025-05-21,Plant D,Line 3,Product D,1301,1071,48,22,Material Shortage,Night,5.3,75498.82
2025-05-21,Plant D,Line 1,Product D,1339,1138,51,71,Changeover,Evening,3.1,76398.79
2025-05-21,Plant A,Line 3,Product D,1317,1234,48,81,Material Shortage,Morning,2.3,75481.81
2025-05-21,Plant B,Line 4,Product A,762,660,27,60,Machine Failure,Night,6.5,59179.61
2025-05-21,Plant B,Line 4,Product A,807,663,22,63,Quality Issue,Morning,5.9,55103.98
2025-05-21,Plant D,Line 4,Product D,1191,1014,64,105,Machine Failure,Morning,3.8,70266.83
2025-05-21,Plant D,Line 4,Product B,962,769,49,240,Machine Failure,Evening,3.4,63844.36
2025-05-22,Plant B,Line 2,Product C,817,723,28,100,Changeover,Morning,7.1,77151.73
2025-05-22,Plant C,Line 3,Product A,922,851,17,67,Material Shortage,Night,3.1,64781.76
2025-05-22,Plant C,Line 2,Product E,868,776,25,53,Planned Maintenance,Morning,5.2,60966.04
2025-05-22,Plant A,Line 4,Product C,630,654,13,105,Machine Failure,Evening,0.5,61187.76
2025-05-22,Plant A,Line 2,Product B,1016,897,28,35,Machine Failure,Morning,3.2,63142.85
2025-05-23,Plant A,Line 4,Product B,985,902,31,110,Machine Failure,Night,5.2,67441.64
2025-05-23,Plant A,Line 2,Product D,1212,1153,48,20,Material Shortage,Night,2.2,69540.94
2025-05-23,Plant B,Line 1,Product A,941,769,20,24,Machine Failure,Evening,5.1,64414.54
2025-05-23,Plant D,Line 1,Product D,1229,1007,66,142,Changeover,Morning,2.7,68696.52
2025-05-23,Plant D,Line 2,Product C,737,641,15,36,Changeover,Morning,3.3,64832.38
2025-05-23,Plant A,Line 2,Product E,965,882,32,36,Quality Issue,Evening,2.9,68583.99
2025-05-23,Plant B,Line 4,Product A,814,708,30,21,Machine Failure,Morning,1.8,55844.71
2025-05-23,Plant B,Line 4,Product B,1038,905,51,99,Machine Failure,Morning,4.2,68789.75
2025-05-23,Plant B,Line 3,Product D,1366,1107,70,240,Machine Failure,Night,2.2,71170.18
2025-05-23,Plant B,Line 3,Product C,767,595,22,145,Power Failure,Night,2.3,59665.32
2025-05-23,Plant B,Line 2,Product B,1045,961,33,15,Material Shortage,Evening,6.7,71045.31
2025-05-24,Plant C,Line 2,Product D,1190,1137,55,13,Changeover,Evening,1.7,64706.31
2025-05-24,Plant A,Line 3,Product A,1064,995,39,36,Material Shortage,Evening,2.9,75924.94
2025-05-24,Plant A,Line 4,Product E,867,739,26,83,Material Shortage,Night,5.4,60809.03
2025-05-24,Plant A,Line 3,Product C,785,664,18,95,Planned Maintenance,Morning,7.6,65814.99
2025-05-24,Plant A,Line 2,Product C,846,778,28,53,Power Failure,Morning,8.2,73471.53
2025-05-24,Plant C,Line 3,Product B,1129,1052,37,49,Material Shortage,Evening,0.0,66068.74
2025-05-24,Plant A,Line 2,Product A,913,852,14,51,Machine Failure,Morning,2.8,66159.36
2025-05-24,Plant A,Line 3,Product C,791,719,5,28,Power Failure,Night,2.3,66779.1
2025-05-24,Plant D,Line 3,Product C,807,624,25,131,Planned Maintenance,Evening,7.0,68696.43
2025-05-24,Plant C,Line 1,Product C,673,629,11,52,Power Failure,Morning,1.2,54709.96
2025-05-24,Plant A,Line 3,Product D,1245,1181,38,24,Changeover,Morning,1.3,72548.37
2025-05-24,Plant C,Line 2,Product D,1265,1206,27,30,Power Failure,Evening,3.5,71806.88
2025-05-24,Plant D,Line 2,Product A,948,786,37,47,Power Failure,Evening,6.0,68305.64
2025-05-25,Plant D,Line 1,Product D,1254,996,67,191,Quality Issue,Morning,8.2,75387.93
2025-05-25,Plant A,Line 2,Product C,652,613,13,39,Machine Failure,Night,1.0,57968.09
2025-05-25,Plant C,Line 1,Product C,841,790,14,61,Planned Maintenance,Morning,1.3,68962.98
2025-05-25,Plant D,Line 3,Product D,1267,1088,54,62,Power Failure,Evening,3.5,75627.69
2025-05-25,Plant B,Line 4,Product B,874,776,32,30,Machine Failure,Morning,0.5,56883.56
2025-05-25,Plant B,Line 4,Product E,962,851,37,55,Machine Failure,Evening,5.0,76376.43
2025-05-25,Plant D,Line 1,Product B,1069,897,43,37,Machine Failure,Evening,6.0,68896.24
2025-05-25,Plant B,Line 3,Product A,864,722,31,139,Machine Failure,Morning,8.1,64881.46
2025-05-25,Plant A,Line 3,Product E,1108,1076,25,48,Machine Failure,Evening,0.0,82215.47
2025-05-26,Plant D,Line 4,Product E,855,765,37,48,Machine Failure,Morning,4.6,67559.76
2025-05-26,Plant C,Line 2,Product E,962,885,28,21,Changeover,Evening,5.2,67351.94
2025-05-26,Plant B,Line 1,Product B,1069,977,42,79,Quality Issue,Morning,2.7,71888.95
2025-05-26,Plant A,Line 2,Product E,960,922,31,24,Machine Failure,Evening,4.6,74410.94
2025-05-26,Plant A,Line 4,Product A,830,721,21,70,Quality Issue,Evening,5.5,55719.22
2025-05-26,Plant B,Line 1,Product B,1089,983,41,83,Material Shortage,Morning,5.7,75137.01
2025-05-26,Plant C,Line 4,Product D,1215,1169,37,29,Material Shortage,Morning,4.7,68939.65
2025-05-26,Plant D,Line 1,Product A,870,708,34,43,Changeover,Evening,7.4,62200.79
2025-05-26,Plant A,Line 2,Product C,685,595,12,42,Changeover,Evening,2.7,54524.55
2025-05-26,Plant A,Line 3,Product E,1045,963,28,65,Changeover,Evening,4.7,77444.84
2025-05-27,Plant C,Line 2,Product A,789,752,18,40,Changeover,Evening,1.2,51507.76
2025-05-27,Plant B,Line 4,Product C,707,533,15,134,Machine Failure,Evening,6.8,59160.61
2025-05-27,Plant A,Line 2,Product B,1050,986,36,32,Quality Issue,Evening,2.7,69449.02
2025-05-27,Plant C,Line 4,Product B,1050,1011,27,58,Planned Maintenance,Night,0.5,63180.27
2025-05-27,Plant D,Line 4,Product A,831,629,32,185,Planned Maintenance,Morning,8.0,60420.05
2025-05-27,Plant C,Line 2,Product B,1046,988,33,36,Planned Maintenance,Morning,3.0,65377.87
2025-05-27,Plant C,Line 1,Product E,1001,950,28,57,Changeover,Night,3.3,72764.64
2025-05-27,Plant A,Line 3,Product D,1342,1244,51,54,Machine Failure,Evening,2.4,77054.48
2025-05-27,Plant B,Line 4,Product C,705,602,15,70,Planned Maintenance,Evening,2.7,59048.12
2025-05-27,Plant A,Line 1,Product E,910,880,27,29,Machine Failure,Morning,0.0,67815.5
2025-05-27,Plant A,Line 4,Product C,730,700,13,47,Machine Failure,Morning,0.7,63637.47
2025-05-27,Plant D,Line 4,Product E,868,672,26,57,Changeover,Morning,1.6,60470.95
2025-05-27,Plant D,Line 1,Product E,1000,859,44,94,Power Failure,Evening,4.4,76305.04
2025-05-28,Plant C,Line 1,Product D,1208,1234,46,11,Quality Issue,Evening,0.2,68781.44
2025-05-28,Plant C,Line 4,Product C,589,518,14,13,Machine Failure,Night,6.2,50526.02
2025-05-28,Plant C,Line 2,Product C,667,681,16,7,Planned Maintenance,Evening,1.1,57890.04
2025-05-28,Plant A,Line 3,Product C,855,764,27,86,Power Failure,Night,2.8,73702.85
2025-05-28,Plant A,Line 4,Product E,941,861,39,72,Material Shortage,Evening,6.8,70955.03
2025-05-28,Plant D,Line 4,Product D,1101,877,52,136,Changeover,Evening,5.9,64651.66
2025-05-28,Plant B,Line 4,Product D,1047,923,41,50,Planned Maintenance,Morning,2.1,59534.04
2025-05-28,Plant C,Line 4,Product C,677,654,9,64,Material Shortage,Evening,4.1,59360.91
2025-05-28,Plant C,Line 2,Product C,743,700,15,25,Power Failure,Morning,0.3,60893.76
2025-05-28,Plant B,Line 1,Product A,950,859,36,121,Material Shortage,Night,7.0,74266.05
2025-05-29,Plant B,Line 3,Product D,1332,1221,70,95,Machine Failure,Night,9.2,83964.09
2025-05-29,Plant B,Line 3,Product D,1333,1196,65,111,Machine Failure,Evening,4.8,78502.92
2025-05-29,Plant C,Line 2,Product E,928,897,20,37,Quality Issue,Morning,2.4,66471.69
2025-05-29,Plant B,Line 3,Product A,958,855,37,87,Changeover,Morning,4.8,71369.73
2025-05-29,Plant C,Line 3,Product D,1321,1225,40,23,Machine Failure,Evening,1.8,71603.01
2025-05-29,Plant A,Line 2,Product C,810,779,22,17,Material Shortage,Morning,4.3,73685.88
2025-05-29,Plant A,Line 1,Product A,902,805,24,40,Material Shortage,Evening,4.5,61757.59
2025-05-29,Plant C,Line 1,Product C,701,656,16,45,Machine Failure,Evening,1.1,55267.81
2025-05-29,Plant A,Line 2,Product B,1071,1033,44,23,Quality Issue,Morning,1.8,70565.45
2025-05-29,Plant C,Line 3,Product E,1094,1100,40,25,Changeover,Evening,0.5,81870.88
2025-05-30,Plant B,Line 1,Product D,1309,1159,62,49,Quality Issue,Evening,7.1,75684.81
2025-05-30,Plant D,Line 4,Product C,724,645,31,103,Machine Failure,Morning,4.6,70121.22
2025-05-30,Plant C,Line 2,Product A,920,927,28,34,Power Failure,Night,1.5,66201.4
2025-05-30,Plant D,Line 1,Product B,1161,1006,49,48,Material Shortage,Night,4.8,75409.72
2025-05-31,Plant D,Line 4,Product D,1148,974,70,233,Machine Failure,Evening,3.6,68902.46
2025-05-31,Plant C,Line 1,Product D,1190,1118,48,45,Material Shortage,Night,5.9,66323.58
2025-05-31,Plant C,Line 2,Product B,1006,969,22,44,Planned Maintenance,Night,2.1,60120.21
2025-05-31,Plant A,Line 4,Product C,634,637,15,65,Machine Failure,Morning,1.0,60309.51
2025-05-31,Plant C,Line 3,Product D,1270,1178,48,59,Planned Maintenance,Evening,0.8,67748.9
2025-05-31,Plant B,Line 4,Product E,992,901,38,81,Power Failure,Morning,4.3,76860.57
2025-05-31,Plant C,Line 2,Product A,925,885,18,19,Material Shortage,Night,3.0,62975.29
2025-06-01,Plant C,Line 4,Product C,663,650,13,53,Planned Maintenance,Evening,0.7,58401.13
2025-06-01,Plant A,Line 1,Product E,1013,909,31,59,Changeover,Evening,2.2,72461.52
2025-06-01,Plant A,Line 3,Product C,767,690,26,72,Changeover,Evening,3.4,62060.96
2025-06-01,Plant D,Line 3,Product A,913,751,27,48,Planned Maintenance,Evening,7.9,68800.65
2025-06-01,Plant A,Line 3,Product D,1336,1203,54,107,Quality Issue,Morning,6.3,77889.8
2025-06-01,Plant D,Line 2,Product C,723,580,30,197,Machine Failure,Morning,6.1,65390.31
2025-06-02,Plant B,Line 1,Product E,994,884,38,33,Machine Failure,Evening,6.9,77839.91
2025-06-02,Plant A,Line 3,Product A,921,879,29,10,Quality Issue,Morning,2.6,67506.63
2025-06-02,Plant A,Line 2,Product D,1230,1155,45,38,Planned Maintenance,Evening,1.5,70895.25
2025-06-02,Plant B,Line 4,Product C,717,592,24,99,Machine Failure,Morning,2.2,60715.65
2025-06-02,Plant B,Line 4,Product A,776,720,28,70,Machine Failure,Evening,1.0,56739.77
2025-06-02,Plant B,Line 2,Product B,1027,878,45,83,Machine Failure,Night,5.5,65432.99
2025-06-02,Plant C,Line 1,Product E,1028,1031,34,12,Material Shortage,Evening,0.7,77551.14
2025-06-02,Plant B,Line 2,Product C,836,733,23,67,Planned Maintenance,Night,6.0,72932.66
2025-06-03,Plant D,Line 4,Product C,716,628,26,90,Planned Maintenance,Night,3.8,66714.35
2025-06-03,Plant B,Line 1,Product E,1025,784,41,197,Power Failure,Morning,4.0,70223.15
2025-06-03,Plant C,Line 3,Product D,1335,1334,45,11,Changeover,Morning,4.2,76203.22
2025-06-03,Plant B,Line 2,Product A,868,753,36,83,Material Shortage,Evening,3.7,60360.79
2025-06-03,Plant C,Line 2,Product C,712,704,16,39,Power Failure,Night,4.3,63595.69
2025-06-03,Plant B,Line 2,Product B,1072,899,39,60,Power Failure,Morning,5.3,67223.5
2025-06-03,Plant B,Line 3,Product B,1137,1024,43,35,Changeover,Night,5.7,75778.92
2025-06-03,Plant B,Line 3,Product E,1023,878,34,56,Changeover,Night,5.8,75043.27
2025-06-03,Plant B,Line 4,Product B,990,854,30,50,Machine Failure,Night,3.9,63241.01
2025-06-03,Plant A,Line 3,Product C,817,773,25,108,Machine Failure,Evening,2.1,72068.54
2025-06-03,Plant D,Line 4,Product E,981,830,44,88,Machine Failure,Morning,6.7,75148.12
2025-06-03,Plant D,Line 3,Product B,1200,990,62,210,Material Shortage,Evening,3.4,75777.2
2025-06-03,Plant C,Line 1,Product E,1000,925,10,40,Machine Failure,Morning,5.1,71206.67
2025-06-03,Plant B,Line 3,Product D,1329,1181,64,83,Planned Maintenance,Evening,8.0,81343.88
2025-06-03,Plant A,Line 3,Product D,1262,1199,55,110,Power Failure,Morning,1.6,75882.89
2025-06-04,Plant B,Line 2,Product E,1048,933,40,53,Planned Maintenance,Night,6.9,80666.1
2025-06-04,Plant D,Line 1,Product A,879,706,32,98,Machine Failure,Night,4.9,60685.15
2025-06-04,Plant A,Line 1,Product B,1068,960,39,86,Machine Failure,Morning,6.5,71284.64
2025-06-04,Plant A,Line 2,Product B,970,908,37,38,Quality Issue,Evening,1.5,58263.38
2025-06-04,Plant D,Line 2,Product D,1176,1036,49,87,Material Shortage,Morning,4.5,70985.94
2025-06-04,Plant B,Line 4,Product D,1100,984,45,51,Machine Failure,Morning,2.0,64402.41
2025-06-04,Plant D,Line 3,Product A,946,787,39,136,Machine Failure,Night,3.7,68358.93
2025-06-04,Plant D,Line 4,Product C,605,456,21,140,Machine Failure,Morning,4.8,51457.39
2025-06-04,Plant D,Line 4,Product C,595,481,24,104,Machine Failure,Morning,3.1,50600.71
2025-06-05,Plant C,Line 3,Product D,1342,1254,48,73,Material Shortage,Night,3.1,72663.91
2025-06-05,Plant A,Line 1,Product C,690,612,22,78,Material Shortage,Night,5.8,60666.24
2025-06-05,Plant C,Line 4,Product C,786,724,16,38,Planned Maintenance,Evening,0.7,63203.49
2025-06-05,Plant D,Line 3,Product E,1101,966,53,83,Power Failure,Evening,4.9,87018.39
2025-06-05,Plant C,Line 1,Product D,1283,1229,38,35,Material Shortage,Morning,2.4,70844.39
2025-06-05,Plant C,Line 3,Product C,728,719,13,33,Quality Issue,Night,3.0,62598.44
2025-06-05,Plant A,Line 4,Product B,1041,970,31,56,Machine Failure,Night,1.9,64316.06
2025-06-05,Plant B,Line 3,Product E,1107,1018,37,38,Quality Issue,Evening,5.4,87489.41
2025-06-05,Plant D,Line 1,Product E,950,860,39,34,Quality Issue,Evening,7.8,81652.81
2025-06-05,Plant C,Line 2,Product A,907,872,23,74,Machine Failure,Morning,3.6,64258.1
2025-06-05,Plant B,Line 2,Product D,1210,1125,66,91,Machine Failure,Morning,0.5,70444.96
2025-06-05,Plant A,Line 2,Product A,768,750,16,16,Material Shortage,Evening,0.8,54211.75
2025-06-05,Plant C,Line 2,Product E,944,885,44,83,Planned Maintenance,Night,3.6,69757.01
2025-06-05,Plant B,Line 3,Product B,1102,979,42,65,Quality Issue,Morning,5.3,73389.08
2025-06-06,Plant C,Line 3,Product A,940,916,6,31,Machine Failure,Morning,2.8,67704.84
2025-06-06,Plant A,Line 2,Product A,845,843,17,14,Quality Issue,Morning,2.7,62761.19
2025-06-06,Plant B,Line 1,Product C,716,638,25,107,Changeover,Evening,6.7,67179.27
2025-06-06,Plant D,Line 2,Product B,1107,930,52,117,Changeover,Morning,7.5,76247.19
2025-06-06,Plant B,Line 4,Product A,734,652,24,50,Planned Maintenance,Evening,4.3,53832.01
2025-06-06,Plant B,Line 4,Product B,931,829,35,51,Machine Failure,Evening,5.6,61356.96
2025-06-06,Plant B,Line 1,Product C,680,629,25,15,Machine Failure,Night,2.6,62383.98
2025-06-06,Plant B,Line 4,Product A,637,550,20,66,Changeover,Evening,4.7,46758.09
2025-06-07,Plant D,Line 4,Product B,990,850,35,99,Machine Failure,Morning,5.7,65703.82
2025-06-07,Plant C,Line 4,Product C,653,631,12,11,Changeover,Evening,2.5,56543.34
2025-06-07,Plant D,Line 4,Product E,945,789,35,118,Planned Maintenance,Morning,5.5,75012.57
2025-06-07,Plant A,Line 2,Product A,913,859,15,37,Power Failure,Evening,0.6,66901.73
2025-06-08,Plant B,Line 4,Product D,1114,1023,43,46,Material Shortage,Morning,5.0,68590.44
2025-06-08,Plant A,Line 3,Product E,981,878,34,66,Power Failure,Evening,3.0,72290.85
2025-06-08,Plant B,Line 3,Product D,1234,1156,56,15,Material Shortage,Night,1.0,74147.1
2025-06-08,Plant C,Line 2,Product B,995,972,32,56,Material Shortage,Night,4.1,68876.31
2025-06-08,Plant C,Line 2,Product D,1156,1102,45,67,Quality Issue,Morning,5.4,64607.07
2025-06-08,Plant B,Line 4,Product C,677,579,15,34,Power Failure,Evening,3.7,56571.4
2025-06-08,Plant B,Line 3,Product C,816,726,20,41,Changeover,Night,7.2,74862.96
2025-06-08,Plant D,Line 1,Product C,716,577,24,49,Machine Failure,Evening,7.5,64065.27
2025-06-08,Plant B,Line 1,Product D,1208,1115,52,64,Changeover,Evening,2.7,72397.64
2025-06-09,Plant B,Line 4,Product A,782,687,21,36,Planned Maintenance,Morning,2.6,54884.33
2025-06-09,Plant C,Line 3,Product A,970,919,15,30,Changeover,Morning,3.1,66013.86
2025-06-09,Plant C,Line 3,Product D,1369,1370,52,29,Machine Failure,Night,1.6,78264.41
2025-06-09,Plant A,Line 1,Product C,663,606,17,23,Changeover,Evening,1.9,54375.55
2025-06-09,Plant A,Line 4,Product B,971,896,26,13,Changeover,Morning,4.3,61859.11
2025-06-09,Plant B,Line 2,Product B,1070,964,49,55,Machine Failure,Night,6.9,74158.88
2025-06-09,Plant B,Line 2,Product A,736,593,31,171,Changeover,Evening,4.6,51606.75
2025-06-09,Plant A,Line 1,Product D,1325,1265,67,35,Changeover,Evening,3.3,78113.77
2025-06-09,Plant B,Line 3,Product D,1272,1057,54,59,Quality Issue,Morning,2.8,64930.74
2025-06-09,Plant A,Line 2,Product C,738,692,12,83,Machine Failure,Morning,2.0,63137.41
2025-06-10,Plant D,Line 1,Product B,1096,868,47,156,Power Failure,Evening,8.2,73103.45
2025-06-10,Plant A,Line 3,Product B,1183,1070,32,42,Changeover,Morning,7.1,75515.19
2025-06-10,Plant A,Line 3,Product C,828,706,18,84,Power Failure,Evening,5.0,67398.21
2025-06-10,Plant A,Line 2,Product C,727,714,24,102,Changeover,Night,0.8,67194.61
2025-06-10,Plant C,Line 1,Product A,894,836,25,41,Planned Maintenance,Evening,3.5,64339.12
2025-06-10,Plant B,Line 2,Product B,1119,1043,53,74,Planned Maintenance,Night,1.6,72514.93
2025-06-10,Plant C,Line 1,Product E,963,940,27,30,Changeover,Night,4.0,71488.79
2025-06-10,Plant D,Line 2,Product A,983,865,27,44,Power Failure,Evening,2.6,71942.91
2025-06-10,Plant B,Line 1,Product E,1048,999,41,39,Changeover,Night,1.3,82566.54
2025-06-10,Plant D,Line 4,Product E,806,688,39,110,Power Failure,Night,3.5,61684.63
2025-06-10,Plant A,Line 4,Product A,791,741,26,67,Planned Maintenance,Morning,2.1,54803.56
2025-06-10,Plant D,Line 1,Product E,993,916,45,12,Quality Issue,Evening,2.0,78272.51
2025-06-10,Plant B,Line 3,Product D,1366,1247,66,46,Machine Failure,Morning,2.6,77602.79
2025-06-10,Plant B,Line 3,Product B,1079,955,35,55,Quality Issue,Night,5.0,71439.98
2025-06-10,Plant B,Line 3,Product C,932,827,30,95,Material Shortage,Evening,2.1,78336.56
2025-06-11,Plant C,Line 3,Product B,1174,1153,25,51,Planned Maintenance,Evening,2.3,73192.73
2025-06-11,Plant B,Line 1,Product A,857,713,35,154,Planned Maintenance,Evening,6.1,63408.11
2025-06-11,Plant A,Line 4,Product C,668,588,10,33,Changeover,Morning,4.7,54860.61
2025-06-11,Plant D,Line 1,Product A,929,814,25,40,Planned Maintenance,Night,4.5,66996.09
2025-06-11,Plant A,Line 4,Product E,882,778,33,113,Planned Maintenance,Evening,4.4,67032.92
2025-06-11,Plant B,Line 4,Product C,575,500,20,48,Machine Failure,Morning,5.9,52955.64
2025-06-11,Plant B,Line 4,Product B,999,895,34,11,Material Shortage,Evening,4.8,65982.43
2025-06-11,Plant B,Line 1,Product A,865,795,32,67,Machine Failure,Evening,4.6,65331.4
2025-06-11,Plant C,Line 1,Product E,942,890,19,11,Power Failure,Evening,2.3,64199.19
2025-06-11,Plant B,Line 4,Product E,952,813,37,136,Planned Maintenance,Morning,6.9,71982.09
2025-06-11,Plant C,Line 3,Product C,691,646,11,42,Planned Maintenance,Morning,1.3,55577.97
2025-06-12,Plant A,Line 3,Product E,975,888,21,62,Material Shortage,Morning,2.9,68060.54
2025-06-12,Plant C,Line 1,Product A,883,796,15,28,Power Failure,Night,8.2,62651.16
2025-06-12,Plant C,Line 3,Product A,996,918,19,20,Planned Maintenance,Morning,0.6,62481.38
2025-06-12,Plant C,Line 4,Product C,764,716,10,8,Planned Maintenance,Morning,0.8,61561.02
2025-06-12,Plant C,Line 2,Product B,1010,985,28,14,Changeover,Morning,2.3,62493.5
2025-06-12,Plant B,Line 1,Product C,790,681,16,31,Material Shortage,Night,6.1,68521.9
2025-06-12,Plant A,Line 2,Product C,689,654,19,66,Machine Failure,Morning,2.4,60700.37
2025-06-12,Plant B,Line 4,Product E,910,681,38,154,Machine Failure,Evening,5.6,61093.08
2025-06-12,Plant A,Line 4,Product A,865,852,24,33,Planned Maintenance,Morning,1.3,63293.03
2025-06-12,Plant C,Line 2,Product B,1035,993,29,42,Machine Failure,Evening,0.2,61098.72
2025-06-13,Plant D,Line 4,Product C,599,527,17,119,Changeover,Night,4.6,56083.23
2025-06-13,Plant B,Line 4,Product C,701,582,18,85,Power Failure,Morning,2.7,56786.71
2025-06-13,Plant B,Line 3,Product D,1387,1301,50,24,Changeover,Evening,1.0,82032.64
2025-06-13,Plant C,Line 3,Product B,1218,1126,31,52,Material Shortage,Night,1.2,73532.75
2025-06-13,Plant C,Line 4,Product A,762,775,23,72,Material Shortage,Night,1.6,55964.11
2025-06-13,Plant C,Line 2,Product B,1068,968,21,85,Material Shortage,Night,8.3,66632.1
2025-06-13,Plant B,Line 2,Product B,967,819,41,66,Planned Maintenance,Morning,5.7,61655.46
2025-06-13,Plant A,Line 1,Product D,1247,1147,36,51,Planned Maintenance,Morning,3.5,70884.44
2025-06-13,Plant C,Line 1,Product C,768,712,20,60,Machine Failure,Evening,3.0,63705.25
2025-06-13,Plant D,Line 4,Product A,800,656,37,193,Planned Maintenance,Morning,7.7,62049.44
2025-06-13,Plant B,Line 4,Product A,679,673,21,26,Material Shortage,Morning,1.7,52593.2
2025-06-13,Plant C,Line 4,Product E,869,884,21,24,Planned Maintenance,Night,0.9,67602.68
2025-06-14,Plant B,Line 1,Product A,964,859,28,74,Machine Failure,Night,7.5,74110.76
2025-06-14,Plant B,Line 3,Product E,1049,927,42,91,Machine Failure,Morning,6.4,79886.89
2025-06-14,Plant B,Line 2,Product C,726,604,17,39,Quality Issue,Morning,2.0,58429.34
2025-06-14,Plant A,Line 3,Product B,1194,1090,33,24,Quality Issue,Morning,8.2,77445.28
2025-06-14,Plant A,Line 3,Product D,1264,1143,46,26,Power Failure,Evening,1.9,72024.59
2025-06-14,Plant A,Line 1,Product A,947,874,28,103,Machine Failure,Night,2.7,68110.84
2025-06-14,Plant D,Line 3,Product E,911,771,45,150,Machine Failure,Morning,5.2,72218.28
2025-06-14,Plant B,Line 1,Product E,984,922,35,83,Quality Issue,Night,3.7,77590.13
2025-06-14,Plant A,Line 3,Product D,1346,1262,52,42,Material Shortage,Night,2.2,76328.45
2025-06-14,Plant A,Line 4,Product D,1190,1117,52,34,Machine Failure,Evening,3.9,67798.11
2025-06-15,Plant A,Line 1,Product A,868,827,13,24,Planned Maintenance,Night,4.0,63397.37
2025-06-15,Plant A,Line 2,Product B,1117,1031,27,10,Machine Failure,Morning,3.3,66848.95
2025-06-15,Plant C,Line 1,Product D,1268,1244,38,30,Material Shortage,Morning,4.0,72335.14
2025-06-15,Plant C,Line 1,Product A,901,808,27,90,Machine Failure,Night,6.1,63404.99
2025-06-15,Plant C,Line 2,Product E,910,830,33,39,Planned Maintenance,Night,8.1,70001.74
2025-06-15,Plant D,Line 4,Product D,1220,984,59,82,Power Failure,Morning,4.1,65607.67
2025-06-15,Plant B,Line 3,Product E,1168,1048,38,87,Material Shortage,Night,5.4,91868.2
2025-06-15,Plant B,Line 4,Product E,806,671,31,109,Planned Maintenance,Evening,7.7,64318.59
2025-06-15,Plant B,Line 2,Product B,971,880,38,38,Material Shortage,Night,1.4,64010.74
2025-06-15,Plant C,Line 2,Product A,893,890,18,23,Changeover,Night,2.4,61742.02
2025-06-15,Plant A,Line 1,Product E,1047,925,23,58,Planned Maintenance,Morning,1.9,72255.47
2025-06-16,Plant D,Line 3,Product B,1207,1022,45,17,Machine Failure,Evening,5.2,79440.13
2025-06-16,Plant C,Line 3,Product E,988,974,33,17,Changeover,Night,1.8,71631.57
2025-06-16,Plant A,Line 2,Product D,1213,1167,46,44,Machine Failure,Evening,4.2,71637.2
2025-06-16,Plant A,Line 4,Product C,594,572,12,19,Planned Maintenance,Morning,1.6,51114.87
2025-06-16,Plant C,Line 1,Product B,1150,1120,39,79,Machine Failure,Morning,1.4,73041.83
2025-06-16,Plant D,Line 1,Product D,1188,1030,48,48,Machine Failure,Morning,8.0,71668.79
2025-06-17,Plant D,Line 3,Product D,1274,1096,59,105,Machine Failure,Morning,5.1,73744.77
2025-06-17,Plant B,Line 4,Product E,932,805,35,76,Material Shortage,Evening,6.3,71497.83
2025-06-17,Plant A,Line 4,Product D,1108,1074,44,65,Power Failure,Evening,5.7,68669.09
2025-06-17,Plant B,Line 4,Product C,600,568,21,29,Quality Issue,Evening,2.9,57624.61
2025-06-17,Plant C,Line 3,Product B,1147,1070,51,86,Material Shortage,Morning,2.6,71692.17
2025-06-17,Plant A,Line 1,Product D,1174,1087,50,60,Material Shortage,Night,4.7,67784.95
2025-06-17,Plant D,Line 2,Product A,850,770,32,15,Machine Failure,Night,2.9,62777.67
2025-06-17,Plant C,Line 1,Product D,1235,1179,28,37,Changeover,Morning,0.6,65124.05
2025-06-17,Plant A,Line 1,Product E,1057,966,35,50,Material Shortage,Evening,7.8,82105.6
2025-06-17,Plant C,Line 1,Product E,1013,987,33,76,Machine Failure,Morning,2.9,75880.91
2025-06-18,Plant B,Line 3,Product E,1027,940,30,26,Material Shortage,Evening,8.7,85962.4
2025-06-18,Plant C,Line 2,Product D,1196,1140,43,31,Quality Issue,Morning,0.4,63722.56
2025-06-18,Plant C,Line 4,Product E,922,908,33,60,Material Shortage,Evening,3.0,72359.94
2025-06-19,Plant C,Line 2,Product C,629,584,7,10,Planned Maintenance,Morning,4.0,52862.62
2025-06-19,Plant A,Line 1,Product D,1211,1150,38,47,Power Failure,Night,4.2,70015.33
2025-06-19,Plant D,Line 2,Product B,1036,933,53,32,Material Shortage,Morning,9.0,74463.88
2025-06-19,Plant C,Line 3,Product B,1094,1077,35,17,Quality Issue,Night,2.7,69375.21
2025-06-19,Plant D,Line 4,Product D,1150,1001,61,93,Machine Failure,Night,5.2,71127.28
2025-06-19,Plant D,Line 2,Product B,950,833,33,55,Power Failure,Morning,6.0,68987.43
2025-06-19,Plant B,Line 1,Product A,922,842,37,98,Power Failure,Evening,7.9,73429.6
2025-06-19,Plant D,Line 2,Product A,795,609,25,40,Machine Failure,Evening,5.2,51484.77
2025-06-20,Plant B,Line 2,Product A,740,740,31,33,Machine Failure,Morning,1.2,57935.74
2025-06-20,Plant C,Line 4,Product B,879,845,33,38,Material Shortage,Evening,1.1,55576.56
2025-06-20,Plant A,Line 4,Product B,1012,954,35,42,Planned Maintenance,Evening,2.7,64805.27
2025-06-20,Plant A,Line 4,Product A,788,710,22,50,Material Shortage,Morning,2.2,54089.91
2025-06-20,Plant D,Line 1,Product B,1138,980,40,54,Machine Failure,Evening,5.9,73907.69
2025-06-20,Plant D,Line 1,Product B,1135,985,52,66,Changeover,Evening,2.6,72730.39
2025-06-20,Plant D,Line 4,Product C,696,617,29,38,Power Failure,Morning,7.8,70339.98
2025-06-20,Plant A,Line 1,Product C,670,599,15,19,Machine Failure,Evening,4.6,55687.84
2025-06-20,Plant D,Line 4,Product E,971,909,41,35,Changeover,Morning,2.9,79588.52
2025-06-20,Plant C,Line 3,Product B,1198,1174,26,73,Machine Failure,Morning,4.0,78180.18
2025-06-20,Plant C,Line 2,Product D,1141,1069,42,55,Planned Maintenance,Morning,0.1,58551.51
2025-06-20,Plant B,Line 2,Product C,669,560,15,28,Planned Maintenance,Morning,2.3,54906.07
2025-06-21,Plant A,Line 4,Product A,791,700,22,74,Material Shortage,Morning,5.1,54178.72
2025-06-21,Plant B,Line 4,Product D,1089,998,47,36,Planned Maintenance,Night,3.4,65825.99
2025-06-21,Plant D,Line 3,Product B,1192,1015,59,114,Machine Failure,Night,2.9,76559.31
2025-06-21,Plant B,Line 4,Product E,873,755,33,25,Material Shortage,Evening,7.1,67899.34
2025-06-21,Plant B,Line 3,Product B,1162,1050,50,48,Material Shortage,Morning,7.5,80670.06
2025-06-21,Plant B,Line 3,Product B,1154,1077,34,19,Machine Failure,Morning,0.1,75290.74
2025-06-21,Plant C,Line 4,Product D,1060,1040,32,31,Machine Failure,Evening,5.4,62944.04
2025-06-21,Plant B,Line 3,Product C,743,657,31,104,Power Failure,Night,3.5,68813.04
2025-06-21,Plant A,Line 3,Product D,1297,1206,58,112,Changeover,Morning,4.3,74043.42
2025-06-21,Plant C,Line 4,Product B,1025,1004,26,20,Machine Failure,Night,4.2,67036.56
2025-06-22,Plant B,Line 3,Product C,712,631,26,83,Machine Failure,Morning,4.6,63473.78
2025-06-22,Plant B,Line 1,Product C,733,581,18,110,Material Shortage,Evening,8.7,62895.41
2025-06-22,Plant D,Line 4,Product C,614,536,18,37,Material Shortage,Morning,5.2,56323.75
2025-06-22,Plant A,Line 1,Product B,1058,980,45,88,Quality Issue,Evening,0.3,68048.31
2025-06-22,Plant C,Line 2,Product B,1072,1037,27,29,Machine Failure,Evening,3.7,70407.17
2025-06-22,Plant C,Line 3,Product C,811,724,16,45,Changeover,Evening,5.0,61530.18
2025-06-22,Plant B,Line 2,Product E,908,793,35,53,Planned Maintenance,Morning,1.5,67923.22
2025-06-22,Plant B,Line 3,Product C,791,736,14,52,Planned Maintenance,Morning,0.0,69479.6
2025-06-22,Plant D,Line 2,Product A,838,660,36,110,Changeover,Night,6.7,59219.73
2025-06-22,Plant A,Line 4,Product A,852,793,28,135,Changeover,Evening,2.2,59995.24
2025-06-22,Plant D,Line 3,Product D,1357,1187,69,130,Quality Issue,Morning,7.7,83576.92
2025-06-23,Plant A,Line 2,Product D,1295,1189,47,44,Material Shortage,Morning,7.3,74763.43
2025-06-23,Plant A,Line 3,Product A,974,938,35,52,Changeover,Evening,3.0,69140.1
2025-06-23,Plant B,Line 4,Product A,805,718,29,70,Machine Failure,Night,3.5,57517.06
2025-06-24,Plant C,Line 4,Product D,1140,1078,35,10,Machine Failure,Morning,3.6,62900.95
2025-06-24,Plant B,Line 2,Product E,963,833,44,97,Machine Failure,Evening,4.7,71333.6
2025-06-24,Plant A,Line 3,Product D,1406,1335,62,131,Planned Maintenance,Night,5.0,85257.92
2025-06-24,Plant B,Line 2,Product B,1135,1036,49,40,Machine Failure,Morning,6.3,76263.37
2025-06-24,Plant C,Line 3,Product A,958,867,19,74,Planned Maintenance,Evening,7.6,68840.7
2025-06-24,Plant A,Line 2,Product D,1165,1134,35,48,Material Shortage,Morning,1.8,67224.79
2025-06-24,Plant A,Line 2,Product C,649,583,12,62,Power Failure,Evening,6.6,58260.45
2025-06-24,Plant C,Line 4,Product D,1101,1080,34,27,Machine Failure,Night,2.9,64064.18
2025-06-24,Plant D,Line 3,Product A,961,837,39,116,Machine Failure,Morning,1.3,69623.54
2025-06-24,Plant A,Line 4,Product B,987,888,44,115,Machine Failure,Morning,4.1,63965.09
2025-06-24,Plant C,Line 3,Product E,1040,998,24,43,Machine Failure,Evening,2.2,73608.06
2025-06-25,Plant A,Line 1,Product C,887,820,18,39,Power Failure,Evening,4.9,78283.61
2025-06-25,Plant D,Line 4,Product D,1208,1014,57,121,Machine Failure,Night,4.4,71095.2
2025-06-25,Plant A,Line 1,Product D,1335,1255,66,87,Material Shortage,Morning,1.1,75376.0
2025-06-25,Plant A,Line 1,Product D,1228,1097,49,89,Power Failure,Night,8.4,75616.5
2025-06-26,Plant A,Line 3,Product A,1024,969,34,31,Changeover,Morning,2.6,71778.53
2025-06-26,Plant A,Line 2,Product E,943,880,24,30,Planned Maintenance,Morning,3.2,69105.21
2025-06-26,Plant D,Line 1,Product A,915,675,34,172,Changeover,Evening,3.6,57212.17
2025-06-26,Plant B,Line 1,Product D,1235,1137,37,68,Material Shortage,Evening,0.0,70627.26
2025-06-26,Plant A,Line 2,Product B,1093,1022,44,90,Quality Issue,Morning,2.1,70971.65
2025-06-26,Plant C,Line 3,Product B,1247,1125,41,132,Planned Maintenance,Morning,7.5,77704.22
2025-06-26,Plant D,Line 3,Product B,1195,1053,57,114,Planned Maintenance,Morning,2.3,76755.52
2025-06-26,Plant C,Line 3,Product C,732,688,15,98,Material Shortage,Morning,0.0,58328.67
2025-06-26,Plant D,Line 2,Product B,1145,928,48,113,Changeover,Night,3.2,68510.53
2025-06-26,Plant C,Line 2,Product C,708,634,18,65,Changeover,Evening,7.4,60311.04
2025-06-27,Plant C,Line 3,Product B,1096,1037,31,65,Machine Failure,Evening,3.6,68426.25
2025-06-27,Plant B,Line 3,Product D,1284,1134,63,51,Material Shortage,Evening,2.2,73579.92
2025-06-27,Plant C,Line 1,Product C,722,693,18,80,Quality Issue,Evening,4.0,61072.27
2025-06-27,Plant C,Line 3,Product C,793,733,22,60,Machine Failure,Night,2.4,64481.33
2025-06-27,Plant B,Line 3,Product E,1042,897,48,146,Changeover,Morning,1.9,78230.55
2025-06-27,Plant A,Line 1,Product B,1117,1045,36,47,Machine Failure,Night,1.7,69633.38
2025-06-27,Plant A,Line 2,Product B,1016,966,36,91,Material Shortage,Evening,4.0,64854.66
2025-06-27,Plant B,Line 4,Product E,834,730,32,11,Machine Failure,Evening,4.5,64975.56
2025-06-28,Plant B,Line 1,Product E,965,888,37,44,Quality Issue,Evening,1.9,73275.12
2025-06-28,Plant C,Line 4,Product C,668,649,17,88,Machine Failure,Evening,0.4,56501.82
2025-06-28,Plant C,Line 4,Product D,1000,963,32,32,Machine Failure,Morning,2.6,55481.67
2025-06-28,Plant A,Line 2,Product C,691,604,17,69,Power Failure,Evening,7.8,60254.09
2025-06-28,Plant A,Line 2,Product E,1004,980,36,35,Planned Maintenance,Night,2.4,78690.41
2025-06-28,Plant D,Line 2,Product B,1148,1008,51,76,Planned Maintenance,Morning,7.3,77394.32
2025-06-28,Plant D,Line 1,Product E,1002,858,41,73,Changeover,Evening,8.5,81996.9
2025-06-28,Plant A,Line 4,Product E,834,719,25,36,Changeover,Evening,6.1,63050.68
2025-06-28,Plant C,Line 4,Product A,809,729,17,26,Planned Maintenance,Evening,4.4,55918.83
2025-06-29,Plant B,Line 2,Product E,955,884,44,29,Quality Issue,Morning,0.5,72909.65
2025-06-29,Plant A,Line 2,Product E,851,757,24,79,Quality Issue,Evening,3.5,62217.85
2025-06-29,Plant B,Line 1,Product D,1288,1101,63,96,Material Shortage,Night,7.0,75574.92
2025-06-29,Plant C,Line 4,Product E,860,822,21,25,Power Failure,Night,0.7,59632.94
2025-06-29,Plant C,Line 4,Product C,700,663,12,41,Material Shortage,Evening,3.8,62886.45
2025-06-29,Plant C,Line 1,Product B,1163,1091,46,71,Material Shortage,Night,2.1,69051.31
2025-06-30,Plant A,Line 3,Product E,1039,951,34,66,Machine Failure,Morning,4.1,79801.31
2025-06-30,Plant C,Line 4,Product E,821,781,10,10,Changeover,Night,1.4,59217.35
2025-06-30,Plant D,Line 3,Product C,757,580,25,104,Changeover,Evening,2.3,59879.92
2025-06-30,Plant D,Line 3,Product B,1178,1061,43,7,Planned Maintenance,Night,5.6,80929.73
2025-06-30,Plant B,Line 4,Product A,909,758,33,105,Machine Failure,Night,2.8,63992.09
2025-06-30,Plant C,Line 4,Product A,774,759,20,47,Changeover,Evening,5.0,58373.06
2025-06-30,Plant D,Line 1,Product E,942,818,39,57,Machine Failure,Morning,4.1,73719.18
2025-06-30,Plant D,Line 2,Product E,961,797,47,104,Power Failure,Night,4.5,74633.34
2025-07-01,Plant B,Line 2,Product D,1244,1121,46,37,Material Shortage,Evening,6.6,75902.76
2025-07-01,Plant B,Line 2,Product E,934,823,33,79,Quality Issue,Morning,5.1,72045.37
2025-07-01,Plant A,Line 3,Product E,988,906,30,56,Material Shortage,Evening,7.9,74655.07
2025-07-01,Plant B,Line 2,Product D,1246,1091,50,30,Material Shortage,Evening,8.5,72600.23
2025-07-01,Plant A,Line 1,Product E,949,872,31,14,Planned Maintenance,Morning,5.0,72556.48
2025-07-01,Plant C,Line 2,Product C,764,638,9,42,Planned Maintenance,Morning,4.6,56362.8
2025-07-01,Plant C,Line 2,Product B,1094,1011,32,59,Material Shortage,Morning,3.8,69165.08
2025-07-01,Plant B,Line 2,Product C,796,755,22,22,Quality Issue,Evening,3.6,74620.13
2025-07-01,Plant C,Line 3,Product D,1306,1296,42,24,Machine Failure,Morning,4.2,74416.31
2025-07-01,Plant B,Line 2,Product A,849,767,31,48,Planned Maintenance,Morning,1.9,60534.74
2025-07-01,Plant A,Line 1,Product E,951,847,28,67,Machine Failure,Morning,3.0,66678.35
2025-07-01,Plant A,Line 3,Product E,1010,955,28,56,Planned Maintenance,Morning,0.6,73946.44
2025-07-02,Plant D,Line 3,Product C,786,632,32,120,Power Failure,Night,1.5,64433.0
2025-07-02,Plant D,Line 2,Product E,947,894,42,78,Machine Failure,Evening,3.0,78139.62
2025-07-02,Plant B,Line 1,Product D,1260,1145,72,95,Power Failure,Morning,2.0,72892.67
2025-07-02,Plant D,Line 3,Product A,939,795,45,41,Power Failure,Morning,8.3,70415.47
2025-07-02,Plant A,Line 4,Product E,930,819,32,137,Power Failure,Morning,3.8,71314.98
2025-07-02,Plant A,Line 4,Product E,729,728,24,23,Planned Maintenance,Morning,2.9,56412.69
2025-07-02,Plant B,Line 2,Product C,704,641,15,53,Planned Maintenance,Night,3.2,63882.34
2025-07-02,Plant D,Line 2,Product E,953,743,33,112,Machine Failure,Morning,6.2,71262.8
2025-07-02,Plant A,Line 2,Product D,1208,1073,44,104,Quality Issue,Evening,6.0,69603.75
2025-07-02,Plant D,Line 4,Product D,1142,1010,53,47,Machine Failure,Morning,5.1,72514.07
2025-07-02,Plant C,Line 2,Product D,1114,1063,42,51,Power Failure,Night,0.0,60006.63
2025-07-02,Plant C,Line 4,Product A,832,804,24,56,Quality Issue,Night,3.3,60183.85
2025-07-02,Plant A,Line 4,Product E,759,715,22,53,Power Failure,Morning,0.9,57284.43
2025-07-03,Plant D,Line 4,Product D,1143,883,63,240,Quality Issue,Morning,2.5,61748.33
2025-07-03,Plant C,Line 3,Product A,985,898,27,110,Power Failure,Morning,3.4,67761.63
2025-07-03,Plant A,Line 4,Product C,641,558,17,143,Machine Failure,Evening,6.7,57373.0
2025-07-03,Plant A,Line 2,Product A,777,731,26,29,Power Failure,Morning,5.1,61054.21
2025-07-03,Plant A,Line 1,Product B,1079,1008,23,33,Material Shortage,Night,0.2,64026.38
2025-07-03,Plant D,Line 1,Product A,842,714,28,65,Planned Maintenance,Evening,3.8,60933.87
2025-07-03,Plant A,Line 4,Product E,941,911,34,57,Changeover,Evening,2.5,74660.01
2025-07-03,Plant A,Line 1,Product B,1109,1009,37,49,Machine Failure,Evening,5.2,70422.07
2025-07-03,Plant B,Line 4,Product A,785,696,31,34,Planned Maintenance,Morning,5.8,57760.16
2025-07-03,Plant A,Line 1,Product B,1112,1001,31,49,Quality Issue,Morning,2.9,66564.89
2025-07-04,Plant C,Line 1,Product C,780,740,7,15,Material Shortage,Morning,1.0,61576.58
2025-07-04,Plant A,Line 1,Product E,1045,969,36,97,Planned Maintenance,Evening,4.4,82384.3
2025-07-04,Plant A,Line 3,Product B,1177,1122,41,60,Machine Failure,Night,3.1,77487.88
2025-07-04,Plant B,Line 3,Product B,1111,1007,50,93,Machine Failure,Night,6.7,77489.1
2025-07-04,Plant A,Line 1,Product B,1143,1088,43,37,Material Shortage,Evening,2.2,75554.99
2025-07-04,Plant A,Line 1,Product C,756,714,10,47,Material Shortage,Morning,3.2,67039.48
2025-07-04,Plant B,Line 2,Product C,850,771,22,28,Changeover,Morning,5.5,76394.49
2025-07-05,Plant A,Line 3,Product D,1296,1200,51,73,Planned Maintenance,Evening,3.7,73624.81
2025-07-05,Plant C,Line 1,Product E,904,899,18,68,Machine Failure,Evening,2.7,68798.23
2025-07-05,Plant C,Line 3,Product A,942,918,26,35,Machine Failure,Evening,2.4,65477.1
2025-07-05,Plant B,Line 3,Product D,1407,1235,58,57,Machine Failure,Morning,8.2,83645.44
2025-07-05,Plant B,Line 3,Product B,1129,1006,45,69,Quality Issue,Night,7.0,73184.16
2025-07-06,Plant B,Line 4,Product A,843,730,26,85,Changeover,Night,5.0,62770.0
2025-07-06,Plant D,Line 3,Product B,1179,941,45,93,Material Shortage,Evening,4.8,74956.73
2025-07-06,Plant C,Line 1,Product D,1322,1255,40,47,Machine Failure,Evening,4.4,71891.67
2025-07-06,Plant C,Line 3,Product B,1182,1117,38,28,Material Shortage,Night,4.9,74829.93
2025-07-06,Plant A,Line 2,Product E,1021,953,35,91,Machine Failure,Night,0.2,71827.45
2025-07-06,Plant C,Line 1,Product E,932,921,26,60,Material Shortage,Morning,4.7,71349.61
2025-07-06,Plant B,Line 3,Product D,1371,1258,53,37,Planned Maintenance,Morning,3.2,80103.12
2025-07-06,Plant C,Line 2,Product A,815,782,15,46,Planned Maintenance,Evening,0.0,55612.83
2025-07-06,Plant A,Line 1,Product B,1116,1032,28,25,Quality Issue,Evening,3.2,70200.18
2025-07-06,Plant D,Line 4,Product B,1015,894,34,31,Material Shortage,Morning,2.7,66762.05
2025-07-06,Plant B,Line 2,Product A,889,823,33,58,Planned Maintenance,Evening,2.3,65913.7
2025-07-07,Plant C,Line 1,Product E,1032,1008,25,33,Machine Failure,Morning,1.4,74348.31
2025-07-07,Plant C,Line 2,Product D,1225,1179,43,43,Machine Failure,Evening,4.2,69471.13
2025-07-07,Plant C,Line 3,Product D,1403,1252,61,72,Planned Maintenance,Night,4.6,69664.73
2025-07-07,Plant A,Line 3,Product C,913,860,11,58,Machine Failure,Morning,1.2,78668.67
2025-07-07,Plant C,Line 1,Product B,1076,1086,33,16,Machine Failure,Night,1.8,72371.16
2025-07-07,Plant C,Line 4,Product A,888,849,14,38,Changeover,Evening,3.3,60260.75
2025-07-07,Plant B,Line 3,Product D,1380,1171,59,107,Quality Issue,Morning,2.2,75920.13
2025-07-07,Plant B,Line 2,Product B,1023,873,48,156,Machine Failure,Night,3.0,62623.39
2025-07-07,Plant C,Line 4,Product A,836,762,18,48,Machine Failure,Morning,1.7,53872.02
2025-07-07,Plant B,Line 4,Product C,695,665,33,45,Quality Issue,Evening,5.3,68085.85
2025-07-07,Plant A,Line 4,Product C,675,624,22,67,Planned Maintenance,Night,4.1,58294.48
2025-07-07,Plant D,Line 1,Product D,1245,1085,51,36,Changeover,Evening,7.0,76338.27
2025-07-07,Plant B,Line 4,Product E,894,793,36,79,Machine Failure,Morning,2.3,68367.79
2025-07-07,Plant A,Line 2,Product D,1097,1062,40,9,Machine Failure,Morning,3.8,63788.72
2025-07-07,Plant B,Line 3,Product A,994,876,29,46,Changeover,Evening,6.2,74906.77
2025-07-08,Plant A,Line 4,Product E,888,867,25,19,Material Shortage,Night,0.9,67346.24
2025-07-08,Plant D,Line 4,Product C,718,565,22,109,Material Shortage,Morning,3.9,61026.12
2025-07-08,Plant D,Line 2,Product D,1227,1019,56,61,Planned Maintenance,Evening,7.3,73635.1
2025-07-08,Plant B,Line 4,Product A,817,720,24,25,Material Shortage,Night,2.8,59537.21
2025-07-08,Plant A,Line 3,Product C,851,758,14,42,Power Failure,Night,3.6,71092.05
2025-07-08,Plant C,Line 2,Product B,941,931,24,27,Quality Issue,Morning,0.5,59561.47
2025-07-08,Plant C,Line 1,Product C,785,660,16,57,Material Shortage,Morning,3.3,59535.7
2025-07-08,Plant B,Line 4,Product A,836,749,26,46,Machine Failure,Morning,5.0,61291.98
2025-07-09,Plant B,Line 4,Product C,711,569,25,157,Machine Failure,Evening,2.5,57696.79
2025-07-09,Plant C,Line 2,Product C,686,618,7,44,Material Shortage,Night,3.5,56202.63
2025-07-09,Plant C,Line 1,Product C,820,713,30,111,Planned Maintenance,Evening,6.9,68980.06
2025-07-09,Plant C,Line 4,Product A,823,770,19,5,Machine Failure,Night,4.4,55619.55
2025-07-09,Plant C,Line 3,Product E,1095,1075,24,13,Changeover,Evening,3.2,82365.76
2025-07-09,Plant D,Line 4,Product D,1105,939,57,170,Changeover,Morning,5.0,67601.07
2025-07-09,Plant D,Line 4,Product C,607,479,17,46,Power Failure,Morning,4.7,50816.9
2025-07-09,Plant B,Line 3,Product E,989,850,34,92,Machine Failure,Morning,4.9,74067.59
2025-07-09,Plant A,Line 1,Product E,940,846,18,34,Planned Maintenance,Morning,6.6,70732.61
2025-07-09,Plant C,Line 4,Product B,999,939,31,37,Machine Failure,Morning,3.5,63993.85
2025-07-09,Plant A,Line 3,Product C,710,665,16,44,Planned Maintenance,Night,2.7,58883.64
2025-07-09,Plant D,Line 2,Product D,1268,1087,60,116,Power Failure,Evening,6.0,76403.15
2025-07-09,Plant B,Line 4,Product B,1020,881,43,90,Planned Maintenance,Morning,5.8,69471.1
2025-07-09,Plant A,Line 3,Product D,1306,1262,49,45,Planned Maintenance,Night,4.0,82006.41
2025-07-10,Plant C,Line 3,Product B,1179,1156,22,44,Quality Issue,Morning,3.4,76697.99
2025-07-10,Plant A,Line 2,Product E,929,872,37,51,Material Shortage,Evening,4.7,70567.86
2025-07-10,Plant B,Line 2,Product E,1029,939,43,114,Quality Issue,Night,7.1,85291.78
2025-07-10,Plant B,Line 1,Product C,820,700,25,70,Power Failure,Evening,5.7,70926.7
2025-07-10,Plant C,Line 2,Product E,928,852,35,61,Machine Failure,Morning,4.3,70647.88
2025-07-10,Plant A,Line 4,Product C,632,643,21,84,Machine Failure,Night,3.0,58448.63
2025-07-10,Plant A,Line 1,Product D,1298,1266,57,29,Machine Failure,Evening,4.2,76670.07
2025-07-10,Plant B,Line 3,Product E,1059,962,34,41,Machine Failure,Morning,2.4,82155.63
2025-07-10,Plant A,Line 1,Product E,969,925,33,70,Changeover,Night,4.1,73894.38
2025-07-10,Plant A,Line 4,Product A,758,742,32,113,Machine Failure,Morning,0.0,55012.67
2025-07-10,Plant B,Line 2,Product A,945,851,34,82,Material Shortage,Morning,4.6,72746.32
2025-07-10,Plant C,Line 4,Product D,1086,1025,36,33,Machine Failure,Evening,1.4,59338.35
2025-07-11,Plant A,Line 2,Product D,1152,1088,47,71,Changeover,Night,4.4,68265.62
2025-07-11,Plant B,Line 2,Product D,1232,1109,55,59,Planned Maintenance,Morning,3.3,70250.05
2025-07-11,Plant C,Line 3,Product C,735,677,13,56,Planned Maintenance,Morning,2.4,59614.34
2025-07-11,Plant B,Line 4,Product C,699,594,29,187,Planned Maintenance,Night,2.7,62656.35
2025-07-11,Plant C,Line 2,Product B,1086,1064,32,21,Planned Maintenance,Morning,0.9,68838.22
2025-07-11,Plant C,Line 1,Product A,882,851,22,25,Planned Maintenance,Night,1.8,62429.36
2025-07-11,Plant A,Line 3,Product C,815,709,16,59,Changeover,Night,3.9,67713.59
2025-07-11,Plant B,Line 2,Product B,989,898,31,52,Material Shortage,Morning,3.5,69158.1
2025-07-11,Plant A,Line 1,Product A,975,972,22,19,Machine Failure,Morning,0.1,69682.0
2025-07-11,Plant C,Line 3,Product A,892,860,20,46,Power Failure,Morning,5.3,68718.77
2025-07-11,Plant A,Line 1,Product A,811,753,19,22,Planned Maintenance,Morning,0.1,53047.41
2025-07-11,Plant A,Line 4,Product A,816,722,17,51,Material Shortage,Morning,5.6,60000.55
2025-07-11,Plant D,Line 2,Product B,1090,944,33,64,Machine Failure,Night,5.2,71274.99
2025-07-12,Plant A,Line 4,Product E,774,689,21,141,Power Failure,Morning,5.3,58622.03
2025-07-12,Plant B,Line 4,Product C,657,537,19,24,Machine Failure,Night,7.2,56602.54
2025-07-12,Plant B,Line 2,Product C,717,607,22,113,Planned Maintenance,Evening,4.5,63297.42
2025-07-12,Plant D,Line 4,Product C,618,496,18,21,Changeover,Evening,4.1,50715.76
2025-07-12,Plant B,Line 4,Product B,956,846,26,46,Planned Maintenance,Morning,3.9,63121.84
2025-07-12,Plant D,Line 4,Product B,986,788,39,97,Quality Issue,Morning,2.5,59630.23
2025-07-12,Plant A,Line 4,Product D,1140,1082,38,14,Power Failure,Evening,2.2,65322.55
2025-07-12,Plant D,Line 4,Product D,1106,890,47,76,Changeover,Evening,8.0,65766.33
2025-07-13,Plant C,Line 1,Product B,1006,958,31,29,Changeover,Morning,1.9,61567.25
2025-07-13,Plant B,Line 3,Product B,1111,965,40,83,Machine Failure,Night,6.9,74632.46
2025-07-13,Plant A,Line 2,Product E,941,862,28,22,Material Shortage,Evening,7.2,72314.68
2025-07-13,Plant A,Line 3,Product A,969,882,31,55,Machine Failure,Night,5.7,69506.27
2025-07-13,Plant A,Line 3,Product C,708,652,14,61,Material Shortage,Night,2.2,61246.43
2025-07-13,Plant C,Line 2,Product C,649,599,14,95,Material Shortage,Night,2.3,53937.06
2025-07-13,Plant B,Line 3,Product A,967,928,21,9,Changeover,Evening,2.7,75478.43
2025-07-13,Plant D,Line 2,Product D,1177,967,61,163,Material Shortage,Morning,6.8,70856.68
2025-07-13,Plant C,Line 1,Product B,1131,1046,28,17,Planned Maintenance,Evening,0.0,64891.4
2025-07-13,Plant A,Line 3,Product D,1293,1192,61,90,Quality Issue,Evening,3.4,72650.51
2025-07-13,Plant A,Line 3,Product A,968,910,27,36,Machine Failure,Morning,1.6,68789.06
2025-07-13,Plant C,Line 4,Product D,1141,1148,35,17,Power Failure,Night,2.9,67125.82
2025-07-14,Plant B,Line 2,Product D,1238,1167,53,33,Quality Issue,Morning,2.6,74384.12
2025-07-14,Plant D,Line 2,Product D,1093,934,51,25,Planned Maintenance,Evening,7.6,65601.49
2025-07-14,Plant A,Line 2,Product A,907,871,23,24,Planned Maintenance,Evening,3.4,69189.22
2025-07-14,Plant C,Line 1,Product A,867,852,20,54,Planned Maintenance,Morning,4.8,62270.47
2025-07-14,Plant B,Line 2,Product A,928,867,29,96,Changeover,Night,5.0,72016.59
2025-07-14,Plant B,Line 1,Product C,728,629,21,92,Changeover,Morning,3.4,63819.15
2025-07-14,Plant C,Line 2,Product B,1126,1151,26,22,Machine Failure,Evening,4.1,77326.22
2025-07-14,Plant B,Line 3,Product A,975,838,36,36,Machine Failure,Morning,6.9,74928.35
2025-07-14,Plant D,Line 4,Product A,777,653,21,54,Machine Failure,Morning,3.7,57989.35
2025-07-14,Plant C,Line 3,Product B,1104,1053,28,31,Material Shortage,Morning,4.6,72415.2
2025-07-14,Plant B,Line 2,Product C,738,637,28,110,Changeover,Morning,3.4,63899.61
2025-07-14,Plant C,Line 4,Product A,734,673,18,66,Machine Failure,Morning,4.2,53592.95
2025-07-14,Plant A,Line 1,Product E,992,852,42,169,Changeover,Night,2.4,69462.95
2025-07-14,Plant C,Line 4,Product C,622,608,13,16,Machine Failure,Evening,2.7,51520.98
2025-07-15,Plant B,Line 3,Product A,1007,856,40,127,Changeover,Evening,5.6,72804.4
2025-07-15,Plant B,Line 4,Product A,834,733,20,35,Machine Failure,Evening,2.2,58391.4
2025-07-15,Plant D,Line 3,Product D,1207,989,50,120,Machine Failure,Morning,3.2,67152.89
2025-07-15,Plant D,Line 3,Product D,1366,1161,55,51,Machine Failure,Morning,2.9,79691.31
2025-07-15,Plant D,Line 3,Product A,1007,780,44,240,Changeover,Night,7.9,74631.42
2025-07-15,Plant C,Line 2,Product D,1086,1047,41,42,Changeover,Morning,3.6,62776.03
2025-07-15,Plant B,Line 2,Product D,1151,1000,55,35,Machine Failure,Morning,2.9,64120.67
2025-07-15,Plant A,Line 3,Product E,971,900,39,62,Machine Failure,Night,3.3,74082.41
2025-07-15,Plant D,Line 1,Product E,1012,898,34,47,Machine Failure,Evening,2.9,77832.1
2025-07-15,Plant B,Line 4,Product D,1203,1096,53,67,Quality Issue,Morning,5.2,75623.67
2025-07-16,Plant B,Line 4,Product A,813,739,22,47,Machine Failure,Evening,7.7,66014.61
2025-07-16,Plant C,Line 1,Product E,961,928,16,53,Material Shortage,Night,3.4,71550.15
2025-07-16,Plant B,Line 1,Product D,1312,1192,62,48,Planned Maintenance,Evening,3.8,77675.46
2025-07-16,Plant B,Line 4,Product B,1014,954,45,19,Planned Maintenance,Morning,1.7,67769.43
2025-07-16,Plant C,Line 4,Product B,1036,1032,37,19,Changeover,Night,1.0,67483.47
2025-07-17,Plant A,Line 1,Product B,1080,975,36,81,Machine Failure,Evening,6.2,73703.89
2025-07-17,Plant C,Line 1,Product E,1024,966,29,29,Material Shortage,Night,0.0,73341.91
2025-07-17,Plant D,Line 2,Product D,1312,1166,60,29,Changeover,Night,5.6,81268.5
2025-07-17,Plant A,Line 4,Product B,1000,977,36,62,Material Shortage,Morning,2.1,67394.93
2025-07-17,Plant A,Line 4,Product E,764,737,22,23,Material Shortage,Night,0.0,55665.58
2025-07-17,Plant A,Line 4,Product A,830,781,31,87,Machine Failure,Morning,2.1,60130.84
2025-07-17,Plant C,Line 2,Product C,857,864,14,16,Quality Issue,Morning,0.7,72539.15
2025-07-18,Plant C,Line 2,Product A,853,754,20,106,Power Failure,Evening,3.0,57288.15
2025-07-18,Plant C,Line 2,Product C,612,597,10,39,Planned Maintenance,Evening,2.6,54136.64
2025-07-18,Plant B,Line 1,Product D,1198,1113,54,6,Quality Issue,Night,2.1,67483.97
2025-07-18,Plant B,Line 1,Product E,1042,936,42,127,Material Shortage,Morning,6.8,83868.27
2025-07-18,Plant B,Line 4,Product B,996,870,48,175,Material Shortage,Evening,4.8,68035.31
2025-07-18,Plant D,Line 1,Product B,1123,1017,55,40,Changeover,Night,7.4,79969.94
2025-07-19,Plant D,Line 4,Product C,655,518,20,61,Planned Maintenance,Evening,6.8,58912.81
2025-07-19,Plant C,Line 4,Product B,1013,975,31,43,Quality Issue,Morning,0.0,61614.86
2025-07-19,Plant B,Line 4,Product D,1155,1064,49,103,Machine Failure,Morning,1.9,67814.92
2025-07-19,Plant A,Line 4,Product B,1019,939,32,39,Power Failure,Night,3.7,65604.07
2025-07-19,Plant A,Line 4,Product A,720,563,26,173,Changeover,Morning,2.8,44157.42
2025-07-20,Plant C,Line 2,Product B,1018,965,34,10,Power Failure,Night,4.8,63712.73
2025-07-20,Plant B,Line 3,Product B,1177,1092,53,69,Power Failure,Night,2.1,76825.9
2025-07-20,Plant C,Line 1,Product A,891,846,18,17,Power Failure,Night,1.1,59458.59
2025-07-20,Plant D,Line 2,Product E,1060,924,43,74,Planned Maintenance,Morning,4.8,81054.42
2025-07-20,Plant A,Line 1,Product A,948,909,33,23,Material Shortage,Morning,2.1,67748.85
2025-07-20,Plant A,Line 1,Product E,1023,926,37,128,Power Failure,Evening,3.4,77950.82
2025-07-20,Plant D,Line 3,Product A,986,844,39,41,Machine Failure,Evening,7.9,73282.3
2025-07-20,Plant A,Line 2,Product A,869,767,25,72,Machine Failure,Evening,8.8,65101.32
2025-07-20,Plant A,Line 1,Product A,939,829,20,53,Quality Issue,Night,8.0,70553.9
2025-07-20,Plant B,Line 3,Product B,1171,1090,46,8,Material Shortage,Morning,3.2,79394.02
2025-07-20,Plant C,Line 2,Product A,846,809,20,44,Planned Maintenance,Morning,4.2,57037.06
2025-07-20,Plant C,Line 2,Product B,1141,1101,39,92,Planned Maintenance,Morning,5.7,75517.64
2025-07-20,Plant B,Line 4,Product D,1048,946,44,89,Planned Maintenance,Night,2.6,61282.3
2025-07-20,Plant A,Line 2,Product C,646,596,15,79,Machine Failure,Night,3.7,57709.82
2025-07-20,Plant A,Line 3,Product D,1295,1247,57,69,Machine Failure,Morning,4.1,75660.47
2025-07-21,Plant A,Line 4,Product A,776,720,17,25,Changeover,Morning,2.7,55314.57
2025-07-21,Plant D,Line 3,Product D,1395,1189,70,99,Changeover,Night,1.5,78417.3
2025-07-21,Plant C,Line 2,Product D,1113,1109,28,40,Machine Failure,Night,1.2,64629.51
2025-07-21,Plant C,Line 2,Product B,1068,974,31,89,Changeover,Evening,8.1,67533.63
2025-07-21,Plant B,Line 4,Product E,903,801,36,156,Machine Failure,Morning,4.7,70172.57
2025-07-21,Plant B,Line 3,Product B,1205,1072,39,47,Planned Maintenance,Morning,3.9,78328.6
2025-07-21,Plant D,Line 2,Product C,641,490,22,74,Changeover,Evening,5.7,52727.14
2025-07-21,Plant A,Line 4,Product C,621,553,12,44,Quality Issue,Morning,6.4,54759.94
2025-07-21,Plant A,Line 3,Product D,1320,1333,55,10,Power Failure,Night,3.4,80876.55
2025-07-22,Plant C,Line 3,Product D,1331,1237,43,67,Material Shortage,Morning,2.4,73412.91
2025-07-22,Plant A,Line 3,Product C,833,730,14,49,Quality Issue,Evening,7.1,70695.19
2025-07-22,Plant A,Line 1,Product E,958,908,24,56,Quality Issue,Morning,2.5,73187.22
2025-07-22,Plant C,Line 2,Product A,862,820,18,12,Machine Failure,Morning,3.6,58878.97
2025-07-22,Plant B,Line 2,Product E,1020,904,30,67,Machine Failure,Morning,1.0,76917.88
2025-07-22,Plant A,Line 1,Product D,1223,1108,59,136,Machine Failure,Evening,6.5,71363.3
2025-07-22,Plant D,Line 4,Product A,848,637,32,155,Changeover,Night,5.5,58719.52
2025-07-22,Plant D,Line 4,Product E,946,800,38,36,Power Failure,Evening,8.2,74626.59
2025-07-23,Plant A,Line 2,Product B,1133,1098,42,35,Material Shortage,Morning,1.3,71857.43
2025-07-23,Plant D,Line 1,Product D,1296,1091,64,73,Material Shortage,Morning,4.8,77303.66
2025-07-23,Plant A,Line 2,Product A,793,705,25,39,Material Shortage,Evening,7.7,54068.98
2025-07-23,Plant B,Line 2,Product C,719,520,12,78,Machine Failure,Morning,5.4,53244.26
2025-07-23,Plant B,Line 1,Product C,703,598,24,82,Power Failure,Morning,5.7,61466.24
2025-07-23,Plant B,Line 2,Product C,657,572,16,32,Material Shortage,Evening,4.1,58973.53
2025-07-23,Plant B,Line 4,Product C,634,530,19,83,Changeover,Night,7.1,54772.29
2025-07-24,Plant A,Line 4,Product A,789,696,19,48,Planned Maintenance,Night,5.4,57722.61
2025-07-24,Plant A,Line 3,Product D,1338,1252,46,102,Material Shortage,Morning,2.0,75174.1
2025-07-24,Plant B,Line 3,Product B,1133,916,44,206,Changeover,Night,5.8,71478.72
2025-07-24,Plant C,Line 4,Product A,941,849,20,41,Power Failure,Morning,2.4,60883.51
2025-07-24,Plant C,Line 2,Product A,858,781,11,40,Material Shortage,Morning,4.1,56392.57
2025-07-24,Plant A,Line 2,Product A,821,775,25,44,Changeover,Evening,3.2,58048.75
2025-07-25,Plant A,Line 1,Product E,946,881,27,35,Changeover,Night,4.2,72161.46
2025-07-25,Plant B,Line 4,Product D,1159,1076,54,47,Material Shortage,Evening,4.4,68264.23
2025-07-25,Plant B,Line 4,Product C,591,498,16,41,Machine Failure,Morning,6.1,55106.08
2025-07-25,Plant B,Line 2,Product D,1146,1048,55,21,Planned Maintenance,Night,2.7,67626.9
2025-07-25,Plant B,Line 1,Product D,1308,1148,56,158,Machine Failure,Evening,5.3,79457.24
2025-07-25,Plant D,Line 1,Product A,840,658,30,84,Power Failure,Night,2.1,53497.75
2025-07-25,Plant D,Line 4,Product E,940,842,37,43,Changeover,Morning,5.1,75906.25
2025-07-25,Plant D,Line 2,Product C,631,501,19,88,Machine Failure,Morning,4.5,52128.08
2025-07-25,Plant A,Line 1,Product C,710,643,17,70,Machine Failure,Morning,3.1,61043.63
2025-07-25,Plant A,Line 2,Product A,897,826,22,52,Planned Maintenance,Night,2.8,63683.83
2025-07-25,Plant C,Line 4,Product E,890,800,23,21,Machine Failure,Night,6.5,66067.72
2025-07-25,Plant B,Line 1,Product E,1036,963,29,27,Quality Issue,Evening,0.1,74699.51
2025-07-26,Plant C,Line 2,Product D,1151,1112,31,21,Planned Maintenance,Night,0.2,61679.14
2025-07-26,Plant B,Line 2,Product E,911,720,35,172,Quality Issue,Morning,6.0,64977.57
2025-07-26,Plant A,Line 4,Product C,772,707,24,37,Machine Failure,Morning,6.8,69142.32
2025-07-26,Plant A,Line 3,Product A,851,811,17,58,Changeover,Morning,3.3,62507.11
2025-07-26,Plant A,Line 4,Product B,950,901,34,95,Machine Failure,Evening,1.4,62501.38
2025-07-26,Plant C,Line 1,Product B,1116,1056,37,52,Changeover,Morning,3.4,68965.46
2025-07-26,Plant D,Line 4,Product C,681,605,21,32,Material Shortage,Morning,2.7,57300.44
2025-07-26,Plant A,Line 2,Product A,970,870,33,65,Changeover,Evening,3.4,64414.76
2025-07-26,Plant B,Line 2,Product B,1143,995,45,79,Planned Maintenance,Morning,5.3,74690.72
2025-07-26,Plant D,Line 3,Product A,948,862,35,27,Machine Failure,Morning,7.6,73736.89
2025-07-26,Plant D,Line 1,Product A,881,696,27,67,Material Shortage,Night,2.5,59411.96
2025-07-26,Plant B,Line 4,Product B,1043,923,43,74,Machine Failure,Morning,8.2,70704.89
2025-07-27,Plant D,Line 2,Product E,964,844,35,51,Planned Maintenance,Morning,8.0,78191.15
2025-07-27,Plant B,Line 4,Product E,853,793,30,47,Changeover,Morning,1.8,65598.95
2025-07-27,Plant C,Line 4,Product A,804,785,23,55,Quality Issue,Morning,5.5,59340.24
2025-07-27,Plant A,Line 1,Product A,915,858,18,51,Planned Maintenance,Morning,0.0,63736.37
2025-07-27,Plant C,Line 3,Product B,1200,1169,29,15,Planned Maintenance,Evening,5.7,77455.05
2025-07-27,Plant D,Line 1,Product E,959,762,37,112,Machine Failure,Evening,1.8,65501.74
2025-07-27,Plant D,Line 3,Product D,1202,1014,45,31,Power Failure,Night,4.6,69502.97
2025-07-27,Plant C,Line 3,Product E,1095,1026,35,50,Planned Maintenance,Night,4.8,78682.07
2025-07-28,Plant A,Line 1,Product A,857,798,32,109,Power Failure,Evening,1.4,58750.55
2025-07-28,Plant B,Line 4,Product D,1096,1040,42,35,Planned Maintenance,Evening,3.1,70946.38
2025-07-28,Plant A,Line 3,Product D,1250,1173,45,38,Material Shortage,Morning,4.2,72541.09
2025-07-28,Plant A,Line 4,Product C,724,712,12,14,Machine Failure,Morning,0.4,63952.96
2025-07-28,Plant D,Line 1,Product D,1304,1082,77,173,Changeover,Night,7.8,80104.36
2025-07-28,Plant D,Line 1,Product D,1202,1061,54,45,Planned Maintenance,Evening,7.0,75294.79
2025-07-28,Plant D,Line 4,Product E,914,733,30,122,Planned Maintenance,Evening,4.2,67653.57
2025-07-28,Plant A,Line 1,Product C,778,759,18,123,Material Shortage,Night,1.1,70841.18
2025-07-28,Plant B,Line 4,Product A,765,688,26,44,Power Failure,Morning,5.8,56519.21
2025-07-29,Plant A,Line 2,Product C,625,559,10,36,Changeover,Night,4.6,52164.57
2025-07-29,Plant C,Line 1,Product E,1123,1067,19,33,Material Shortage,Evening,1.7,81986.01
2025-07-29,Plant C,Line 2,Product D,1165,1117,49,61,Material Shortage,Morning,2.2,63761.29
2025-07-29,Plant C,Line 2,Product B,965,932,27,19,Material Shortage,Morning,4.0,64159.88
2025-07-29,Plant D,Line 4,Product D,1174,1015,40,28,Material Shortage,Morning,3.5,70167.49
2025-07-29,Plant B,Line 3,Product C,844,747,19,28,Material Shortage,Evening,4.7,75551.04
2025-07-29,Plant A,Line 3,Product C,786,652,19,60,Material Shortage,Evening,1.0,59569.88
2025-07-29,Plant B,Line 3,Product D,1180,1022,64,181,Material Shortage,Evening,1.6,68981.56
2025-07-29,Plant C,Line 3,Product B,1161,1155,35,24,Machine Failure,Morning,4.5,75674.37
2025-07-29,Plant C,Line 3,Product C,757,748,9,36,Machine Failure,Evening,4.1,67783.67
2025-07-30,Plant C,Line 4,Product D,1072,1021,35,60,Changeover,Evening,1.7,60877.17
2025-07-30,Plant A,Line 2,Product B,991,909,41,55,Changeover,Morning,7.5,68050.48
2025-07-30,Plant A,Line 3,Product E,1083,1025,46,36,Planned Maintenance,Night,0.0,79768.76
2025-07-30,Plant A,Line 4,Product B,1033,965,36,10,Machine Failure,Night,4.5,68017.17
2025-07-30,Plant D,Line 1,Product C,664,637,24,39,Changeover,Evening,1.6,63487.53
2025-07-30,Plant A,Line 4,Product C,664,623,12,24,Material Shortage,Evening,5.4,57283.07
2025-07-30,Plant C,Line 2,Product A,906,858,25,41,Power Failure,Night,1.7,60663.09
2025-07-30,Plant A,Line 4,Product D,1122,1019,36,32,Machine Failure,Morning,6.9,65823.44
2025-07-30,Plant A,Line 4,Product A,826,780,25,50,Power Failure,Evening,1.4,59266.0
2025-07-30,Plant A,Line 4,Product A,784,694,15,32,Machine Failure,Morning,5.4,53887.78
2025-07-31,Plant B,Line 3,Product D,1231,1111,44,54,Material Shortage,Night,6.9,75718.24
2025-07-31,Plant C,Line 2,Product D,1197,1095,58,134,Planned Maintenance,Morning,3.9,65808.1
2025-07-31,Plant A,Line 1,Product E,1026,924,33,152,Machine Failure,Morning,4.1,77311.58
2025-07-31,Plant D,Line 2,Product B,1011,858,31,66,Planned Maintenance,Night,4.5,67315.48
2025-07-31,Plant B,Line 4,Product D,1189,1079,49,69,Planned Maintenance,Morning,7.5,75339.84
2025-07-31,Plant C,Line 2,Product B,1024,971,34,23,Machine Failure,Night,4.2,66082.5
2025-08-01,Plant A,Line 2,Product E,1023,976,31,32,Material Shortage,Evening,0.8,76118.22
2025-08-01,Plant A,Line 3,Product A,1011,894,20,40,Material Shortage,Evening,4.0,70789.47
2025-08-01,Plant A,Line 4,Product D,1112,1053,36,52,Planned Maintenance,Evening,0.9,60606.48
2025-08-01,Plant A,Line 2,Product B,1036,958,44,64,Quality Issue,Morning,2.9,65713.53
2025-08-01,Plant D,Line 3,Product B,1178,1031,52,6,Material Shortage,Evening,2.3,75129.61
2025-08-01,Plant C,Line 1,Product E,1060,1056,32,35,Changeover,Morning,6.1,80317.83
2025-08-01,Plant C,Line 2,Product A,919,880,26,17,Machine Failure,Evening,0.0,59088.35
2025-08-01,Plant D,Line 2,Product D,1281,1100,51,29,Quality Issue,Night,7.4,78482.49
2025-08-02,Plant C,Line 2,Product D,1170,1141,43,29,Changeover,Night,3.0,64961.37
2025-08-02,Plant C,Line 3,Product C,825,844,8,38,Machine Failure,Evening,3.2,76026.96
2025-08-02,Plant C,Line 3,Product B,1152,1062,36,44,Planned Maintenance,Morning,4.7,71467.73
2025-08-02,Plant A,Line 3,Product D,1258,1164,47,45,Power Failure,Night,3.9,71547.84
2025-08-02,Plant C,Line 4,Product D,1118,1078,25,22,Planned Maintenance,Evening,3.7,63343.8
2025-08-02,Plant A,Line 4,Product E,847,796,26,48,Material Shortage,Morning,5.2,65082.91
2025-08-02,Plant A,Line 2,Product C,728,581,16,171,Material Shortage,Morning,4.9,60558.79
2025-08-02,Plant A,Line 1,Product E,1071,983,37,32,Machine Failure,Night,7.2,81782.92
2025-08-02,Plant B,Line 2,Product D,1129,1079,44,38,Planned Maintenance,Morning,0.6,65657.09
2025-08-03,Plant B,Line 3,Product C,807,719,18,18,Quality Issue,Evening,5.2,70019.19
2025-08-03,Plant A,Line 1,Product B,1170,1128,38,28,Material Shortage,Evening,4.0,77459.15
2025-08-03,Plant D,Line 3,Product E,1019,862,48,108,Machine Failure,Morning,5.2,77880.54
2025-08-03,Plant A,Line 1,Product D,1225,1171,47,23,Machine Failure,Evening,2.2,71070.03
2025-08-03,Plant B,Line 2,Product D,1208,1117,45,36,Machine Failure,Morning,0.8,71387.87
2025-08-03,Plant A,Line 2,Product A,862,775,19,33,Power Failure,Evening,3.1,58277.07
2025-08-03,Plant C,Line 2,Product A,867,786,28,78,Planned Maintenance,Evening,5.0,59656.38
2025-08-03,Plant B,Line 3,Product D,1346,1221,75,78,Planned Maintenance,Evening,4.2,81561.22
2025-08-03,Plant B,Line 3,Product A,871,767,35,55,Machine Failure,Evening,6.9,65929.95
2025-08-04,Plant D,Line 2,Product C,792,619,30,123,Machine Failure,Night,4.5,63415.11
2025-08-04,Plant A,Line 1,Product C,798,721,13,74,Material Shortage,Evening,3.0,64983.73
2025-08-04,Plant A,Line 3,Product E,1055,980,34,68,Changeover,Evening,0.4,74438.68
2025-08-04,Plant C,Line 1,Product E,996,957,28,30,Machine Failure,Morning,0.0,71594.19
2025-08-04,Plant D,Line 2,Product C,709,509,19,91,Material Shortage,Night,1.4,50399.16
2025-08-04,Plant A,Line 4,Product A,727,689,20,30,Planned Maintenance,Night,4.1,54916.37
2025-08-04,Plant D,Line 4,Product C,622,510,15,107,Machine Failure,Morning,4.2,54779.3
2025-08-04,Plant D,Line 1,Product D,1218,1096,55,40,Power Failure,Morning,3.5,76797.16
2025-08-04,Plant C,Line 3,Product D,1147,1094,48,56,Power Failure,Night,0.6,61975.27
2025-08-04,Plant A,Line 1,Product A,977,920,32,63,Planned Maintenance,Night,4.9,71087.91
2025-08-04,Plant D,Line 3,Product D,1349,1190,53,23,Power Failure,Evening,2.5,79718.04
2025-08-05,Plant D,Line 1,Product B,1038,924,44,67,Changeover,Night,8.1,73872.45
2025-08-05,Plant C,Line 1,Product C,878,903,14,43,Machine Failure,Morning,4.8,83644.43
2025-08-05,Plant D,Line 2,Product B,1039,873,35,81,Machine Failure,Night,4.1,65829.52
2025-08-05,Plant D,Line 4,Product D,1128,938,49,60,Quality Issue,Evening,6.3,65253.78
2025-08-05,Plant D,Line 3,Product B,1153,925,50,131,Changeover,Evening,2.1,70025.11
2025-08-05,Plant A,Line 1,Product B,1127,1030,45,66,Planned Maintenance,Evening,3.9,72042.48
2025-08-05,Plant B,Line 4,Product C,607,550,17,57,Machine Failure,Morning,1.7,51975.57
2025-08-05,Plant D,Line 4,Product E,847,722,28,34,Machine Failure,Morning,4.0,67532.76
2025-08-05,Plant A,Line 2,Product B,1055,952,51,121,Planned Maintenance,Morning,6.2,71177.24
2025-08-05,Plant D,Line 4,Product C,582,520,17,50,Material Shortage,Morning,8.4,56306.4
2025-08-05,Plant B,Line 3,Product B,1203,1041,53,70,Changeover,Night,3.1,74616.12
2025-08-05,Plant A,Line 3,Product C,724,716,13,23,Changeover,Morning,4.8,66212.86
2025-08-06,Plant D,Line 1,Product E,1018,871,27,22,Machine Failure,Morning,4.8,78409.35
2025-08-06,Plant D,Line 4,Product A,767,530,32,240,Machine Failure,Morning,2.5,48340.16
2025-08-06,Plant A,Line 1,Product A,913,837,31,67,Quality Issue,Night,2.6,64244.18
2025-08-06,Plant A,Line 4,Product B,1068,994,33,24,Machine Failure,Night,4.8,65356.75
2025-08-06,Plant D,Line 1,Product C,851,721,27,79,Machine Failure,Morning,5.5,74670.35
2025-08-06,Plant B,Line 4,Product A,787,618,25,61,Changeover,Morning,7.4,55321.01
2025-08-06,Plant D,Line 2,Product E,930,863,45,83,Planned Maintenance,Evening,2.0,76484.86
2025-08-06,Plant B,Line 1,Product E,1025,968,35,26,Changeover,Morning,1.8,82387.28
2025-08-06,Plant B,Line 2,Product B,961,867,40,129,Machine Failure,Morning,4.7,69210.14
2025-08-06,Plant B,Line 1,Product A,1007,904,43,31,Material Shortage,Morning,7.3,76226.07
2025-08-06,Plant D,Line 2,Product D,1212,1061,60,81,Machine Failure,Morning,6.8,76977.76
2025-08-06,Plant D,Line 2,Product E,999,897,50,118,Machine Failure,Night,7.2,84992.55
2025-08-07,Plant D,Line 3,Product C,786,721,27,63,Machine Failure,Morning,7.2,76317.97
2025-08-07,Plant D,Line 3,Product A,832,709,34,90,Quality Issue,Morning,7.0,66401.22
2025-08-08,Plant A,Line 3,Product C,723,714,9,45,Material Shortage,Evening,1.7,64810.35
2025-08-08,Plant C,Line 4,Product B,1021,931,32,69,Quality Issue,Night,4.9,62270.48
2025-08-08,Plant B,Line 4,Product A,775,656,33,79,Changeover,Morning,6.5,58306.0
2025-08-08,Plant A,Line 2,Product B,1109,994,35,66,Machine Failure,Evening,3.7,67142.61
2025-08-08,Plant C,Line 4,Product C,711,673,17,40,Planned Maintenance,Evening,3.4,61930.48
2025-08-08,Plant B,Line 1,Product B,1105,1069,48,78,Machine Failure,Night,0.0,77941.46
2025-08-08,Plant D,Line 1,Product E,1062,915,36,70,Material Shortage,Night,5.2,85154.2
2025-08-08,Plant C,Line 4,Product E,935,904,20,35,Quality Issue,Night,3.8,70795.99
2025-08-08,Plant C,Line 4,Product C,749,725,16,61,Changeover,Evening,3.9,65279.67
2025-08-08,Plant B,Line 1,Product E,965,884,39,47,Machine Failure,Morning,2.6,76782.58
2025-08-08,Plant D,Line 2,Product A,845,802,26,63,Power Failure,Morning,0.0,64947.08
2025-08-08,Plant C,Line 3,Product D,1341,1280,48,34,Planned Maintenance,Morning,0.8,72372.24
2025-08-08,Plant C,Line 2,Product C,695,633,16,45,Planned Maintenance,Night,6.0,60347.5
2025-08-08,Plant B,Line 2,Product E,1094,913,43,72,Quality Issue,Evening,3.9,76726.89
2025-08-09,Plant C,Line 1,Product C,700,653,18,66,Quality Issue,Evening,3.5,59861.01
2025-08-09,Plant D,Line 4,Product E,907,746,38,106,Material Shortage,Evening,7.2,70490.21
2025-08-09,Plant B,Line 3,Product B,1128,1007,42,52,Material Shortage,Morning,4.2,72879.08
2025-08-09,Plant A,Line 2,Product E,947,886,31,103,Planned Maintenance,Evening,1.2,73577.78
2025-08-09,Plant A,Line 2,Product A,810,741,13,18,Machine Failure,Evening,4.8,55569.5
2025-08-09,Plant D,Line 1,Product A,916,777,40,64,Changeover,Morning,3.9,66086.83
2025-08-09,Plant A,Line 1,Product E,1058,975,24,16,Machine Failure,Morning,4.1,78089.15
2025-08-10,Plant A,Line 1,Product C,698,635,16,99,Machine Failure,Morning,4.9,60652.96
2025-08-10,Plant C,Line 1,Product D,1206,1138,36,51,Material Shortage,Evening,1.4,64137.09
2025-08-10,Plant A,Line 1,Product B,1095,1025,38,36,Material Shortage,Morning,3.0,66592.37
2025-08-10,Plant C,Line 1,Product E,1010,958,31,44,Machine Failure,Evening,3.7,73416.58
2025-08-10,Plant B,Line 4,Product C,674,624,23,72,Power Failure,Night,2.3,60452.94
2025-08-10,Plant D,Line 3,Product A,1049,873,42,96,Machine Failure,Evening,7.4,77392.47
2025-08-10,Plant C,Line 3,Product D,1231,1152,33,57,Machine Failure,Morning,0.5,65025.01
2025-08-10,Plant B,Line 2,Product C,760,719,25,56,Planned Maintenance,Night,3.5,73945.66
2025-08-10,Plant D,Line 4,Product C,552,452,13,53,Machine Failure,Evening,5.9,51503.8
2025-08-11,Plant C,Line 2,Product B,980,923,39,34,Material Shortage,Evening,0.0,59326.23
2025-08-11,Plant A,Line 2,Product D,1097,1043,35,14,Changeover,Morning,0.9,59856.53
2025-08-11,Plant A,Line 3,Product A,964,913,22,35,Power Failure,Evening,2.2,67952.66
2025-08-11,Plant D,Line 4,Product E,927,796,38,55,Quality Issue,Evening,7.0,73818.27
2025-08-11,Plant A,Line 2,Product E,959,899,24,18,Machine Failure,Night,1.8,66940.65
2025-08-11,Plant D,Line 2,Product E,911,779,37,53,Planned Maintenance,Night,2.7,69718.56
2025-08-11,Plant A,Line 1,Product D,1283,1202,50,42,Material Shortage,Morning,2.4,74732.97
2025-08-11,Plant D,Line 4,Product E,823,634,31,150,Changeover,Morning,6.7,60145.96
2025-08-11,Plant B,Line 3,Product D,1242,1158,61,32,Machine Failure,Evening,3.2,77886.87
2025-08-11,Plant B,Line 4,Product E,922,847,35,63,Changeover,Morning,1.9,70162.63
2025-08-11,Plant A,Line 4,Product E,900,847,24,39,Power Failure,Night,0.1,65401.85
2025-08-11,Plant A,Line 1,Product C,927,848,18,80,Machine Failure,Evening,1.2,77473.63
2025-08-12,Plant D,Line 3,Product E,1045,914,56,104,Machine Failure,Morning,7.9,86426.66
2025-08-12,Plant A,Line 4,Product B,1064,945,39,96,Planned Maintenance,Night,7.5,70592.44
2025-08-12,Plant B,Line 3,Product D,1260,1084,52,99,Planned Maintenance,Morning,4.5,75051.13
2025-08-12,Plant C,Line 3,Product B,1151,1167,41,94,Changeover,Night,2.6,72843.29
2025-08-12,Plant C,Line 3,Product A,918,891,28,17,Material Shortage,Night,0.2,61270.22
2025-08-12,Plant C,Line 4,Product C,765,733,16,46,Machine Failure,Night,1.1,61873.19
2025-08-12,Plant D,Line 3,Product C,759,620,21,34,Material Shortage,Evening,5.9,66045.67
2025-08-12,Plant A,Line 3,Product E,1065,1037,47,28,Power Failure,Evening,4.7,83057.57
2025-08-12,Plant B,Line 1,Product B,960,860,33,75,Planned Maintenance,Night,6.1,65185.48
2025-08-13,Plant A,Line 4,Product D,1153,999,33,78,Power Failure,Evening,4.0,62031.64
2025-08-13,Plant B,Line 1,Product A,773,667,23,78,Power Failure,Morning,8.4,59531.21
2025-08-13,Plant B,Line 1,Product A,847,768,32,37,Machine Failure,Evening,1.5,63039.28
2025-08-13,Plant C,Line 1,Product B,1118,1054,33,109,Power Failure,Morning,0.7,68534.75
2025-08-13,Plant A,Line 3,Product B,1158,1081,36,65,Material Shortage,Evening,3.7,75985.53
2025-08-13,Plant C,Line 1,Product A,854,865,12,9,Machine Failure,Evening,4.7,63071.36
2025-08-13,Plant A,Line 3,Product C,771,744,22,41,Planned Maintenance,Morning,4.0,70648.79
2025-08-13,Plant A,Line 1,Product C,792,741,16,24,Machine Failure,Morning,3.9,66418.69
2025-08-13,Plant B,Line 4,Product A,766,659,23,96,Changeover,Morning,4.4,58398.61
2025-08-13,Plant A,Line 2,Product E,913,849,30,27,Machine Failure,Morning,3.2,71881.98
2025-08-13,Plant B,Line 4,Product B,1000,848,43,38,Changeover,Evening,4.8,65885.47
2025-08-14,Plant B,Line 1,Product A,942,882,32,70,Machine Failure,Evening,4.6,73033.86
2025-08-14,Plant B,Line 3,Product C,773,749,21,21,Material Shortage,Morning,4.3,74193.44
2025-08-14,Plant B,Line 2,Product D,1184,1036,61,103,Material Shortage,Evening,1.0,66763.14
2025-08-14,Plant A,Line 4,Product A,758,698,13,30,Quality Issue,Evening,5.8,53071.51
2025-08-14,Plant D,Line 2,Product D,1157,1012,69,129,Planned Maintenance,Evening,3.4,71139.24
2025-08-14,Plant D,Line 2,Product D,1157,1044,57,26,Machine Failure,Night,5.2,72123.93
2025-08-14,Plant B,Line 4,Product B,1030,938,50,65,Machine Failure,Morning,5.3,71334.09
2025-08-14,Plant B,Line 4,Product E,969,860,34,36,Changeover,Evening,6.0,76901.73
2025-08-14,Plant A,Line 2,Product B,1057,1015,36,41,Quality Issue,Evening,3.1,70957.65
2025-08-14,Plant A,Line 3,Product E,1063,1020,41,88,Planned Maintenance,Evening,0.8,80818.64
2025-08-14,Plant C,Line 2,Product C,753,651,14,62,Machine Failure,Evening,3.3,58586.65
2025-08-15,Plant B,Line 1,Product A,941,866,24,69,Planned Maintenance,Night,0.4,68522.48
2025-08-15,Plant C,Line 2,Product D,1275,1201,36,71,Power Failure,Morning,1.2,70173.3
2025-08-15,Plant B,Line 4,Product A,870,777,35,45,Material Shortage,Morning,7.4,66685.65
2025-08-15,Plant A,Line 2,Product A,855,830,25,18,Material Shortage,Night,2.9,61560.77
2025-08-15,Plant C,Line 1,Product C,787,750,19,85,Power Failure,Evening,4.5,69249.99
2025-08-15,Plant A,Line 4,Product B,965,947,33,75,Planned Maintenance,Morning,3.3,67097.98
2025-08-15,Plant C,Line 2,Product D,1199,1117,46,81,Changeover,Evening,1.7,65051.12
2025-08-15,Plant A,Line 1,Product D,1224,1091,48,53,Machine Failure,Evening,2.0,66258.03
2025-08-15,Plant A,Line 1,Product D,1154,1105,35,36,Quality Issue,Night,3.1,68238.47
2025-08-15,Plant B,Line 2,Product A,902,828,38,53,Changeover,Morning,3.1,68631.25
2025-08-15,Plant B,Line 3,Product E,1039,948,33,41,Planned Maintenance,Morning,5.1,80836.98
2025-08-15,Plant D,Line 1,Product C,744,621,22,19,Power Failure,Morning,5.2,65782.58
2025-08-15,Plant D,Line 4,Product C,629,477,23,110,Material Shortage,Morning,7.0,53407.33
2025-08-16,Plant B,Line 2,Product E,1034,908,26,20,Planned Maintenance,Morning,7.4,79287.3
2025-08-16,Plant D,Line 1,Product B,1110,852,46,110,Quality Issue,Morning,3.1,64872.09
2025-08-16,Plant D,Line 1,Product A,921,756,33,83,Power Failure,Morning,5.4,64642.11
2025-08-16,Plant B,Line 1,Product E,964,830,30,44,Power Failure,Morning,3.6,72002.78
2025-08-16,Plant D,Line 2,Product E,974,854,50,116,Machine Failure,Night,4.7,80642.89
2025-08-16,Plant B,Line 1,Product B,1084,962,39,22,Machine Failure,Night,6.1,73706.53
2025-08-16,Plant D,Line 4,Product D,1141,1018,53,41,Material Shortage,Morning,4.7,70055.2
2025-08-16,Plant A,Line 2,Product D,1227,1146,39,57,Quality Issue,Morning,4.9,72634.51
2025-08-16,Plant C,Line 4,Product A,761,724,23,67,Changeover,Evening,1.2,54185.57
2025-08-17,Plant A,Line 4,Product E,952,850,17,20,Power Failure,Night,3.9,67819.43
2025-08-17,Plant A,Line 1,Product E,918,829,31,54,Power Failure,Evening,5.8,72863.47
2025-08-17,Plant C,Line 1,Product A,904,839,19,17,Machine Failure,Evening,1.2,60960.03
2025-08-17,Plant C,Line 2,Product C,754,712,8,41,Planned Maintenance,Night,0.0,59164.49
2025-08-17,Plant C,Line 1,Product E,955,922,28,20,Material Shortage,Morning,2.5,70631.12
2025-08-17,Plant D,Line 2,Product E,1026,862,37,28,Machine Failure,Night,2.9,74016.72
2025-08-17,Plant A,Line 2,Product A,870,797,20,71,Machine Failure,Night,6.6,64421.7
2025-08-17,Plant D,Line 1,Product E,961,757,32,30,Power Failure,Morning,7.1,70104.12
2025-08-17,Plant A,Line 3,Product E,998,926,42,106,Machine Failure,Evening,2.4,74055.78
2025-08-17,Plant D,Line 1,Product E,959,790,37,103,Machine Failure,Evening,2.9,73697.66
2025-08-17,Plant C,Line 1,Product B,1199,1112,27,49,Quality Issue,Evening,4.2,74473.34
2025-08-17,Plant A,Line 3,Product D,1272,1128,50,124,Changeover,Evening,8.0,74717.74
2025-08-18,Plant D,Line 4,Product D,1099,891,54,134,Power Failure,Morning,5.6,64872.59
2025-08-18,Plant A,Line 2,Product B,1037,993,31,55,Machine Failure,Morning,1.4,68223.77
2025-08-18,Plant C,Line 2,Product D,1151,1098,45,78,Material Shortage,Morning,0.2,61367.34
2025-08-18,Plant D,Line 3,Product C,794,627,22,85,Changeover,Evening,8.2,68288.2
2025-08-18,Plant B,Line 3,Product D,1329,1208,52,43,Quality Issue,Evening,4.5,80314.32
2025-08-18,Plant D,Line 3,Product B,1166,992,50,65,Planned Maintenance,Night,7.8,80806.59
2025-08-18,Plant D,Line 3,Product C,719,527,22,123,Quality Issue,Evening,3.5,55220.76
2025-08-18,Plant B,Line 4,Product C,730,684,22,24,Material Shortage,Morning,3.1,66496.54
2025-08-19,Plant B,Line 2,Product D,1107,991,48,83,Changeover,Evening,6.3,69335.41
2025-08-19,Plant B,Line 2,Product C,752,719,14,46,Machine Failure,Night,3.3,74280.1
2025-08-19,Plant A,Line 3,Product A,860,811,29,48,Power Failure,Evening,4.9,63021.8
2025-08-19,Plant A,Line 4,Product D,1114,1049,34,43,Material Shortage,Morning,1.3,63817.65
2025-08-19,Plant C,Line 1,Product E,1062,991,28,107,Changeover,Evening,5.3,82165.95
2025-08-19,Plant D,Line 3,Product C,792,687,29,116,Machine Failure,Evening,3.0,68473.01
2025-08-19,Plant C,Line 1,Product C,715,725,15,50,Machine Failure,Morning,3.1,63613.85
2025-08-19,Plant B,Line 2,Product A,823,697,34,182,Planned Maintenance,Night,4.5,61658.62
2025-08-19,Plant D,Line 1,Product C,729,604,26,126,Material Shortage,Evening,3.9,62932.75
2025-08-20,Plant B,Line 1,Product A,884,798,28,40,Planned Maintenance,Morning,3.7,66712.44
2025-08-20,Plant C,Line 2,Product D,1206,1189,42,68,Machine Failure,Evening,2.8,67857.97
2025-08-20,Plant A,Line 4,Product D,1101,1054,52,48,Power Failure,Morning,3.0,65017.05
2025-08-20,Plant B,Line 3,Product C,805,780,19,68,Power Failure,Night,3.3,78248.36
2025-08-20,Plant A,Line 1,Product D,1280,1230,39,13,Material Shortage,Morning,4.8,72255.78
2025-08-20,Plant B,Line 1,Product B,1049,882,25,43,Changeover,Night,5.6,67550.48
2025-08-20,Plant B,Line 1,Product C,725,614,22,76,Planned Maintenance,Night,6.2,64820.22
2025-08-20,Plant A,Line 3,Product D,1354,1325,75,28,Power Failure,Evening,3.5,80411.42
2025-08-21,Plant A,Line 3,Product E,1133,1098,30,44,Changeover,Evening,3.4,88762.57
2025-08-21,Plant C,Line 1,Product D,1341,1224,43,63,Machine Failure,Evening,3.5,71627.48
2025-08-21,Plant B,Line 3,Product A,1009,841,44,135,Machine Failure,Night,3.1,69961.04
2025-08-21,Plant C,Line 4,Product C,683,612,5,38,Planned Maintenance,Morning,3.5,54856.02
2025-08-21,Plant C,Line 4,Product E,787,707,30,143,Changeover,Evening,2.9,56861.32
2025-08-21,Plant C,Line 2,Product C,680,657,15,23,Planned Maintenance,Evening,2.7,59106.78
2025-08-21,Plant A,Line 3,Product E,1002,944,33,24,Machine Failure,Morning,3.9,76825.66
2025-08-21,Plant A,Line 2,Product C,715,630,15,38,Planned Maintenance,Night,5.3,60269.11
2025-08-21,Plant A,Line 4,Product C,575,498,17,49,Changeover,Night,2.0,45670.78
2025-08-21,Plant C,Line 1,Product E,1005,946,29,25,Machine Failure,Morning,1.8,71260.4
2025-08-21,Plant A,Line 2,Product C,716,713,20,66,Power Failure,Evening,0.8,63620.71
2025-08-21,Plant A,Line 2,Product C,696,668,24,80,Material Shortage,Evening,0.6,59000.03
2025-08-21,Plant A,Line 1,Product A,894,843,29,80,Planned Maintenance,Morning,1.8,63409.02
2025-08-21,Plant A,Line 3,Product B,1025,944,26,34,Planned Maintenance,Night,3.7,65042.61
2025-08-21,Plant A,Line 4,Product E,877,790,24,39,Power Failure,Night,5.9,64748.31
2025-08-22,Plant B,Line 1,Product C,725,682,28,49,Quality Issue,Morning,5.2,68762.79
2025-08-22,Plant B,Line 2,Product D,1125,1058,45,97,Planned Maintenance,Evening,5.5,69696.64
2025-08-22,Plant A,Line 2,Product B,1092,1013,39,94,Planned Maintenance,Evening,3.3,68748.38
2025-08-22,Plant A,Line 2,Product D,1231,1186,44,19,Material Shortage,Evening,3.2,71104.39
2025-08-22,Plant B,Line 3,Product B,1175,1024,53,99,Power Failure,Evening,2.8,74637.9
2025-08-23,Plant C,Line 3,Product C,793,737,20,49,Power Failure,Evening,3.3,66112.53
2025-08-23,Plant D,Line 4,Product A,840,720,43,175,Machine Failure,Morning,6.2,65556.42
2025-08-23,Plant C,Line 4,Product A,754,692,19,81,Power Failure,Evening,7.1,57464.1
2025-08-23,Plant A,Line 4,Product E,827,788,21,101,Machine Failure,Morning,1.1,63799.41
2025-08-23,Plant A,Line 1,Product D,1200,1137,54,73,Machine Failure,Night,2.1,69473.3
2025-08-23,Plant A,Line 2,Product E,876,744,37,110,Planned Maintenance,Morning,3.6,61489.97
2025-08-23,Plant A,Line 4,Product A,767,738,25,65,Changeover,Morning,4.7,59331.95
2025-08-23,Plant C,Line 3,Product D,1302,1242,30,25,Machine Failure,Evening,5.1,70499.03
2025-08-23,Plant B,Line 2,Product C,679,611,23,48,Material Shortage,Night,7.9,64547.12
2025-08-23,Plant A,Line 4,Product C,742,700,21,27,Changeover,Evening,1.8,65478.84
2025-08-24,Plant B,Line 3,Product C,804,726,31,90,Machine Failure,Night,1.7,68510.97
2025-08-24,Plant B,Line 1,Product E,895,792,37,13,Material Shortage,Night,5.8,71116.83
2025-08-24,Plant C,Line 3,Product B,1189,1140,42,92,Changeover,Morning,4.6,76713.45
2025-08-24,Plant A,Line 4,Product A,820,791,36,25,Material Shortage,Evening,4.5,59943.4
2025-08-24,Plant A,Line 1,Product E,956,895,31,83,Planned Maintenance,Morning,4.7,74853.58
2025-08-24,Plant A,Line 1,Product E,986,928,34,47,Machine Failure,Evening,3.6,71344.33
2025-08-24,Plant B,Line 2,Product B,1061,898,46,172,Machine Failure,Night,5.0,68824.29
2025-08-24,Plant A,Line 3,Product B,1144,1031,43,54,Planned Maintenance,Night,4.8,73669.47
2025-08-25,Plant D,Line 1,Product E,1003,818,27,40,Material Shortage,Morning,4.8,74404.96
2025-08-25,Plant C,Line 3,Product A,780,786,11,26,Machine Failure,Night,0.0,54718.22
2025-08-25,Plant C,Line 4,Product B,995,919,34,120,Changeover,Evening,2.0,61326.72
2025-08-25,Plant C,Line 4,Product B,943,926,29,51,Planned Maintenance,Evening,1.9,58367.95
2025-08-25,Plant D,Line 3,Product D,1197,1041,45,28,Planned Maintenance,Morning,6.0,73183.07
2025-08-25,Plant A,Line 3,Product D,1451,1363,54,57,Power Failure,Night,1.9,82537.85
2025-08-25,Plant D,Line 3,Product A,957,728,43,240,Quality Issue,Evening,3.9,65084.6
2025-08-25,Plant C,Line 3,Product D,1289,1241,45,68,Power Failure,Evening,2.6,72038.65
2025-08-25,Plant D,Line 4,Product A,823,662,37,122,Changeover,Evening,4.2,58222.07
2025-08-25,Plant A,Line 2,Product A,900,842,31,35,Changeover,Evening,0.9,63137.22
2025-08-25,Plant A,Line 1,Product D,1257,1190,49,30,Changeover,Morning,3.9,70055.11
2025-08-25,Plant D,Line 3,Product A,1009,898,36,35,Quality Issue,Night,4.8,74994.72
2025-08-25,Plant B,Line 4,Product C,719,612,10,46,Changeover,Morning,3.4,60318.78
2025-08-25,Plant A,Line 4,Product B,963,871,27,51,Machine Failure,Evening,4.7,61354.51
2025-08-26,Plant C,Line 3,Product E,1019,962,30,40,Material Shortage,Night,0.6,71755.81
2025-08-26,Plant A,Line 2,Product A,850,746,21,98,Planned Maintenance,Night,5.4,61948.86
2025-08-26,Plant A,Line 2,Product C,701,575,9,109,Quality Issue,Morning,4.2,56387.57
2025-08-26,Plant A,Line 3,Product A,962,867,24,33,Machine Failure,Morning,7.8,71705.06
2025-08-26,Plant A,Line 3,Product C,805,777,11,30,Planned Maintenance,Evening,2.0,72826.82
2025-08-27,Plant C,Line 2,Product A,798,741,22,28,Changeover,Morning,4.2,56410.19
2025-08-27,Plant C,Line 1,Product E,856,834,19,19,Quality Issue,Evening,1.2,61204.05
2025-08-27,Plant A,Line 2,Product C,858,767,20,88,Machine Failure,Morning,8.7,77475.22
2025-08-27,Plant A,Line 3,Product E,1113,1048,30,66,Power Failure,Morning,0.3,82415.32
2025-08-27,Plant B,Line 4,Product A,867,774,39,113,Changeover,Evening,5.9,65117.86
2025-08-27,Plant C,Line 2,Product D,1210,1166,26,6,Quality Issue,Night,5.1,69106.43
2025-08-27,Plant C,Line 2,Product C,680,611,7,44,Power Failure,Evening,6.2,55742.84
2025-08-27,Plant B,Line 3,Product D,1323,1182,57,18,Planned Maintenance,Morning,8.2,82231.64
2025-08-27,Plant B,Line 2,Product D,1131,954,52,157,Quality Issue,Morning,1.2,62361.74
2025-08-27,Plant B,Line 2,Product A,799,711,30,106,Changeover,Night,3.8,58469.62
2025-08-27,Plant C,Line 3,Product B,1177,1122,34,41,Machine Failure,Morning,2.0,73424.27
2025-08-27,Plant C,Line 2,Product C,649,623,10,62,Planned Maintenance,Morning,4.3,57029.11
2025-08-28,Plant C,Line 2,Product D,1122,1084,34,34,Planned Maintenance,Evening,1.9,62441.5
2025-08-28,Plant A,Line 2,Product B,958,892,32,32,Power Failure,Evening,0.2,57400.71
2025-08-29,Plant C,Line 1,Product B,1061,1033,30,38,Planned Maintenance,Evening,4.4,68033.82
2025-08-29,Plant A,Line 1,Product C,839,789,14,35,Power Failure,Night,3.7,74046.08
2025-08-29,Plant D,Line 4,Product A,878,737,34,91,Machine Failure,Night,4.7,65646.91
2025-08-29,Plant A,Line 1,Product E,892,872,32,69,Changeover,Night,0.0,66783.85
2025-08-29,Plant A,Line 4,Product E,916,767,28,119,Material Shortage,Morning,2.7,63680.66
2025-08-30,Plant C,Line 2,Product E,844,728,24,106,Changeover,Morning,6.2,60252.5
2025-08-30,Plant A,Line 3,Product E,942,884,15,21,Planned Maintenance,Night,2.9,73470.26
2025-08-30,Plant A,Line 4,Product B,974,911,37,44,Quality Issue,Morning,4.2,65050.1
2025-08-30,Plant B,Line 1,Product C,735,538,25,147,Machine Failure,Evening,7.4,60956.11
2025-08-30,Plant B,Line 1,Product B,1134,965,54,128,Material Shortage,Morning,3.2,73529.92
2025-08-30,Plant C,Line 1,Product B,1136,1006,35,106,Planned Maintenance,Evening,3.1,67987.43
2025-08-30,Plant B,Line 1,Product A,852,681,29,120,Planned Maintenance,Night,5.5,60329.9
2025-08-30,Plant C,Line 1,Product C,714,681,11,40,Planned Maintenance,Night,2.0,59908.16
2025-08-30,Plant A,Line 3,Product B,1187,1096,31,24,Machine Failure,Night,4.3,76075.5
2025-08-30,Plant C,Line 4,Product E,898,832,20,59,Machine Failure,Morning,3.7,63206.41
2025-08-30,Plant C,Line 1,Product C,754,666,13,43,Machine Failure,Morning,2.3,61480.31
2025-08-31,Plant C,Line 2,Product D,1270,1223,42,43,Machine Failure,Night,3.0,71280.15
2025-08-31,Plant B,Line 1,Product B,1147,1079,54,47,Power Failure,Evening,0.8,76504.16
2025-08-31,Plant B,Line 4,Product A,901,790,25,86,Machine Failure,Evening,4.6,65853.04
2025-08-31,Plant D,Line 1,Product E,971,822,40,33,Changeover,Morning,3.6,72549.1
2025-08-31,Plant C,Line 3,Product D,1393,1276,39,27,Power Failure,Evening,3.1,70545.43
2025-08-31,Plant D,Line 2,Product A,758,652,28,119,Material Shortage,Evening,7.1,59578.5
2025-09-01,Plant B,Line 4,Product D,1255,1097,66,116,Machine Failure,Evening,9.1,76426.74
2025-09-01,Plant A,Line 1,Product B,1123,1051,23,42,Power Failure,Night,1.6,71612.79
2025-09-01,Plant C,Line 2,Product A,852,784,24,66,Machine Failure,Night,2.3,59930.64
2025-09-01,Plant D,Line 3,Product C,828,713,30,42,Material Shortage,Morning,7.0,74802.89
2025-09-01,Plant B,Line 3,Product C,824,672,29,179,Quality Issue,Evening,7.3,70380.58
2025-09-01,Plant A,Line 4,Product E,805,772,17,12,Power Failure,Morning,2.1,60808.0
2025-09-02,Plant A,Line 4,Product D,1024,981,46,54,Power Failure,Night,1.9,57596.59
2025-09-02,Plant A,Line 4,Product E,940,819,29,73,Changeover,Morning,7.3,69432.85
2025-09-02,Plant A,Line 1,Product E,1002,963,20,34,Quality Issue,Night,3.1,76965.82
2025-09-02,Plant A,Line 2,Product B,1069,1032,25,13,Machine Failure,Night,0.5,69826.48
2025-09-02,Plant D,Line 2,Product B,1076,986,42,59,Power Failure,Night,1.7,71247.21
2025-09-02,Plant A,Line 4,Product D,1197,1098,42,43,Material Shortage,Morning,3.2,66531.07
2025-09-02,Plant D,Line 2,Product C,696,585,24,98,Machine Failure,Evening,2.2,62128.4
2025-09-02,Plant C,Line 1,Product C,662,586,20,87,Material Shortage,Morning,1.4,52288.3
2025-09-02,Plant B,Line 4,Product A,826,727,30,44,Machine Failure,Night,9.3,61425.09
2025-09-03,Plant A,Line 4,Product D,1087,1056,42,39,Material Shortage,Morning,1.0,63423.01
2025-09-03,Plant B,Line 2,Product E,949,820,46,98,Changeover,Morning,8.6,74121.03
2025-09-03,Plant C,Line 1,Product B,1102,1051,27,36,Planned Maintenance,Evening,2.5,67959.02
2025-09-03,Plant B,Line 4,Product A,915,782,30,61,Planned Maintenance,Evening,5.8,69064.66
2025-09-03,Plant B,Line 2,Product D,1149,973,46,86,Material Shortage,Morning,3.7,63036.9
2025-09-03,Plant A,Line 2,Product C,702,645,9,31,Material Shortage,Evening,5.3,62709.4
2025-09-03,Plant C,Line 1,Product B,1136,1132,44,58,Power Failure,Morning,3.0,72535.09
2025-09-03,Plant C,Line 2,Product C,647,601,18,43,Planned Maintenance,Morning,4.2,55482.49
2025-09-04,Plant B,Line 2,Product C,683,492,21,137,Planned Maintenance,Night,3.4,49864.99
2025-09-04,Plant C,Line 1,Product D,1315,1275,43,25,Material Shortage,Night,1.4,71071.93
2025-09-04,Plant C,Line 3,Product E,1054,952,35,33,Quality Issue,Evening,3.5,72440.24
2025-09-04,Plant A,Line 1,Product A,951,776,27,74,Changeover,Morning,4.9,62540.53
2025-09-04,Plant C,Line 3,Product A,971,921,19,29,Material Shortage,Evening,2.5,67947.88
2025-09-04,Plant D,Line 1,Product A,825,746,31,94,Machine Failure,Morning,6.6,68274.65
2025-09-04,Plant B,Line 4,Product B,929,820,37,95,Material Shortage,Morning,1.1,59773.35
2025-09-04,Plant D,Line 4,Product E,865,768,37,114,Machine Failure,Evening,6.2,71393.3
2025-09-04,Plant B,Line 3,Product B,1160,1048,50,36,Changeover,Morning,3.9,75726.55
2025-09-04,Plant C,Line 3,Product A,845,839,19,13,Material Shortage,Morning,2.1,58769.74
2025-09-04,Plant A,Line 4,Product A,851,806,30,54,Material Shortage,Morning,1.3,59927.74
2025-09-04,Plant C,Line 2,Product D,1198,1149,29,19,Material Shortage,Night,3.6,69663.75
2025-09-04,Plant B,Line 2,Product D,1210,1015,55,92,Planned Maintenance,Morning,2.4,68798.18
2025-09-04,Plant D,Line 2,Product D,1112,930,51,63,Power Failure,Evening,7.3,65199.31
2025-09-05,Plant C,Line 4,Product C,704,678,11,34,Planned Maintenance,Morning,2.3,59118.5
2025-09-05,Plant D,Line 4,Product D,1087,930,35,15,Planned Maintenance,Morning,8.2,66863.08
2025-09-05,Plant D,Line 2,Product C,689,628,24,8,Machine Failure,Evening,5.9,67065.96
2025-09-05,Plant C,Line 1,Product B,1078,1017,46,132,Machine Failure,Evening,4.8,70002.55
2025-09-05,Plant A,Line 4,Product B,1056,976,32,15,Material Shortage,Night,0.7,65875.52
2025-09-05,Plant C,Line 2,Product E,919,906,23,29,Material Shortage,Morning,3.5,68184.38
2025-09-05,Plant B,Line 3,Product D,1317,1171,55,48,Changeover,Morning,6.3,78701.43
2025-09-05,Plant C,Line 3,Product B,1219,1205,30,38,Machine Failure,Evening,1.1,75180.18
2025-09-06,Plant D,Line 3,Product A,946,815,37,86,Planned Maintenance,Morning,3.8,68388.38
2025-09-06,Plant D,Line 1,Product B,1033,886,39,53,Quality Issue,Evening,7.4,70344.77
2025-09-06,Plant B,Line 2,Product E,930,779,31,101,Material Shortage,Night,2.6,66856.31
2025-09-06,Plant C,Line 2,Product C,773,744,10,28,Machine Failure,Morning,1.3,66147.09
2025-09-06,Plant C,Line 3,Product A,898,841,27,91,Machine Failure,Evening,1.6,59419.53
2025-09-07,Plant D,Line 4,Product E,974,817,38,43,Machine Failure,Morning,5.0,73497.76
2025-09-07,Plant B,Line 2,Product A,856,738,25,39,Machine Failure,Night,1.6,57439.14
2025-09-07,Plant B,Line 1,Product A,970,859,44,68,Material Shortage,Evening,4.1,67820.76
2025-09-07,Plant B,Line 2,Product B,1023,960,44,33,Planned Maintenance,Morning,4.6,69295.29
2025-09-07,Plant A,Line 1,Product A,927,860,11,27,Machine Failure,Morning,1.9,66572.63
2025-09-07,Plant C,Line 4,Product A,779,627,13,79,Material Shortage,Evening,5.4,49990.33
2025-09-07,Plant B,Line 2,Product A,815,712,20,37,Machine Failure,Morning,4.1,59014.38
2025-09-07,Plant B,Line 4,Product A,901,791,24,19,Machine Failure,Night,7.7,67217.2
2025-09-08,Plant B,Line 2,Product E,913,807,34,25,Planned Maintenance,Night,4.2,69097.84
2025-09-08,Plant A,Line 2,Product E,941,905,15,39,Machine Failure,Night,0.1,70439.42
2025-09-08,Plant A,Line 1,Product A,897,859,27,21,Quality Issue,Morning,3.6,63351.96
2025-09-08,Plant C,Line 4,Product D,1171,1140,44,22,Material Shortage,Morning,4.0,67475.43
2025-09-08,Plant A,Line 3,Product B,1152,1031,26,37,Planned Maintenance,Night,5.6,73341.79
2025-09-08,Plant D,Line 3,Product D,1386,1294,66,25,Machine Failure,Night,0.0,81215.26
2025-09-08,Plant C,Line 4,Product D,1039,998,37,12,Material Shortage,Evening,2.2,58145.23
2025-09-08,Plant A,Line 4,Product C,681,601,18,55,Power Failure,Morning,7.9,59231.1
2025-09-08,Plant A,Line 2,Product E,927,878,30,52,Planned Maintenance,Evening,3.5,70965.21
2025-09-08,Plant C,Line 4,Product B,1002,1007,25,27,Material Shortage,Morning,0.0,59634.69
2025-09-08,Plant C,Line 1,Product A,761,725,25,77,Machine Failure,Morning,3.9,55798.39
2025-09-08,Plant D,Line 3,Product C,810,661,27,41,Machine Failure,Evening,5.5,69028.08
2025-09-09,Plant A,Line 3,Product A,897,802,33,80,Quality Issue,Morning,6.6,66263.78
2025-09-09,Plant C,Line 1,Product C,680,697,8,21,Changeover,Morning,2.4,60744.56
2025-09-09,Plant D,Line 3,Product D,1332,1140,62,43,Material Shortage,Morning,4.4,77662.73
2025-09-09,Plant C,Line 2,Product E,932,905,24,40,Power Failure,Evening,3.2,71092.01
2025-09-09,Plant B,Line 3,Product E,1063,936,37,140,Material Shortage,Night,5.4,80472.12
2025-09-09,Plant B,Line 1,Product B,1061,985,44,21,Planned Maintenance,Morning,0.1,70588.74
2025-09-10,Plant C,Line 2,Product C,809,796,8,46,Power Failure,Morning,2.3,70648.59
2025-09-10,Plant D,Line 2,Product D,1217,1017,59,81,Quality Issue,Morning,5.9,71303.44
2025-09-10,Plant A,Line 2,Product D,1205,1121,53,66,Power Failure,Morning,2.9,68864.64
2025-09-10,Plant A,Line 1,Product E,1047,981,25,33,Machine Failure,Evening,1.6,75874.64
2025-09-10,Plant A,Line 4,Product A,789,728,21,34,Material Shortage,Evening,2.8,51367.07
2025-09-10,Plant D,Line 1,Product C,786,573,23,66,Changeover,Evening,7.3,63171.85
2025-09-10,Plant C,Line 1,Product D,1248,1165,54,77,Planned Maintenance,Evening,1.1,66944.63
2025-09-10,Plant D,Line 4,Product D,1033,884,50,58,Planned Maintenance,Night,7.3,65428.6
2025-09-10,Plant A,Line 3,Product B,1171,1083,36,32,Planned Maintenance,Evening,5.1,74611.5
2025-09-10,Plant B,Line 4,Product C,600,526,19,97,Planned Maintenance,Evening,3.3,52292.88
2025-09-10,Plant D,Line 4,Product A,862,719,33,85,Machine Failure,Morning,4.5,63601.1
2025-09-10,Plant A,Line 3,Product A,937,918,25,19,Machine Failure,Night,3.6,69324.11
2025-09-10,Plant A,Line 1,Product A,847,797,24,47,Quality Issue,Morning,1.6,61898.1
2025-09-11,Plant B,Line 2,Product B,1049,928,40,40,Machine Failure,Evening,6.8,71885.61
2025-09-11,Plant D,Line 1,Product C,713,589,22,172,Planned Maintenance,Morning,4.2,65544.99
2025-09-11,Plant A,Line 2,Product D,1232,1180,31,19,Planned Maintenance,Morning,0.0,68043.1
2025-09-11,Plant C,Line 4,Product C,723,652,17,76,Planned Maintenance,Morning,2.0,56468.13
2025-09-11,Plant C,Line 1,Product C,786,750,10,29,Machine Failure,Morning,0.5,64948.04
2025-09-11,Plant C,Line 2,Product C,734,705,21,32,Material Shortage,Night,1.5,60114.81
2025-09-11,Plant B,Line 4,Product C,588,532,21,116,Machine Failure,Night,7.5,60788.08
2025-09-11,Plant A,Line 4,Product E,927,855,36,48,Machine Failure,Morning,4.6,71839.27
2025-09-11,Plant D,Line 1,Product E,961,817,36,57,Machine Failure,Evening,2.7,70007.13
2025-09-11,Plant D,Line 3,Product A,1004,797,38,102,Material Shortage,Morning,6.8,72336.71
2025-09-11,Plant D,Line 2,Product E,973,833,36,84,Changeover,Evening,8.6,77520.4
2025-09-12,Plant A,Line 1,Product D,1314,1200,59,37,Machine Failure,Evening,4.6,74482.87
2025-09-12,Plant C,Line 1,Product A,921,903,23,61,Planned Maintenance,Evening,0.0,66483.65
2025-09-12,Plant A,Line 1,Product D,1283,1256,45,36,Changeover,Night,3.9,77262.18
2025-09-12,Plant B,Line 2,Product A,887,758,24,26,Machine Failure,Morning,4.9,61812.3
2025-09-13,Plant D,Line 3,Product C,735,640,27,90,Material Shortage,Morning,5.3,68163.68
2025-09-13,Plant D,Line 2,Product A,820,629,36,240,Machine Failure,Night,3.1,55851.56
2025-09-13,Plant C,Line 2,Product A,883,802,27,46,Quality Issue,Morning,7.7,59802.91
2025-09-13,Plant C,Line 1,Product D,1187,1205,44,15,Material Shortage,Evening,4.5,72567.89
2025-09-13,Plant C,Line 1,Product A,895,871,34,17,Material Shortage,Evening,3.7,61726.53
2025-09-13,Plant B,Line 2,Product C,736,688,32,53,Quality Issue,Evening,0.8,65645.8
2025-09-13,Plant B,Line 1,Product B,1127,941,35,110,Changeover,Evening,4.1,69107.25
2025-09-13,Plant B,Line 4,Product D,1143,1083,48,51,Changeover,Morning,3.6,70705.13
2025-09-13,Plant C,Line 4,Product C,699,685,14,71,Planned Maintenance,Evening,1.6,60360.92
2025-09-13,Plant B,Line 2,Product D,1127,1024,62,72,Planned Maintenance,Evening,4.6,68814.85
2025-09-14,Plant B,Line 2,Product C,756,672,27,60,Quality Issue,Night,7.0,69456.78
2025-09-14,Plant C,Line 4,Product C,568,524,9,37,Machine Failure,Night,1.3,44164.31
2025-09-14,Plant A,Line 4,Product C,654,592,7,51,Machine Failure,Night,7.3,60362.7
2025-09-14,Plant D,Line 3,Product B,1134,966,50,111,Power Failure,Evening,4.5,72037.27
2025-09-14,Plant B,Line 3,Product B,1063,888,53,138,Changeover,Morning,5.0,69171.58
2025-09-15,Plant C,Line 3,Product A,936,938,27,17,Material Shortage,Morning,3.8,71857.77
2025-09-15,Plant B,Line 1,Product E,1044,936,39,90,Machine Failure,Night,4.6,81338.84
2025-09-15,Plant A,Line 2,Product D,1151,1052,43,70,Machine Failure,Evening,8.6,67042.06
2025-09-15,Plant C,Line 2,Product C,749,736,5,46,Planned Maintenance,Evening,1.9,66145.82
2025-09-15,Plant A,Line 2,Product C,661,523,11,102,Planned Maintenance,Evening,6.6,53452.12
2025-09-15,Plant A,Line 2,Product A,900,860,34,40,Material Shortage,Night,0.0,62744.86
2025-09-16,Plant D,Line 2,Product E,891,798,25,38,Changeover,Night,6.7,74517.47
2025-09-16,Plant C,Line 1,Product C,750,686,14,25,Changeover,Evening,3.5,59112.78
2025-09-16,Plant B,Line 3,Product E,1074,865,39,154,Material Shortage,Evening,5.3,76611.86
2025-09-16,Plant B,Line 2,Product B,1060,945,42,66,Planned Maintenance,Morning,4.7,72361.25
2025-09-16,Plant B,Line 4,Product C,618,524,20,87,Machine Failure,Morning,3.0,49806.65
2025-09-16,Plant B,Line 4,Product C,719,599,29,45,Material Shortage,Evening,5.2,62201.51
2025-09-16,Plant B,Line 2,Product C,670,601,13,49,Machine Failure,Evening,6.3,62623.09
2025-09-17,Plant A,Line 4,Product E,845,794,21,30,Planned Maintenance,Evening,4.7,62845.06
2025-09-17,Plant C,Line 3,Product A,911,907,24,62,Quality Issue,Night,0.3,63341.32
2025-09-17,Plant C,Line 4,Product E,968,916,16,24,Power Failure,Morning,3.9,72838.76
2025-09-17,Plant D,Line 2,Product D,1233,1065,45,38,Power Failure,Evening,3.3,70186.69
2025-09-17,Plant A,Line 1,Product B,1181,1144,45,71,Power Failure,Morning,1.6,75891.16
2025-09-17,Plant B,Line 4,Product A,806,756,24,32,Changeover,Evening,2.8,62860.29
2025-09-17,Plant D,Line 2,Product B,1056,892,40,104,Planned Maintenance,Evening,3.3,66798.93
2025-09-17,Plant A,Line 2,Product E,854,757,31,88,Machine Failure,Morning,7.5,67418.24
2025-09-17,Plant A,Line 1,Product B,1032,968,35,70,Changeover,Morning,1.7,65793.63
2025-09-17,Plant B,Line 4,Product A,704,564,25,113,Planned Maintenance,Evening,3.8,46177.62
2025-09-17,Plant D,Line 4,Product B,1075,969,51,82,Changeover,Morning,6.0,76833.79
2025-09-17,Plant D,Line 4,Product E,840,698,32,81,Power Failure,Evening,4.4,65664.74
2025-09-17,Plant D,Line 2,Product A,844,622,23,115,Planned Maintenance,Evening,3.7,52918.17
2025-09-18,Plant B,Line 3,Product E,1005,950,43,67,Machine Failure,Morning,2.8,81974.31
2025-09-18,Plant C,Line 2,Product E,911,855,19,72,Planned Maintenance,Evening,2.4,68349.0
2025-09-18,Plant A,Line 2,Product E,886,894,28,20,Machine Failure,Evening,4.5,73545.17
2025-09-18,Plant B,Line 1,Product D,1211,1069,58,43,Planned Maintenance,Night,5.2,72800.56
2025-09-18,Plant B,Line 3,Product B,1235,1135,55,128,Changeover,Evening,3.2,82410.15
2025-09-18,Plant A,Line 3,Product B,999,871,36,85,Planned Maintenance,Evening,4.8,63132.82
2025-09-18,Plant A,Line 4,Product E,918,784,29,109,Material Shortage,Night,4.7,65368.99
2025-09-18,Plant B,Line 2,Product C,658,582,7,18,Planned Maintenance,Morning,7.2,62094.26
2025-09-18,Plant D,Line 2,Product D,1167,1008,44,19,Material Shortage,Morning,4.1,69334.17
2025-09-18,Plant A,Line 1,Product B,1177,1171,48,37,Changeover,Morning,5.1,81752.8
2025-09-19,Plant B,Line 1,Product B,1046,941,38,108,Power Failure,Morning,6.5,73408.5
2025-09-19,Plant B,Line 1,Product E,1049,926,46,118,Planned Maintenance,Morning,4.5,78906.02
2025-09-19,Plant C,Line 3,Product A,875,858,15,63,Machine Failure,Morning,3.1,64178.91
2025-09-19,Plant B,Line 1,Product C,753,696,34,61,Machine Failure,Night,2.4,68352.28
2025-09-19,Plant C,Line 4,Product D,1056,1020,37,28,Material Shortage,Evening,1.1,60182.65
2025-09-19,Plant B,Line 4,Product E,991,893,30,45,Material Shortage,Morning,3.8,77381.21
2025-09-19,Plant B,Line 3,Product A,945,822,31,94,Planned Maintenance,Morning,5.9,70562.61
2025-09-19,Plant A,Line 2,Product B,1175,1121,41,34,Machine Failure,Evening,4.7,75180.66
2025-09-20,Plant A,Line 2,Product D,1199,1175,37,12,Quality Issue,Morning,0.1,67807.79
2025-09-20,Plant C,Line 3,Product C,847,799,17,40,Machine Failure,Night,3.4,71968.07
2025-09-20,Plant C,Line 1,Product B,1143,1120,38,14,Planned Maintenance,Evening,2.1,71616.08
2025-09-20,Plant C,Line 3,Product D,1353,1324,48,37,Material Shortage,Morning,3.7,77093.0
2025-09-20,Plant A,Line 3,Product D,1296,1259,50,54,Planned Maintenance,Evening,3.5,76307.16
2025-09-20,Plant B,Line 4,Product A,789,644,21,65,Planned Maintenance,Evening,4.3,54056.58
2025-09-20,Plant A,Line 3,Product C,800,778,19,53,Changeover,Morning,5.4,74656.55
2025-09-21,Plant C,Line 3,Product E,1023,968,26,22,Planned Maintenance,Evening,3.2,74083.67
2025-09-21,Plant A,Line 2,Product E,963,908,38,101,Changeover,Evening,0.9,69356.88
2025-09-21,Plant C,Line 3,Product B,1251,1182,29,56,Machine Failure,Evening,1.4,74776.2
2025-09-21,Plant A,Line 3,Product B,1164,1075,28,78,Material Shortage,Morning,0.6,72803.07
2025-09-21,Plant A,Line 4,Product B,1010,914,28,28,Machine Failure,Night,7.4,64728.71
2025-09-21,Plant C,Line 2,Product E,929,934,24,22,Material Shortage,Evening,1.0,71309.23
2025-09-21,Plant A,Line 3,Product A,985,940,26,38,Quality Issue,Evening,4.8,74145.6
2025-09-21,Plant A,Line 4,Product E,918,817,30,26,Planned Maintenance,Morning,2.3,64227.66
2025-09-22,Plant B,Line 4,Product B,993,913,50,85,Changeover,Morning,3.2,66150.63
2025-09-22,Plant B,Line 2,Product D,1165,1004,49,47,Planned Maintenance,Evening,6.7,70094.26
2025-09-22,Plant A,Line 4,Product E,973,894,28,66,Quality Issue,Morning,6.8,74355.08
2025-09-22,Plant C,Line 3,Product B,1156,1109,17,48,Machine Failure,Evening,1.2,71244.39
2025-09-22,Plant A,Line 1,Product B,1089,1070,37,69,Planned Maintenance,Evening,4.6,73327.14
2025-09-22,Plant D,Line 1,Product A,927,769,33,71,Planned Maintenance,Evening,4.0,64358.88
2025-09-22,Plant C,Line 1,Product C,724,737,15,15,Machine Failure,Morning,2.5,69279.86
2025-09-22,Plant A,Line 4,Product B,990,936,40,82,Machine Failure,Morning,4.6,67575.26
2025-09-22,Plant C,Line 4,Product E,878,857,28,35,Machine Failure,Morning,2.5,67271.38
2025-09-23,Plant C,Line 4,Product A,788,766,18,65,Machine Failure,Morning,0.3,54233.11
2025-09-23,Plant D,Line 4,Product C,582,449,17,69,Quality Issue,Morning,4.5,47373.66
2025-09-23,Plant D,Line 2,Product D,1170,989,46,91,Planned Maintenance,Evening,4.3,67483.96
2025-09-23,Plant B,Line 3,Product E,1049,959,36,35,Power Failure,Evening,5.9,83006.65
2025-09-23,Plant A,Line 2,Product D,1168,1058,30,7,Material Shortage,Morning,8.1,69362.27
2025-09-23,Plant B,Line 2,Product D,1227,1097,48,23,Power Failure,Evening,3.0,66675.02
2025-09-23,Plant D,Line 1,Product E,1016,889,38,41,Quality Issue,Morning,7.0,81383.78
2025-09-24,Plant C,Line 2,Product B,1053,1045,31,18,Machine Failure,Morning,5.5,70173.86
2025-09-24,Plant D,Line 4,Product D,1063,928,44,33,Material Shortage,Morning,1.3,61145.72
2025-09-24,Plant C,Line 4,Product E,915,929,26,51,Planned Maintenance,Morning,4.1,69804.5
2025-09-24,Plant A,Line 1,Product E,981,943,34,55,Planned Maintenance,Night,2.6,79412.13
2025-09-24,Plant A,Line 3,Product D,1273,1165,52,48,Quality Issue,Morning,3.6,73777.54
2025-09-24,Plant A,Line 3,Product A,1018,951,27,82,Planned Maintenance,Morning,0.0,68828.82
2025-09-24,Plant B,Line 4,Product B,1027,909,43,117,Planned Maintenance,Morning,4.7,68427.18
2025-09-25,Plant A,Line 4,Product C,630,592,20,71,Planned Maintenance,Morning,2.7,55965.71
2025-09-25,Plant A,Line 1,Product A,920,821,33,48,Material Shortage,Night,3.3,60322.26
2025-09-25,Plant D,Line 4,Product D,1138,961,60,142,Planned Maintenance,Evening,6.1,69833.69
2025-09-25,Plant C,Line 3,Product D,1312,1277,31,28,Material Shortage,Morning,3.0,73116.94
2025-09-25,Plant A,Line 3,Product A,844,826,24,35,Quality Issue,Evening,1.0,60101.77
2025-09-25,Plant A,Line 4,Product C,689,696,14,62,Machine Failure,Evening,5.5,67162.74
2025-09-25,Plant A,Line 4,Product A,863,838,15,32,Machine Failure,Evening,2.1,64394.69
2025-09-25,Plant A,Line 4,Product A,804,711,18,78,Material Shortage,Morning,6.0,60495.88
2025-09-25,Plant C,Line 4,Product C,722,687,18,30,Machine Failure,Evening,0.6,59479.74
2025-09-25,Plant A,Line 3,Product E,952,871,19,23,Planned Maintenance,Evening,1.7,68537.51
2025-09-25,Plant C,Line 2,Product D,1121,1101,55,10,Planned Maintenance,Morning,0.4,62860.33
2025-09-25,Plant B,Line 1,Product B,1154,1037,50,89,Power Failure,Evening,4.3,76041.26
2025-09-25,Plant A,Line 3,Product E,1095,1004,51,54,Changeover,Morning,5.1,83164.06
2025-09-25,Plant D,Line 2,Product A,857,705,33,28,Material Shortage,Evening,7.6,66137.03
2025-09-25,Plant B,Line 4,Product A,846,714,34,79,Machine Failure,Morning,8.3,61047.14
2025-09-26,Plant A,Line 2,Product A,835,758,29,37,Quality Issue,Evening,2.2,56138.76
2025-09-26,Plant A,Line 2,Product E,994,974,32,71,Power Failure,Morning,1.9,78713.81
2025-09-26,Plant B,Line 3,Product C,815,688,27,80,Material Shortage,Night,7.8,75418.29
2025-09-26,Plant C,Line 2,Product E,977,930,29,43,Planned Maintenance,Morning,2.6,69679.67
2025-09-26,Plant A,Line 3,Product A,885,864,28,44,Material Shortage,Evening,2.5,62161.98
2025-09-26,Plant D,Line 2,Product C,676,549,19,61,Machine Failure,Night,3.5,58575.45
2025-09-26,Plant B,Line 2,Product D,1153,1017,58,62,Material Shortage,Morning,4.2,70154.0
2025-09-26,Plant D,Line 3,Product C,808,669,29,93,Planned Maintenance,Evening,3.9,68362.04
2025-09-27,Plant D,Line 1,Product B,1153,984,36,54,Machine Failure,Night,6.2,75844.45
2025-09-27,Plant B,Line 1,Product A,919,782,36,107,Changeover,Evening,4.3,65295.34
2025-09-27,Plant D,Line 1,Product A,937,784,38,39,Quality Issue,Night,3.3,63857.62
2025-09-27,Plant D,Line 1,Product B,1039,859,44,86,Quality Issue,Morning,5.6,68510.68
2025-09-27,Plant D,Line 1,Product C,776,687,26,76,Material Shortage,Morning,5.1,74581.72
2025-09-27,Plant D,Line 1,Product C,806,695,21,32,Planned Maintenance,Evening,5.4,71091.62
2025-09-27,Plant D,Line 3,Product A,964,863,38,42,Machine Failure,Evening,2.6,73904.3
2025-09-27,Plant C,Line 3,Product D,1354,1281,36,56,Planned Maintenance,Night,1.9,75446.28
2025-09-27,Plant B,Line 1,Product E,1024,935,43,64,Machine Failure,Morning,4.7,79381.58
2025-09-27,Plant A,Line 4,Product D,1149,1092,39,51,Material Shortage,Morning,1.3,63989.75
2025-09-27,Plant D,Line 1,Product A,873,779,34,34,Material Shortage,Morning,7.8,67029.3
2025-09-28,Plant A,Line 1,Product B,1118,1085,42,76,Quality Issue,Evening,3.2,75528.51
2025-09-28,Plant C,Line 1,Product A,933,925,9,37,Power Failure,Morning,4.6,68707.78
2025-09-28,Plant A,Line 4,Product E,905,846,33,41,Machine Failure,Morning,2.4,69207.05
2025-09-28,Plant B,Line 2,Product E,972,898,38,64,Power Failure,Evening,0.1,74241.69
2025-09-28,Plant D,Line 4,Product B,1010,813,45,197,Machine Failure,Evening,3.9,66322.62
2025-09-28,Plant B,Line 1,Product B,1092,965,53,177,Machine Failure,Night,4.6,72488.92
2025-09-28,Plant C,Line 2,Product B,919,899,32,60,Machine Failure,Evening,0.8,58475.06
2025-09-28,Plant C,Line 2,Product D,1237,1171,49,17,Power Failure,Evening,0.0,65034.54
2025-09-28,Plant B,Line 2,Product A,851,737,28,85,Material Shortage,Morning,5.5,62561.17
2025-09-28,Plant D,Line 2,Product D,1213,1060,55,89,Power Failure,Morning,3.9,71229.45
2025-09-29,Plant C,Line 4,Product B,893,888,39,78,Planned Maintenance,Morning,6.1,63000.17
2025-09-29,Plant A,Line 1,Product D,1330,1224,45,64,Planned Maintenance,Night,4.5,76956.29
2025-09-29,Plant B,Line 1,Product A,982,866,37,77,Power Failure,Night,3.0,69144.01
2025-09-29,Plant D,Line 2,Product C,715,583,19,39,Material Shortage,Evening,3.5,63179.35
2025-09-29,Plant A,Line 2,Product C,654,618,16,30,Quality Issue,Evening,1.7,55023.71
2025-09-29,Plant A,Line 1,Product D,1314,1223,47,102,Planned Maintenance,Evening,4.2,77795.76
2025-09-29,Plant D,Line 1,Product A,885,730,36,81,Material Shortage,Evening,5.0,62608.48
2025-09-30,Plant D,Line 1,Product A,804,690,23,50,Power Failure,Evening,5.6,59157.35
2025-09-30,Plant C,Line 3,Product D,1325,1278,33,55,Machine Failure,Night,3.4,75710.14
2025-09-30,Plant A,Line 1,Product E,951,859,26,95,Machine Failure,Evening,3.9,69923.86
2025-09-30,Plant A,Line 3,Product D,1331,1229,50,52,Quality Issue,Morning,0.2,72488.82
2025-09-30,Plant A,Line 1,Product A,888,839,22,21,Material Shortage,Morning,4.5,62913.32
2025-09-30,Plant A,Line 2,Product D,1229,1139,50,59,Changeover,Night,0.7,65856.66
2025-09-30,Plant C,Line 4,Product B,1012,964,30,72,Quality Issue,Morning,2.3,62985.28
2025-09-30,Plant B,Line 3,Product D,1268,1102,58,111,Planned Maintenance,Evening,8.6,75504.79
2025-09-30,Plant C,Line 3,Product E,1023,1027,28,29,Power Failure,Night,3.0,79321.39
2025-09-30,Plant A,Line 4,Product C,636,549,14,65,Material Shortage,Morning,4.3,50703.72
2025-09-30,Plant C,Line 2,Product E,923,876,22,18,Material Shortage,Morning,3.2,68201.7
2025-09-30,Plant D,Line 4,Product C,622,525,18,47,Material Shortage,Night,1.2,53464.78
2025-09-30,Plant A,Line 3,Product A,947,904,35,122,Planned Maintenance,Evening,0.0,70191.29
2025-09-30,Plant A,Line 3,Product C,790,700,20,66,Changeover,Morning,3.7,64136.81
2025-09-30,Plant A,Line 1,Product C,790,740,17,30,Machine Failure,Morning,0.0,66209.35
2025-10-01,Plant B,Line 3,Product C,795,731,21,52,Material Shortage,Evening,7.7,73296.28
2025-10-01,Plant C,Line 4,Product A,797,783,19,46,Material Shortage,Morning,2.5,57878.37
2025-10-01,Plant D,Line 1,Product B,1131,961,53,119,Planned Maintenance,Morning,4.2,76927.5
2025-10-01,Plant A,Line 1,Product A,880,833,27,84,Power Failure,Night,2.7,63789.09
2025-10-01,Plant B,Line 1,Product A,948,885,40,44,Planned Maintenance,Morning,3.7,71470.94
2025-10-01,Plant D,Line 4,Product D,1096,902,57,150,Power Failure,Night,7.2,66364.66
2025-10-01,Plant C,Line 4,Product E,930,891,28,51,Power Failure,Evening,0.0,62558.03
2025-10-01,Plant C,Line 2,Product E,970,956,21,43,Power Failure,Evening,1.6,74477.72
2025-10-01,Plant A,Line 1,Product A,941,920,20,44,Machine Failure,Night,0.3,69092.09
2025-10-02,Plant C,Line 3,Product A,897,799,15,54,Changeover,Morning,5.6,62600.47
2025-10-02,Plant C,Line 3,Product B,1210,1161,28,11,Changeover,Night,5.0,79873.85
2025-10-02,Plant D,Line 1,Product C,688,599,11,34,Machine Failure,Morning,4.1,62730.7
2025-10-02,Plant C,Line 3,Product E,1074,1063,23,26,Quality Issue,Night,4.5,82238.85
2025-10-02,Plant A,Line 2,Product E,981,929,35,49,Planned Maintenance,Morning,3.9,76616.53
2025-10-03,Plant C,Line 4,Product E,920,892,27,57,Machine Failure,Evening,3.5,67450.83
2025-10-03,Plant A,Line 1,Product D,1210,1115,35,25,Changeover,Morning,3.3,68750.72
2025-10-03,Plant B,Line 3,Product D,1347,1219,68,52,Machine Failure,Evening,7.2,83374.4
2025-10-03,Plant B,Line 3,Product E,1101,950,53,138,Planned Maintenance,Evening,5.8,83983.99
2025-10-03,Plant B,Line 1,Product B,1170,976,47,72,Planned Maintenance,Evening,3.5,69498.08
2025-10-03,Plant A,Line 4,Product C,704,682,15,35,Power Failure,Morning,0.7,61338.24
2025-10-03,Plant D,Line 3,Product A,902,751,31,37,Machine Failure,Evening,6.0,66093.14
2025-10-03,Plant D,Line 4,Product A,838,647,39,106,Quality Issue,Evening,2.6,57480.33
2025-10-03,Plant D,Line 3,Product E,1109,1001,48,139,Machine Failure,Evening,6.0,93093.72
2025-10-04,Plant B,Line 1,Product A,905,825,28,25,Changeover,Morning,2.5,66847.83
2025-10-04,Plant C,Line 3,Product C,845,762,13,86,Changeover,Morning,3.4,67591.05
2025-10-04,Plant D,Line 4,Product B,985,789,38,183,Machine Failure,Morning,6.4,62870.01
2025-10-04,Plant B,Line 3,Product E,1199,1090,36,39,Power Failure,Evening,8.1,96145.79
2025-10-04,Plant D,Line 3,Product A,1011,865,52,92,Changeover,Morning,4.8,72488.85
2025-10-04,Plant D,Line 3,Product B,1143,967,54,120,Changeover,Night,6.7,76051.17
2025-10-04,Plant A,Line 3,Product E,1024,985,30,77,Changeover,Evening,4.2,79605.34
2025-10-04,Plant C,Line 2,Product B,1099,1065,24,27,Changeover,Night,4.2,70645.42
2025-10-04,Plant D,Line 1,Product C,782,670,28,54,Quality Issue,Morning,2.5,66020.36
2025-10-04,Plant A,Line 1,Product A,862,767,31,145,Changeover,Morning,2.2,61862.75
2025-10-04,Plant C,Line 2,Product E,924,880,28,33,Power Failure,Morning,1.9,66046.33
2025-10-04,Plant A,Line 2,Product E,939,841,28,41,Power Failure,Evening,5.1,72092.78
2025-10-04,Plant B,Line 3,Product A,990,859,30,110,Machine Failure,Evening,4.1,72847.8
2025-10-04,Plant B,Line 2,Product D,1183,1052,68,131,Planned Maintenance,Morning,2.0,67667.22
2025-10-05,Plant C,Line 2,Product E,936,917,25,37,Material Shortage,Night,4.4,69334.79
2025-10-05,Plant D,Line 3,Product C,764,618,25,70,Machine Failure,Morning,4.3,65412.44
2025-10-05,Plant B,Line 1,Product A,862,814,22,24,Material Shortage,Morning,5.2,66725.55
2025-10-05,Plant C,Line 3,Product E,1115,1074,24,17,Planned Maintenance,Morning,1.6,78029.3
2025-10-05,Plant B,Line 4,Product D,1169,980,53,181,Planned Maintenance,Night,6.0,70855.64
2025-10-05,Plant A,Line 3,Product E,1062,963,18,24,Machine Failure,Evening,7.8,80365.45
2025-10-05,Plant A,Line 4,Product E,841,697,24,84,Planned Maintenance,Night,4.9,60039.28
2025-10-05,Plant D,Line 2,Product E,985,844,47,82,Machine Failure,Evening,2.1,75364.21
2025-10-05,Plant A,Line 1,Product A,888,806,30,50,Power Failure,Evening,3.7,60525.83
2025-10-05,Plant C,Line 1,Product A,785,825,22,24,Quality Issue,Evening,4.1,62469.39
2025-10-05,Plant C,Line 2,Product C,771,677,12,24,Machine Failure,Night,5.1,62956.66
2025-10-06,Plant B,Line 1,Product C,717,613,21,55,Power Failure,Evening,6.1,63814.28
2025-10-06,Plant A,Line 1,Product D,1259,1185,63,67,Machine Failure,Evening,3.4,76106.5
2025-10-06,Plant D,Line 4,Product A,836,691,28,24,Material Shortage,Night,6.1,60093.88
2025-10-06,Plant C,Line 2,Product B,1010,1009,29,25,Material Shortage,Morning,2.6,68697.6
2025-10-06,Plant A,Line 1,Product B,1194,1052,38,41,Quality Issue,Evening,5.6,72102.79
2025-10-06,Plant C,Line 4,Product A,848,749,22,42,Machine Failure,Evening,5.4,55249.28
2025-10-06,Plant A,Line 1,Product C,817,756,20,34,Planned Maintenance,Evening,0.9,69617.78
2025-10-07,Plant B,Line 4,Product D,1218,1045,42,101,Machine Failure,Night,7.9,71574.31
2025-10-07,Plant A,Line 4,Product C,715,569,19,123,Planned Maintenance,Night,8.0,59806.79
2025-10-07,Plant C,Line 1,Product B,1159,1081,57,75,Planned Maintenance,Evening,3.1,70250.27
2025-10-07,Plant B,Line 2,Product A,803,704,39,142,Planned Maintenance,Morning,2.1,56532.98
2025-10-07,Plant B,Line 3,Product A,927,770,27,84,Machine Failure,Morning,5.9,65570.11
2025-10-07,Plant D,Line 4,Product B,1010,783,52,188,Changeover,Evening,2.8,62679.53
2025-10-07,Plant C,Line 4,Product C,725,682,15,50,Machine Failure,Evening,0.1,57486.16
2025-10-08,Plant B,Line 4,Product B,843,716,36,140,Power Failure,Night,5.6,57482.76
2025-10-08,Plant B,Line 2,Product A,855,800,35,24,Quality Issue,Morning,3.8,64765.26
2025-10-08,Plant D,Line 4,Product E,837,673,46,185,Planned Maintenance,Morning,8.6,68738.61
2025-10-08,Plant A,Line 4,Product B,1049,967,25,29,Quality Issue,Evening,5.9,68049.63
2025-10-08,Plant C,Line 4,Product C,725,673,23,44,Planned Maintenance,Morning,1.7,58305.16
2025-10-08,Plant C,Line 3,Product A,909,849,11,29,Planned Maintenance,Evening,0.9,60650.21
2025-10-08,Plant B,Line 2,Product E,986,902,36,29,Machine Failure,Morning,4.7,76199.08
2025-10-09,Plant C,Line 1,Product D,1204,1146,26,43,Machine Failure,Evening,2.9,69136.54
2025-10-09,Plant B,Line 4,Product D,1163,1040,52,45,Power Failure,Morning,8.2,73235.88
2025-10-09,Plant D,Line 4,Product D,1054,883,49,130,Material Shortage,Evening,2.4,58770.22
2025-10-09,Plant C,Line 1,Product B,1161,1137,32,32,Quality Issue,Evening,0.4,70957.12
2025-10-09,Plant A,Line 2,Product B,1005,951,33,47,Material Shortage,Evening,0.0,62346.45
2025-10-09,Plant B,Line 1,Product E,987,826,43,79,Planned Maintenance,Night,4.2,74403.21
2025-10-09,Plant C,Line 4,Product B,1028,981,30,63,Material Shortage,Morning,5.2,66041.21
2025-10-10,Plant C,Line 2,Product E,990,924,28,41,Planned Maintenance,Night,3.3,73126.59
2025-10-10,Plant B,Line 3,Product A,842,781,37,36,Material Shortage,Morning,0.9,62915.96
2025-10-10,Plant D,Line 4,Product A,884,824,33,16,Machine Failure,Morning,0.5,63151.01
2025-10-10,Plant A,Line 1,Product E,931,867,29,90,Machine Failure,Morning,4.0,71301.9
2025-10-10,Plant D,Line 1,Product B,1126,926,52,45,Material Shortage,Night,4.1,70226.45
2025-10-10,Plant A,Line 3,Product E,1089,957,46,89,Material Shortage,Evening,4.4,80022.35
2025-10-10,Plant A,Line 1,Product A,972,929,30,69,Power Failure,Night,6.1,70417.62
2025-10-10,Plant C,Line 3,Product C,795,838,10,5,Power Failure,Morning,1.9,73517.4
2025-10-10,Plant D,Line 3,Product D,1261,1139,61,52,Changeover,Night,2.4,74641.64
2025-10-10,Plant D,Line 3,Product A,949,816,40,81,Machine Failure,Evening,8.6,74365.49
2025-10-10,Plant A,Line 3,Product B,1192,1086,40,47,Changeover,Evening,7.8,76676.67
2025-10-10,Plant C,Line 2,Product E,966,920,22,39,Machine Failure,Evening,3.3,68826.46
2025-10-10,Plant D,Line 4,Product E,1015,826,46,175,Material Shortage,Evening,3.0,76292.1
2025-10-10,Plant C,Line 4,Product C,622,621,12,35,Material Shortage,Evening,2.7,57669.26
2025-10-10,Plant D,Line 3,Product D,1318,1105,61,141,Planned Maintenance,Morning,8.2,85122.03
2025-10-10,Plant D,Line 3,Product C,736,659,33,81,Material Shortage,Morning,5.7,72729.67
2025-10-10,Plant B,Line 4,Product B,939,805,41,70,Changeover,Morning,6.1,59667.39
2025-10-11,Plant B,Line 3,Product B,1224,1042,47,149,Machine Failure,Evening,8.3,81987.93
2025-10-11,Plant D,Line 4,Product C,632,511,22,100,Machine Failure,Morning,5.8,57263.12
2025-10-11,Plant C,Line 4,Product D,1204,1205,32,45,Material Shortage,Evening,1.6,71355.85
2025-10-11,Plant B,Line 1,Product C,774,673,22,75,Machine Failure,Morning,5.7,70090.07
2025-10-11,Plant B,Line 1,Product D,1245,1136,48,43,Machine Failure,Morning,3.6,73268.94
2025-10-11,Plant B,Line 1,Product A,889,834,39,43,Changeover,Evening,1.3,66027.61
2025-10-11,Plant D,Line 3,Product E,1031,910,44,61,Material Shortage,Evening,4.2,81946.89
2025-10-11,Plant B,Line 3,Product C,918,792,28,70,Machine Failure,Morning,4.9,79020.53
2025-10-11,Plant D,Line 3,Product B,1189,1009,43,76,Planned Maintenance,Night,2.9,77260.21
2025-10-12,Plant D,Line 2,Product B,1065,913,44,48,Planned Maintenance,Morning,7.5,71665.59
2025-10-12,Plant A,Line 1,Product D,1286,1238,48,5,Machine Failure,Evening,2.9,74482.04
2025-10-12,Plant D,Line 4,Product B,1063,964,50,71,Power Failure,Night,3.0,75287.15
2025-10-12,Plant B,Line 4,Product D,1079,984,47,48,Machine Failure,Evening,5.8,64932.23
2025-10-12,Plant D,Line 4,Product A,782,674,28,156,Changeover,Morning,2.8,58287.08
2025-10-12,Plant B,Line 4,Product A,780,660,25,82,Planned Maintenance,Morning,1.9,54568.75
2025-10-12,Plant B,Line 1,Product D,1176,1044,55,87,Machine Failure,Morning,1.6,64938.38
2025-10-12,Plant D,Line 2,Product D,1186,1058,45,33,Power Failure,Morning,4.0,72909.48
2025-10-12,Plant A,Line 1,Product C,768,682,14,54,Machine Failure,Morning,7.2,66750.24
2025-10-12,Plant B,Line 3,Product E,1142,1073,48,65,Changeover,Morning,2.1,88358.75
2025-10-12,Plant C,Line 4,Product D,1079,1034,44,45,Machine Failure,Night,3.9,63551.83
2025-10-13,Plant A,Line 4,Product D,1076,1027,27,38,Planned Maintenance,Evening,1.4,59615.39
2025-10-13,Plant B,Line 1,Product C,719,639,23,65,Changeover,Night,5.3,64678.67
2025-10-13,Plant B,Line 4,Product B,950,862,34,25,Power Failure,Evening,7.1,66093.47
2025-10-13,Plant C,Line 2,Product D,1172,1140,35,6,Planned Maintenance,Morning,4.2,66235.41
2025-10-13,Plant C,Line 4,Product B,926,909,28,37,Quality Issue,Evening,5.6,62436.78
2025-10-14,Plant C,Line 4,Product C,679,657,19,54,Changeover,Evening,3.2,60122.82
2025-10-14,Plant A,Line 3,Product B,1141,1027,44,89,Machine Failure,Morning,2.9,69486.62
2025-10-14,Plant A,Line 2,Product C,734,649,16,32,Changeover,Evening,2.1,60225.0
2025-10-14,Plant C,Line 1,Product C,714,620,10,41,Material Shortage,Evening,4.0,57360.62
2025-10-14,Plant A,Line 2,Product E,1043,1016,25,17,Planned Maintenance,Night,3.2,79431.59
2025-10-14,Plant A,Line 1,Product B,1046,1028,31,36,Machine Failure,Night,1.1,67106.27
2025-10-14,Plant D,Line 1,Product A,935,780,34,133,Changeover,Evening,8.1,69504.79
2025-10-14,Plant D,Line 1,Product D,1263,1088,62,75,Machine Failure,Night,3.7,76353.65
2025-10-14,Plant C,Line 2,Product E,882,839,29,42,Quality Issue,Evening,2.7,65126.17
2025-10-14,Plant B,Line 4,Product A,935,789,36,81,Planned Maintenance,Evening,4.4,66113.73
2025-10-14,Plant A,Line 2,Product C,769,705,8,77,Material Shortage,Night,4.4,67892.64
2025-10-15,Plant C,Line 3,Product A,943,923,17,34,Material Shortage,Morning,3.3,66575.45
2025-10-15,Plant D,Line 1,Product A,864,749,36,62,Quality Issue,Evening,5.0,64406.61
2025-10-15,Plant C,Line 3,Product D,1275,1313,52,65,Planned Maintenance,Evening,4.7,80333.1
2025-10-15,Plant D,Line 4,Product B,980,784,37,60,Machine Failure,Morning,5.3,62055.14
2025-10-15,Plant A,Line 4,Product B,1002,967,34,34,Material Shortage,Morning,0.0,61332.26
2025-10-15,Plant B,Line 2,Product B,1060,922,35,36,Changeover,Evening,6.3,69893.98
2025-10-15,Plant C,Line 3,Product B,1257,1204,27,88,Machine Failure,Morning,1.7,76350.72
2025-10-15,Plant A,Line 3,Product B,1225,1160,42,99,Changeover,Morning,4.5,80437.55
2025-10-15,Plant A,Line 2,Product A,861,770,10,24,Quality Issue,Morning,5.2,61649.58
2025-10-15,Plant B,Line 1,Product D,1254,1091,57,83,Changeover,Evening,6.9,75765.66
2025-10-15,Plant C,Line 2,Product A,801,755,18,75,Quality Issue,Morning,0.0,53206.17
2025-10-15,Plant D,Line 3,Product A,979,864,34,67,Changeover,Morning,3.4,72729.91
2025-10-15,Plant C,Line 1,Product B,1099,1087,43,36,Planned Maintenance,Evening,2.2,69178.72
2025-10-16,Plant C,Line 1,Product D,1237,1208,63,30,Power Failure,Evening,4.5,72884.43
2025-10-16,Plant A,Line 2,Product C,742,642,30,145,Power Failure,Evening,5.0,61267.95
2025-10-16,Plant A,Line 4,Product A,883,821,19,37,Planned Maintenance,Morning,3.7,63915.13
2025-10-16,Plant C,Line 4,Product B,981,958,31,32,Changeover,Evening,5.2,66440.55
2025-10-16,Plant A,Line 2,Product D,1139,1073,40,44,Machine Failure,Evening,0.4,65170.88
2025-10-16,Plant D,Line 1,Product E,1016,817,28,48,Planned Maintenance,Night,2.9,71906.04
2025-10-16,Plant D,Line 1,Product A,964,825,42,55,Power Failure,Evening,6.3,72355.85
2025-10-16,Plant D,Line 2,Product D,1158,1047,64,67,Machine Failure,Night,4.8,72630.09
2025-10-16,Plant B,Line 4,Product B,1018,911,49,44,Changeover,Night,3.8,69701.91
2025-10-16,Plant C,Line 1,Product B,1115,1099,28,20,Planned Maintenance,Morning,2.9,72040.62
2025-10-16,Plant C,Line 1,Product A,799,752,15,12,Planned Maintenance,Morning,0.9,53212.76
2025-10-16,Plant D,Line 3,Product B,1166,969,50,132,Machine Failure,Morning,5.3,75282.6
2025-10-16,Plant A,Line 1,Product C,792,731,26,63,Planned Maintenance,Evening,4.9,72136.55
2025-10-16,Plant C,Line 1,Product B,1220,1094,20,31,Planned Maintenance,Morning,5.7,76950.37
2025-10-17,Plant B,Line 3,Product B,1080,996,46,91,Machine Failure,Night,4.6,73670.19
2025-10-17,Plant B,Line 4,Product C,609,560,20,40,Changeover,Evening,5.4,59045.93
2025-10-17,Plant C,Line 1,Product E,964,889,21,89,Material Shortage,Morning,3.4,69899.04
2025-10-17,Plant C,Line 3,Product B,1126,1078,25,33,Planned Maintenance,Morning,0.3,69370.39
2025-10-17,Plant A,Line 1,Product D,1276,1187,48,53,Machine Failure,Evening,2.7,75060.75
2025-10-18,Plant C,Line 1,Product C,787,782,13,24,Power Failure,Evening,3.5,68684.59
2025-10-18,Plant B,Line 4,Product C,668,567,22,49,Changeover,Night,4.9,61372.27
2025-10-18,Plant C,Line 2,Product A,820,735,28,59,Planned Maintenance,Evening,2.9,54413.37
2025-10-18,Plant C,Line 4,Product D,1137,1149,35,24,Machine Failure,Evening,1.4,65863.45
2025-10-18,Plant C,Line 2,Product B,1012,950,22,18,Planned Maintenance,Morning,3.2,61988.45
2025-10-18,Plant A,Line 4,Product E,816,803,24,27,Changeover,Night,0.8,63940.87
2025-10-18,Plant A,Line 4,Product A,766,717,11,20,Changeover,Evening,3.4,53278.56
2025-10-18,Plant A,Line 2,Product E,931,876,32,92,Material Shortage,Night,0.0,69635.02
2025-10-19,Plant C,Line 4,Product C,664,571,11,79,Planned Maintenance,Evening,6.9,56499.89
2025-10-19,Plant A,Line 4,Product E,889,884,28,29,Planned Maintenance,Evening,4.0,71791.91
2025-10-19,Plant C,Line 4,Product B,926,852,21,11,Machine Failure,Night,0.0,55069.95
2025-10-19,Plant B,Line 2,Product B,1027,901,37,88,Machine Failure,Morning,6.0,69734.98
2025-10-19,Plant A,Line 3,Product E,991,916,29,68,Material Shortage,Morning,1.9,76262.6
2025-10-20,Plant D,Line 2,Product D,1200,996,68,109,Planned Maintenance,Morning,3.8,68012.07
2025-10-20,Plant B,Line 1,Product D,1303,1222,69,19,Machine Failure,Evening,0.8,76291.34
2025-10-20,Plant A,Line 2,Product E,957,863,32,40,Machine Failure,Night,7.0,73029.82
2025-10-20,Plant A,Line 1,Product B,1202,1138,29,47,Planned Maintenance,Morning,4.4,79122.59
2025-10-20,Plant A,Line 3,Product D,1255,1200,52,26,Power Failure,Evening,4.9,74328.57
2025-10-20,Plant C,Line 3,Product C,779,718,16,39,Machine Failure,Evening,3.3,63422.81
2025-10-20,Plant A,Line 1,Product C,722,619,13,59,Machine Failure,Night,5.8,60586.89
2025-10-20,Plant A,Line 3,Product D,1360,1289,44,18,Planned Maintenance,Evening,0.9,76024.5
2025-10-21,Plant A,Line 3,Product B,1091,1027,29,69,Quality Issue,Night,0.4,68235.24
2025-10-21,Plant C,Line 2,Product B,1148,1134,31,26,Changeover,Evening,1.1,73718.05
2025-10-21,Plant B,Line 4,Product B,927,710,44,223,Planned Maintenance,Evening,7.1,60149.11
2025-10-21,Plant A,Line 4,Product B,832,732,28,79,Planned Maintenance,Evening,6.7,53619.63
2025-10-21,Plant C,Line 2,Product B,1058,954,25,69,Material Shortage,Evening,5.4,68769.1
2025-10-21,Plant D,Line 1,Product B,1114,868,51,185,Material Shortage,Night,6.2,73007.2
2025-10-21,Plant C,Line 3,Product B,1333,1299,46,54,Material Shortage,Morning,1.0,84641.91
2025-10-21,Plant A,Line 3,Product E,972,927,24,25,Planned Maintenance,Night,3.6,73579.24
2025-10-21,Plant D,Line 2,Product C,709,584,14,72,Material Shortage,Morning,6.8,62624.7
2025-10-21,Plant D,Line 1,Product A,871,702,32,145,Machine Failure,Morning,6.1,63582.95
2025-10-22,Plant B,Line 4,Product E,866,736,31,67,Machine Failure,Evening,3.0,62437.83
2025-10-22,Plant C,Line 2,Product A,819,827,13,61,Power Failure,Morning,5.3,64164.71
2025-10-22,Plant A,Line 4,Product C,803,760,12,22,Changeover,Morning,2.6,69856.17
2025-10-22,Plant B,Line 3,Product E,1082,918,48,134,Machine Failure,Morning,7.3,83816.75
2025-10-22,Plant A,Line 2,Product B,1093,1094,42,46,Machine Failure,Evening,2.5,73394.92
2025-10-22,Plant A,Line 1,Product A,859,841,33,64,Material Shortage,Night,2.5,62224.7
2025-10-22,Plant A,Line 3,Product C,818,763,22,81,Changeover,Morning,3.7,74242.85
2025-10-22,Plant D,Line 4,Product D,1087,930,49,69,Changeover,Morning,6.9,68230.03
2025-10-22,Plant D,Line 2,Product D,1171,993,60,98,Quality Issue,Night,3.0,67229.34
2025-10-23,Plant A,Line 2,Product E,933,894,25,19,Machine Failure,Night,3.0,67464.0
2025-10-23,Plant C,Line 2,Product A,868,854,11,8,Power Failure,Evening,0.2,59296.56
2025-10-23,Plant B,Line 3,Product D,1405,1220,61,92,Quality Issue,Night,6.2,83116.18
2025-10-23,Plant A,Line 3,Product D,1398,1352,54,57,Material Shortage,Morning,1.6,79787.53
2025-10-23,Plant C,Line 1,Product E,1062,1110,36,29,Planned Maintenance,Night,2.4,84438.0
2025-10-23,Plant B,Line 3,Product A,948,858,36,29,Planned Maintenance,Evening,5.8,72453.58
2025-10-23,Plant A,Line 2,Product A,815,758,9,29,Machine Failure,Morning,0.0,57710.49
2025-10-23,Plant A,Line 1,Product E,1041,1006,41,87,Material Shortage,Morning,4.6,83834.69
2025-10-23,Plant C,Line 2,Product C,699,608,23,98,Changeover,Morning,2.9,57530.95
2025-10-23,Plant D,Line 3,Product C,807,644,30,25,Planned Maintenance,Night,5.2,68511.02
2025-10-23,Plant B,Line 4,Product B,1095,1025,35,37,Machine Failure,Evening,4.6,75324.5
2025-10-23,Plant B,Line 2,Product A,880,754,27,55,Machine Failure,Night,7.3,67163.21
2025-10-23,Plant A,Line 1,Product B,1004,969,30,42,Planned Maintenance,Morning,4.9,68692.24
2025-10-24,Plant D,Line 1,Product D,1307,1105,69,78,Power Failure,Evening,5.4,77456.0
2025-10-24,Plant B,Line 3,Product D,1427,1344,75,36,Changeover,Night,0.6,83992.1
2025-10-24,Plant B,Line 3,Product D,1319,1220,54,56,Changeover,Morning,0.0,77748.23
2025-10-25,Plant A,Line 1,Product E,1094,1037,12,12,Material Shortage,Evening,2.4,79584.91
2025-10-25,Plant B,Line 3,Product D,1335,1140,38,50,Machine Failure,Night,5.4,75878.26
2025-10-25,Plant A,Line 1,Product D,1293,1304,41,31,Machine Failure,Evening,0.7,76960.75
2025-10-25,Plant A,Line 2,Product D,1189,1102,36,32,Planned Maintenance,Night,4.3,66103.44
2025-10-25,Plant C,Line 3,Product C,784,730,13,37,Planned Maintenance,Morning,4.8,66909.42
2025-10-25,Plant B,Line 3,Product B,1087,863,57,205,Planned Maintenance,Evening,7.8,69045.56
2025-10-25,Plant A,Line 2,Product B,1095,1073,34,67,Machine Failure,Morning,1.6,72961.27
2025-10-26,Plant C,Line 1,Product E,1056,1055,31,25,Changeover,Evening,1.3,78384.42
2025-10-26,Plant B,Line 3,Product E,1068,975,35,59,Planned Maintenance,Morning,5.3,83855.39
2025-10-26,Plant C,Line 2,Product A,850,817,10,15,Machine Failure,Morning,1.7,59880.1
2025-10-26,Plant C,Line 3,Product A,946,955,28,12,Quality Issue,Night,1.4,68054.59
2025-10-27,Plant A,Line 4,Product D,1012,970,48,53,Quality Issue,Evening,1.9,58673.62
2025-10-27,Plant A,Line 3,Product A,951,833,33,133,Material Shortage,Morning,5.2,67886.68
2025-10-27,Plant B,Line 3,Product B,1183,953,53,168,Quality Issue,Morning,3.7,71598.7
2025-10-27,Plant A,Line 1,Product B,1044,1020,34,47,Changeover,Evening,2.1,71621.83
2025-10-27,Plant C,Line 4,Product E,782,739,7,38,Quality Issue,Night,3.2,57078.08
2025-10-28,Plant A,Line 2,Product A,806,749,19,68,Machine Failure,Evening,1.6,59143.99
2025-10-28,Plant D,Line 3,Product C,811,635,29,141,Material Shortage,Morning,2.5,66298.11
2025-10-28,Plant A,Line 4,Product C,703,709,5,24,Material Shortage,Evening,2.1,66513.31
2025-10-28,Plant C,Line 2,Product D,1120,1111,29,40,Machine Failure,Morning,4.9,67285.25
2025-10-28,Plant A,Line 2,Product E,981,906,40,49,Changeover,Evening,0.3,71276.77
2025-10-28,Plant A,Line 4,Product C,684,595,17,48,Machine Failure,Morning,5.4,58258.62
2025-10-28,Plant C,Line 2,Product B,905,923,24,34,Planned Maintenance,Evening,2.3,60407.49
2025-10-28,Plant A,Line 3,Product B,1193,1170,31,12,Machine Failure,Morning,2.1,80602.73
2025-10-28,Plant C,Line 4,Product A,765,743,19,40,Machine Failure,Evening,3.2,54746.35
2025-10-29,Plant A,Line 1,Product C,712,659,18,95,Planned Maintenance,Morning,2.4,61203.27
2025-10-29,Plant D,Line 1,Product D,1151,883,57,150,Machine Failure,Morning,4.9,64602.49
2025-10-29,Plant B,Line 4,Product C,738,646,21,58,Machine Failure,Evening,3.8,65272.8
2025-10-29,Plant D,Line 4,Product C,665,568,19,49,Machine Failure,Morning,3.8,58342.67
2025-10-29,Plant C,Line 3,Product C,801,754,15,40,Changeover,Night,1.1,63399.72
2025-10-29,Plant C,Line 4,Product A,858,849,14,53,Power Failure,Night,2.2,59850.42
2025-10-29,Plant D,Line 4,Product C,652,543,14,34,Planned Maintenance,Evening,7.1,57922.58
2025-10-29,Plant A,Line 3,Product C,856,771,27,50,Machine Failure,Morning,3.5,72518.02
2025-10-29,Plant B,Line 4,Product C,746,680,21,103,Planned Maintenance,Evening,1.5,67530.2
2025-10-29,Plant B,Line 1,Product D,1226,1146,58,26,Changeover,Evening,1.2,71381.56
2025-10-29,Plant D,Line 3,Product D,1365,1128,62,112,Planned Maintenance,Morning,1.4,73171.88
2025-10-29,Plant A,Line 4,Product E,858,820,30,116,Material Shortage,Evening,2.4,65910.73
2025-10-29,Plant B,Line 1,Product C,695,592,15,31,Power Failure,Morning,2.7,59519.24
2025-10-29,Plant D,Line 2,Product A,938,792,42,90,Quality Issue,Morning,4.8,70705.11
2025-10-30,Plant A,Line 4,Product A,774,748,23,35,Machine Failure,Evening,3.1,56314.33
2025-10-30,Plant A,Line 2,Product D,1202,1148,57,78,Material Shortage,Morning,4.6,71079.65
2025-10-30,Plant D,Line 4,Product E,842,677,33,119,Planned Maintenance,Morning,5.8,63025.99
2025-10-30,Plant C,Line 3,Product B,1141,1041,21,50,Power Failure,Morning,3.3,66776.59
2025-10-30,Plant A,Line 2,Product A,879,851,20,34,Machine Failure,Evening,3.1,62431.99
2025-10-30,Plant A,Line 1,Product C,768,742,7,27,Changeover,Evening,4.4,69484.83
2025-10-30,Plant B,Line 2,Product D,1124,988,46,62,Planned Maintenance,Morning,5.6,65399.48
2025-10-30,Plant B,Line 4,Product C,686,588,23,148,Machine Failure,Morning,6.5,65857.19
2025-10-30,Plant A,Line 4,Product B,936,879,39,63,Material Shortage,Morning,1.7,58376.47
2025-10-30,Plant C,Line 3,Product B,1191,1175,47,57,Planned Maintenance,Evening,3.3,76102.09
2025-10-30,Plant C,Line 2,Product B,1035,982,24,73,Material Shortage,Morning,2.0,65005.51
2025-10-30,Plant A,Line 3,Product B,1284,1207,34,66,Quality Issue,Evening,2.3,82034.53
2025-10-30,Plant D,Line 3,Product E,1024,854,39,44,Material Shortage,Morning,6.1,76578.19
2025-10-30,Plant A,Line 1,Product A,1030,997,15,38,Machine Failure,Evening,0.0,69798.27
2025-10-31,Plant A,Line 4,Product C,641,599,20,97,Machine Failure,Evening,1.3,55617.56
2025-10-31,Plant B,Line 2,Product E,957,888,36,54,Power Failure,Night,0.8,72182.79
2025-10-31,Plant A,Line 1,Product E,1008,1011,22,25,Power Failure,Morning,0.3,76729.95
2025-10-31,Plant A,Line 1,Product B,1094,1030,33,29,Quality Issue,Night,3.5,70294.13
2025-10-31,Plant C,Line 2,Product D,1253,1268,39,17,Power Failure,Morning,3.3,73965.49
2025-10-31,Plant A,Line 2,Product C,627,573,11,58,Planned Maintenance,Night,7.1,57170.05
2025-10-31,Plant C,Line 3,Product B,1163,1145,46,49,Machine Failure,Night,0.2,73281.4
2025-10-31,Plant B,Line 2,Product C,780,703,16,94,Machine Failure,Morning,2.5,70083.48
2025-10-31,Plant A,Line 2,Product E,1031,1009,30,15,Machine Failure,Evening,0.2,74513.91
2025-10-31,Plant C,Line 3,Product E,1086,1023,23,33,Machine Failure,Evening,3.7,81464.81
2025-11-01,Plant C,Line 1,Product D,1254,1215,37,27,Material Shortage,Evening,2.4,70001.64
2025-11-01,Plant D,Line 3,Product B,1154,970,40,30,Machine Failure,Night,7.0,74914.71
2025-11-01,Plant C,Line 4,Product D,1092,1078,44,27,Material Shortage,Morning,0.0,60190.43
2025-11-01,Plant C,Line 4,Product A,738,657,5,41,Planned Maintenance,Evening,4.5,49416.09
2025-11-01,Plant B,Line 3,Product D,1274,1121,57,87,Machine Failure,Evening,7.5,77072.15
2025-11-01,Plant C,Line 4,Product E,868,881,24,14,Quality Issue,Morning,2.6,66266.62
2025-11-01,Plant B,Line 1,Product A,931,835,33,80,Quality Issue,Evening,3.4,65800.03
2025-11-01,Plant D,Line 2,Product E,998,814,43,91,Quality Issue,Morning,4.3,71610.32
2025-11-01,Plant A,Line 3,Product A,921,872,27,30,Machine Failure,Night,3.3,65706.19
2025-11-01,Plant D,Line 4,Product B,1008,802,50,162,Quality Issue,Morning,4.0,63520.71
2025-11-01,Plant C,Line 1,Product E,987,914,32,105,Changeover,Evening,3.2,71022.67
2025-11-02,Plant A,Line 4,Product C,722,649,17,42,Quality Issue,Morning,5.9,62752.79
2025-11-02,Plant A,Line 3,Product B,1117,1028,22,24,Material Shortage,Morning,4.7,70792.81
2025-11-02,Plant B,Line 1,Product A,834,725,27,54,Quality Issue,Morning,2.3,58220.65
2025-11-02,Plant C,Line 1,Product C,718,648,15,61,Quality Issue,Morning,2.5,56980.17
2025-11-02,Plant B,Line 1,Product D,1268,1103,48,63,Quality Issue,Night,6.8,75103.4
2025-11-02,Plant C,Line 2,Product E,945,851,22,66,Machine Failure,Morning,5.8,67940.49
2025-11-02,Plant A,Line 2,Product D,1210,1166,34,43,Quality Issue,Morning,1.2,68282.39
2025-11-02,Plant A,Line 1,Product A,831,755,20,28,Material Shortage,Morning,5.2,61829.92
2025-11-02,Plant C,Line 1,Product C,816,776,8,56,Power Failure,Morning,4.3,69348.8
2025-11-03,Plant A,Line 2,Product B,1048,977,37,47,Changeover,Evening,2.0,65071.28
2025-11-03,Plant A,Line 4,Product D,1153,1061,44,49,Machine Failure,Night,3.4,66082.59
2025-11-03,Plant C,Line 3,Product D,1352,1304,39,17,Planned Maintenance,Morning,1.8,77615.51
2025-11-03,Plant B,Line 1,Product D,1313,1141,51,63,Changeover,Morning,6.1,75460.42
2025-11-04,Plant C,Line 2,Product A,806,767,14,14,Changeover,Evening,0.1,53297.31
2025-11-04,Plant C,Line 4,Product B,964,895,35,55,Machine Failure,Night,3.2,58570.56
2025-11-04,Plant C,Line 4,Product D,1205,1113,37,63,Material Shortage,Morning,1.5,63804.16
2025-11-04,Plant C,Line 3,Product D,1340,1301,47,33,Material Shortage,Morning,4.5,77391.8
2025-11-04,Plant A,Line 3,Product A,900,835,16,40,Machine Failure,Evening,0.6,62425.19
2025-11-04,Plant D,Line 1,Product B,1031,946,37,27,Changeover,Morning,4.7,73357.94
2025-11-04,Plant A,Line 1,Product A,817,747,17,69,Material Shortage,Morning,5.4,59953.42
2025-11-04,Plant B,Line 1,Product B,1094,924,44,114,Machine Failure,Morning,3.3,69276.54
2025-11-05,Plant D,Line 1,Product B,1070,855,42,84,Machine Failure,Night,6.1,67989.23
2025-11-05,Plant D,Line 4,Product C,646,537,19,50,Planned Maintenance,Evening,3.7,54284.72
2025-11-05,Plant A,Line 4,Product D,1167,1108,39,53,Quality Issue,Morning,4.0,67927.22
2025-11-05,Plant D,Line 3,Product A,914,731,39,143,Machine Failure,Morning,5.6,67169.48
2025-11-05,Plant D,Line 3,Product A,899,699,34,141,Material Shortage,Evening,2.9,60656.57
2025-11-05,Plant A,Line 4,Product B,959,872,29,46,Machine Failure,Evening,5.9,64157.0
2025-11-05,Plant C,Line 4,Product C,681,623,12,21,Planned Maintenance,Evening,7.1,61603.51
2025-11-06,Plant A,Line 4,Product E,917,861,23,39,Machine Failure,Morning,0.0,68907.9
2025-11-06,Plant A,Line 2,Product A,899,811,21,71,Changeover,Evening,3.3,62952.94
2025-11-06,Plant A,Line 4,Product A,878,812,32,71,Material Shortage,Morning,0.8,61726.73
2025-11-06,Plant A,Line 2,Product B,930,863,35,83,Machine Failure,Morning,3.0,58859.55
2025-11-06,Plant A,Line 2,Product B,1020,1014,33,15,Power Failure,Night,3.2,68794.46
2025-11-06,Plant D,Line 2,Product B,902,759,29,70,Machine Failure,Morning,1.4,56335.73
2025-11-06,Plant C,Line 3,Product A,840,793,21,18,Changeover,Night,1.0,56347.15
2025-11-06,Plant A,Line 3,Product B,1119,1033,48,116,Planned Maintenance,Evening,1.8,69634.09
2025-11-07,Plant A,Line 3,Product A,982,912,30,41,Planned Maintenance,Night,2.7,67253.36
2025-11-07,Plant B,Line 2,Product D,1131,1022,66,13,Changeover,Evening,6.4,67709.56
2025-11-07,Plant C,Line 2,Product E,942,890,24,25,Planned Maintenance,Evening,4.4,68150.77
2025-11-07,Plant D,Line 3,Product B,1138,1009,42,38,Changeover,Morning,2.7,74528.0
2025-11-07,Plant D,Line 4,Product D,1127,1008,56,115,Planned Maintenance,Morning,5.4,70143.58
2025-11-07,Plant B,Line 2,Product B,1035,958,34,27,Quality Issue,Evening,1.2,67114.59
2025-11-07,Plant A,Line 1,Product A,950,843,26,42,Quality Issue,Evening,5.2,67392.51
2025-11-07,Plant B,Line 2,Product B,1008,930,40,52,Planned Maintenance,Night,2.2,68451.08
2025-11-07,Plant B,Line 1,Product B,1112,993,51,47,Machine Failure,Evening,4.4,75048.99
2025-11-08,Plant D,Line 4,Product B,943,838,46,101,Quality Issue,Morning,4.5,64524.62
2025-11-08,Plant D,Line 3,Product A,919,753,28,33,Quality Issue,Evening,2.8,61892.69
2025-11-08,Plant B,Line 1,Product D,1195,1050,76,86,Material Shortage,Night,5.4,72247.04
2025-11-08,Plant D,Line 2,Product C,634,501,30,129,Planned Maintenance,Evening,3.9,57022.87
2025-11-08,Plant D,Line 4,Product A,893,741,29,95,Changeover,Night,6.6,64341.92
2025-11-08,Plant A,Line 2,Product D,1200,1064,30,53,Machine Failure,Evening,7.4,71221.27
2025-11-09,Plant B,Line 3,Product E,1027,874,39,76,Machine Failure,Evening,6.3,76345.07
2025-11-09,Plant B,Line 3,Product A,982,873,24,19,Power Failure,Morning,4.1,71667.14
2025-11-09,Plant B,Line 2,Product B,1078,983,42,39,Machine Failure,Morning,2.9,70725.77
2025-11-09,Plant A,Line 4,Product E,880,830,33,70,Machine Failure,Morning,2.0,66726.62
2025-11-09,Plant A,Line 1,Product C,832,724,24,62,Machine Failure,Morning,5.1,70242.29
2025-11-09,Plant B,Line 1,Product E,996,933,46,52,Material Shortage,Evening,5.7,81514.99
2025-11-09,Plant B,Line 4,Product B,1014,899,36,84,Quality Issue,Morning,3.9,67434.0
2025-11-09,Plant B,Line 3,Product C,786,665,20,56,Machine Failure,Night,7.1,66421.23
2025-11-09,Plant D,Line 2,Product E,986,830,34,53,Machine Failure,Evening,4.7,75358.05
2025-11-09,Plant A,Line 1,Product B,1121,1098,35,29,Changeover,Morning,1.8,71030.78
2025-11-09,Plant B,Line 1,Product D,1227,1048,61,63,Planned Maintenance,Morning,5.1,70676.86
2025-11-09,Plant A,Line 3,Product B,1242,1171,44,60,Material Shortage,Morning,2.8,78998.44
2025-11-09,Plant A,Line 2,Product E,903,802,32,111,Machine Failure,Evening,2.8,65855.88
2025-11-10,Plant A,Line 4,Product D,1128,1009,40,87,Planned Maintenance,Night,3.0,63896.68
2025-11-10,Plant A,Line 1,Product D,1248,1198,41,14,Changeover,Evening,3.6,72697.1
2025-11-10,Plant C,Line 1,Product A,983,890,12,67,Quality Issue,Morning,7.4,69860.01
2025-11-10,Plant C,Line 3,Product B,1137,1061,25,15,Power Failure,Night,0.1,67015.13
2025-11-10,Plant A,Line 1,Product E,950,892,14,21,Planned Maintenance,Morning,2.6,72294.09
2025-11-10,Plant C,Line 4,Product E,886,827,19,46,Planned Maintenance,Morning,3.1,64370.04
2025-11-10,Plant A,Line 4,Product E,881,764,11,13,Power Failure,Night,3.9,61744.74
2025-11-10,Plant C,Line 3,Product D,1278,1248,37,59,Material Shortage,Morning,0.4,70313.77
2025-11-10,Plant D,Line 2,Product A,851,688,25,44,Material Shortage,Night,6.7,62173.68
2025-11-10,Plant A,Line 3,Product E,1071,949,34,36,Planned Maintenance,Morning,5.4,77957.05
2025-11-10,Plant C,Line 3,Product E,1075,1040,35,21,Material Shortage,Evening,0.4,76427.58
2025-11-10,Plant C,Line 2,Product D,1202,1083,48,95,Quality Issue,Morning,4.3,66674.61
2025-11-10,Plant D,Line 4,Product B,1037,880,42,94,Planned Maintenance,Morning,7.6,71308.59
2025-11-10,Plant B,Line 1,Product B,1040,919,39,37,Changeover,Morning,4.4,66094.35
2025-11-11,Plant A,Line 1,Product E,936,893,19,50,Power Failure,Evening,4.5,70944.15
2025-11-11,Plant A,Line 4,Product B,1042,989,31,28,Planned Maintenance,Morning,1.0,66539.23
2025-11-11,Plant A,Line 2,Product B,1060,961,35,50,Machine Failure,Morning,2.8,67543.9
2025-11-11,Plant A,Line 2,Product E,926,865,36,72,Material Shortage,Evening,4.5,72420.21
2025-11-11,Plant A,Line 3,Product D,1325,1226,44,35,Material Shortage,Evening,1.3,74565.95
2025-11-11,Plant B,Line 2,Product D,1277,1173,63,72,Planned Maintenance,Evening,4.8,77051.19
2025-11-11,Plant B,Line 3,Product B,1187,1055,52,64,Machine Failure,Morning,6.0,78445.69
2025-11-12,Plant B,Line 2,Product C,682,614,23,27,Power Failure,Morning,8.2,64882.85
2025-11-12,Plant C,Line 3,Product D,1269,1267,39,41,Machine Failure,Evening,2.0,73125.29
2025-11-12,Plant D,Line 1,Product D,1242,1096,58,46,Machine Failure,Night,4.7,74679.8
2025-11-12,Plant D,Line 4,Product E,872,741,34,53,Machine Failure,Morning,1.9,63867.6
2025-11-12,Plant A,Line 1,Product E,944,916,25,21,Quality Issue,Night,3.0,72908.13
2025-11-12,Plant B,Line 3,Product C,757,675,14,28,Material Shortage,Morning,4.4,68581.81
2025-11-12,Plant B,Line 1,Product B,1014,916,49,106,Planned Maintenance,Morning,3.6,67572.57
2025-11-13,Plant B,Line 2,Product E,963,862,33,45,Power Failure,Night,3.1,71901.7
2025-11-13,Plant D,Line 4,Product E,867,729,35,73,Machine Failure,Evening,4.0,66402.49
2025-11-13,Plant B,Line 3,Product D,1299,1133,62,53,Material Shortage,Evening,5.9,76923.93
2025-11-13,Plant D,Line 4,Product A,802,639,34,119,Changeover,Evening,6.6,56330.65
2025-11-13,Plant A,Line 1,Product C,756,687,28,19,Changeover,Evening,5.0,64912.35
2025-11-13,Plant A,Line 1,Product E,991,907,25,27,Changeover,Night,2.2,69546.39
2025-11-13,Plant D,Line 1,Product B,1183,988,49,71,Planned Maintenance,Morning,5.5,78615.81
2025-11-13,Plant D,Line 2,Product B,1041,836,50,83,Power Failure,Evening,5.4,65766.41
2025-11-14,Plant B,Line 3,Product C,708,694,20,29,Machine Failure,Night,0.6,63565.5
2025-11-14,Plant A,Line 2,Product B,1078,971,41,121,Planned Maintenance,Evening,7.8,72043.07
2025-11-14,Plant B,Line 4,Product A,789,683,31,179,Planned Maintenance,Morning,6.8,63743.92
2025-11-14,Plant A,Line 1,Product A,951,891,27,24,Machine Failure,Night,1.9,65932.3
2025-11-14,Plant B,Line 3,Product C,812,738,28,56,Quality Issue,Morning,5.2,71997.03
2025-11-14,Plant D,Line 3,Product A,941,769,41,104,Machine Failure,Night,5.1,67718.27
2025-11-14,Plant B,Line 1,Product E,1051,925,30,60,Material Shortage,Morning,6.5,80329.35
2025-11-14,Plant B,Line 4,Product D,1173,1058,32,67,Machine Failure,Evening,8.1,72630.73
2025-11-14,Plant C,Line 2,Product B,1058,1018,25,60,Machine Failure,Morning,3.3,68081.14
2025-11-14,Plant C,Line 4,Product D,1143,1072,33,19,Changeover,Morning,1.7,62534.23
2025-11-14,Plant B,Line 4,Product A,759,691,35,72,Machine Failure,Evening,8.2,62065.04
2025-11-14,Plant B,Line 1,Product C,891,775,26,120,Machine Failure,Night,2.5,74706.15
2025-11-14,Plant A,Line 3,Product D,1360,1266,51,26,Planned Maintenance,Morning,3.1,75877.63
2025-11-14,Plant A,Line 1,Product E,995,923,28,80,Planned Maintenance,Evening,4.0,73191.17
2025-11-14,Plant B,Line 2,Product B,1063,948,40,55,Planned Maintenance,Night,7.1,71068.3
2025-11-15,Plant B,Line 4,Product C,776,736,20,67,Changeover,Evening,1.6,70785.47
2025-11-15,Plant D,Line 3,Product A,963,779,32,57,Changeover,Morning,4.9,68229.2
2025-11-15,Plant D,Line 3,Product A,911,759,32,97,Power Failure,Morning,5.6,68699.74
2025-11-15,Plant D,Line 2,Product E,1048,913,42,45,Quality Issue,Morning,3.4,83407.26
2025-11-15,Plant A,Line 4,Product E,851,834,22,27,Changeover,Evening,3.1,65713.96
2025-11-15,Plant D,Line 4,Product C,622,522,13,22,Machine Failure,Morning,7.0,59724.12
2025-11-16,Plant A,Line 4,Product B,1014,1056,34,41,Planned Maintenance,Morning,0.8,68397.81
2025-11-16,Plant C,Line 4,Product A,827,794,22,34,Planned Maintenance,Evening,3.8,60528.14
2025-11-16,Plant B,Line 2,Product D,1212,1061,48,67,Planned Maintenance,Evening,7.8,74848.24
2025-11-16,Plant A,Line 3,Product A,875,785,25,64,Changeover,Evening,2.5,59694.98
2025-11-16,Plant A,Line 2,Product C,700,661,23,68,Power Failure,Morning,2.6,63440.78
2025-11-16,Plant D,Line 1,Product D,1354,1205,70,57,Machine Failure,Morning,8.3,84704.17
2025-11-16,Plant C,Line 1,Product B,1046,1017,32,24,Planned Maintenance,Night,1.6,63435.17
2025-11-16,Plant D,Line 4,Product C,646,496,29,188,Quality Issue,Morning,4.7,57093.75
2025-11-16,Plant A,Line 4,Product A,914,811,30,77,Power Failure,Night,4.2,63430.14
2025-11-17,Plant C,Line 3,Product E,1046,1052,12,17,Machine Failure,Evening,2.2,80043.02
2025-11-17,Plant D,Line 4,Product E,879,718,31,94,Material Shortage,Morning,5.0,65167.13
2025-11-17,Plant A,Line 4,Product A,694,608,19,82,Changeover,Night,7.4,54266.45
2025-11-17,Plant A,Line 1,Product B,1127,1074,34,49,Planned Maintenance,Morning,5.2,74288.62
2025-11-17,Plant A,Line 4,Product A,775,696,26,77,Changeover,Night,4.7,58459.33
2025-11-17,Plant C,Line 2,Product E,971,975,30,14,Quality Issue,Night,0.0,72290.67
2025-11-17,Plant D,Line 3,Product E,1006,850,44,114,Material Shortage,Night,3.9,76406.93
2025-11-18,Plant A,Line 1,Product C,704,683,24,75,Changeover,Morning,5.7,65151.47
2025-11-18,Plant A,Line 2,Product C,683,643,13,40,Machine Failure,Morning,2.8,59031.88
2025-11-18,Plant B,Line 4,Product B,952,832,53,130,Changeover,Evening,4.6,62697.18
2025-11-18,Plant D,Line 2,Product C,743,677,19,24,Material Shortage,Evening,2.9,68931.62
2025-11-18,Plant B,Line 2,Product A,863,702,34,100,Quality Issue,Morning,3.4,58554.29
2025-11-19,Plant D,Line 4,Product A,842,692,37,121,Machine Failure,Morning,3.0,57547.28
2025-11-19,Plant C,Line 1,Product C,686,613,13,54,Changeover,Morning,3.4,57581.4
2025-11-19,Plant A,Line 4,Product C,729,695,16,55,Changeover,Morning,2.0,64167.51
2025-11-19,Plant D,Line 4,Product D,1164,996,55,50,Machine Failure,Morning,3.3,66153.58
2025-11-19,Plant D,Line 1,Product C,807,681,27,103,Material Shortage,Evening,7.4,74328.55
2025-11-19,Plant A,Line 3,Product C,808,753,17,74,Machine Failure,Evening,4.9,72424.86
2025-11-19,Plant C,Line 3,Product E,1061,996,34,43,Planned Maintenance,Night,3.2,73238.61
2025-11-20,Plant A,Line 3,Product E,1095,1023,38,34,Planned Maintenance,Morning,2.8,81401.12
2025-11-20,Plant B,Line 4,Product D,1048,945,47,68,Changeover,Evening,8.4,66329.28
2025-11-20,Plant A,Line 2,Product B,1050,966,33,56,Changeover,Evening,2.7,66376.07
2025-11-20,Plant B,Line 2,Product B,1066,990,40,42,Quality Issue,Night,3.8,71328.86
2025-11-20,Plant B,Line 4,Product E,879,795,28,27,Changeover,Evening,6.1,72013.7
2025-11-20,Plant D,Line 1,Product E,1086,893,46,49,Planned Maintenance,Night,7.7,83670.55
2025-11-20,Plant B,Line 3,Product C,868,777,23,26,Power Failure,Night,4.2,77333.62
2025-11-20,Plant A,Line 1,Product E,991,917,34,36,Quality Issue,Morning,1.0,71477.97
2025-11-20,Plant B,Line 2,Product C,719,610,18,99,Material Shortage,Evening,2.8,60286.28
2025-11-20,Plant A,Line 1,Product D,1172,1126,49,137,Material Shortage,Evening,3.1,71289.14
2025-11-20,Plant B,Line 4,Product C,643,559,21,63,Changeover,Morning,5.8,58594.76
2025-11-21,Plant D,Line 3,Product A,1031,905,36,56,Planned Maintenance,Morning,6.2,79859.93
2025-11-21,Plant A,Line 3,Product D,1345,1231,47,49,Quality Issue,Evening,2.7,74087.57
2025-11-21,Plant B,Line 2,Product B,1090,912,42,89,Planned Maintenance,Morning,2.3,66592.48
2025-11-21,Plant D,Line 4,Product A,786,642,29,70,Power Failure,Evening,2.6,51475.12
2025-11-21,Plant A,Line 4,Product B,962,884,23,8,Power Failure,Morning,7.4,63248.78
2025-11-21,Plant C,Line 1,Product D,1259,1171,41,54,Machine Failure,Morning,1.2,66623.63
2025-11-21,Plant B,Line 4,Product C,673,531,18,50,Power Failure,Night,6.2,56255.28
2025-11-21,Plant C,Line 1,Product B,1107,1047,28,35,Machine Failure,Night,0.5,66711.71
2025-11-22,Plant D,Line 3,Product C,795,671,26,31,Changeover,Morning,7.9,71011.46
2025-11-22,Plant D,Line 4,Product B,1023,855,54,108,Planned Maintenance,Night,5.7,67663.0
2025-11-22,Plant C,Line 2,Product E,932,873,15,45,Changeover,Night,3.2,67402.69
2025-11-22,Plant C,Line 2,Product A,948,937,22,8,Material Shortage,Night,0.0,63426.88
2025-11-22,Plant B,Line 4,Product A,864,772,25,63,Machine Failure,Evening,8.0,69568.97
2025-11-22,Plant A,Line 3,Product B,1098,997,39,127,Material Shortage,Morning,6.4,73474.51
2025-11-22,Plant B,Line 2,Product D,1158,1089,55,46,Quality Issue,Evening,1.2,66348.87
2025-11-22,Plant A,Line 3,Product C,730,748,19,96,Changeover,Morning,5.4,69972.35
2025-11-22,Plant A,Line 2,Product A,820,744,18,89,Changeover,Morning,1.7,56154.19
2025-11-23,Plant B,Line 1,Product C,741,623,25,69,Machine Failure,Night,7.5,66001.52
2025-11-23,Plant C,Line 1,Product E,1004,950,27,55,Quality Issue,Night,1.6,72900.93
2025-11-23,Plant D,Line 4,Product E,925,802,35,21,Material Shortage,Evening,4.8,70540.41
2025-11-23,Plant C,Line 4,Product A,854,771,14,36,Power Failure,Morning,6.4,58829.88
2025-11-23,Plant A,Line 1,Product E,996,1008,31,18,Changeover,Evening,4.1,79187.25
2025-11-23,Plant B,Line 4,Product B,965,878,44,75,Machine Failure,Morning,5.0,67617.19
2025-11-23,Plant C,Line 2,Product A,899,842,24,76,Quality Issue,Evening,3.9,61263.36
2025-11-23,Plant B,Line 4,Product E,857,742,27,47,Changeover,Evening,2.5,64167.98
2025-11-23,Plant A,Line 4,Product D,1138,1033,44,65,Machine Failure,Night,3.0,65424.86
2025-11-23,Plant B,Line 3,Product A,985,848,41,144,Power Failure,Night,2.9,71088.05
2025-11-23,Plant B,Line 1,Product C,771,728,27,81,Machine Failure,Morning,1.3,72761.93
2025-11-23,Plant C,Line 2,Product C,613,517,19,68,Planned Maintenance,Evening,8.1,53060.12
2025-11-23,Plant A,Line 1,Product E,1022,1003,29,16,Planned Maintenance,Morning,1.9,78765.54
2025-11-24,Plant C,Line 4,Product E,910,901,18,39,Material Shortage,Morning,0.8,65444.51
2025-11-24,Plant D,Line 3,Product E,978,931,45,62,Planned Maintenance,Morning,2.3,81284.46
2025-11-24,Plant A,Line 3,Product C,871,808,19,79,Power Failure,Morning,3.6,76131.01
2025-11-24,Plant D,Line 2,Product A,962,840,33,36,Material Shortage,Evening,2.9,69304.73
2025-11-24,Plant A,Line 4,Product C,740,646,19,81,Power Failure,Night,2.4,60364.91
2025-11-24,Plant C,Line 3,Product B,1157,1129,24,31,Changeover,Night,3.8,72505.1
2025-11-24,Plant A,Line 1,Product C,751,719,11,47,Machine Failure,Evening,0.7,63896.62
2025-11-25,Plant A,Line 4,Product E,894,791,26,103,Machine Failure,Morning,4.0,64911.57
2025-11-25,Plant C,Line 1,Product B,1060,971,25,45,Power Failure,Morning,8.3,66996.45
2025-11-25,Plant D,Line 4,Product D,1107,916,46,81,Machine Failure,Morning,5.4,62767.87
2025-11-25,Plant D,Line 2,Product D,1253,1103,51,63,Planned Maintenance,Evening,7.4,76399.87
2025-11-25,Plant B,Line 1,Product B,1127,949,53,98,Planned Maintenance,Night,4.2,70620.5
2025-11-25,Plant C,Line 2,Product E,995,1009,31,42,Power Failure,Morning,4.1,78244.13
2025-11-25,Plant A,Line 1,Product B,1046,1008,34,15,Changeover,Evening,2.9,68804.74
2025-11-26,Plant A,Line 4,Product B,916,846,30,23,Quality Issue,Night,1.6,56597.77
2025-11-26,Plant A,Line 2,Product B,978,847,29,27,Changeover,Evening,2.8,57739.51
2025-11-26,Plant A,Line 2,Product A,880,856,25,59,Machine Failure,Morning,3.9,66767.43
2025-11-26,Plant A,Line 4,Product B,1006,1003,43,23,Power Failure,Morning,2.0,68084.22
2025-11-26,Plant B,Line 4,Product C,737,591,18,52,Machine Failure,Morning,2.8,59174.93
2025-11-26,Plant D,Line 3,Product B,1088,897,46,101,Material Shortage,Night,4.5,71591.1
2025-11-26,Plant A,Line 4,Product A,913,845,20,37,Machine Failure,Morning,1.6,61808.22
2025-11-26,Plant B,Line 3,Product A,961,867,34,39,Power Failure,Evening,1.7,68862.77
2025-11-26,Plant A,Line 3,Product A,979,913,27,75,Material Shortage,Evening,3.9,69932.66
2025-11-27,Plant C,Line 3,Product A,962,908,19,8,Changeover,Night,4.3,66171.23
2025-11-27,Plant D,Line 3,Product A,1006,864,36,61,Planned Maintenance,Night,7.9,75323.13
2025-11-27,Plant C,Line 2,Product C,693,660,12,45,Planned Maintenance,Evening,3.5,58182.58
2025-11-27,Plant C,Line 1,Product D,1257,1254,41,8,Changeover,Night,1.4,71325.05
2025-11-27,Plant C,Line 1,Product B,1083,1012,29,11,Machine Failure,Evening,2.3,63836.35
2025-11-27,Plant D,Line 3,Product B,1131,963,56,112,Planned Maintenance,Evening,4.6,75148.59
2025-11-27,Plant A,Line 2,Product C,647,530,14,106,Planned Maintenance,Night,7.0,56451.38
2025-11-27,Plant C,Line 2,Product C,756,744,7,32,Material Shortage,Evening,1.4,63229.08
2025-11-27,Plant D,Line 1,Product D,1343,1188,63,44,Planned Maintenance,Morning,4.1,77621.56
2025-11-27,Plant C,Line 4,Product C,681,695,13,27,Planned Maintenance,Evening,3.9,61481.57
2025-11-27,Plant B,Line 1,Product A,905,767,36,109,Planned Maintenance,Evening,5.6,66760.2
2025-11-27,Plant B,Line 3,Product E,1117,990,49,58,Material Shortage,Night,6.1,86277.32
2025-11-27,Plant B,Line 1,Product D,1176,964,47,111,Changeover,Evening,8.0,68232.88
2025-11-28,Plant A,Line 3,Product A,903,820,20,23,Material Shortage,Night,4.4,61115.73
2025-11-28,Plant C,Line 3,Product B,1170,1088,32,5,Changeover,Evening,4.0,71286.03
2025-11-28,Plant B,Line 3,Product C,712,562,22,87,Quality Issue,Night,1.1,52597.23
2025-11-28,Plant B,Line 1,Product C,730,718,28,37,Material Shortage,Morning,4.8,71951.04
2025-11-28,Plant B,Line 3,Product A,935,828,35,88,Machine Failure,Morning,4.7,69834.73
2025-11-28,Plant A,Line 2,Product B,1017,931,39,41,Planned Maintenance,Evening,5.8,67140.65
2025-11-28,Plant B,Line 4,Product C,692,604,20,36,Planned Maintenance,Evening,1.8,59477.69
2025-11-29,Plant A,Line 2,Product E,1093,1001,27,59,Machine Failure,Morning,3.0,79861.98
2025-11-29,Plant B,Line 2,Product C,737,640,21,74,Planned Maintenance,Evening,4.9,65065.56
2025-11-29,Plant C,Line 2,Product B,1012,950,34,50,Changeover,Morning,3.2,63827.29
2025-11-29,Plant A,Line 3,Product C,853,791,21,36,Machine Failure,Morning,0.4,70737.87
2025-11-29,Plant C,Line 4,Product B,1027,921,28,66,Machine Failure,Night,3.4,60894.42
2025-11-29,Plant C,Line 4,Product A,820,801,23,112,Machine Failure,Morning,5.5,63719.76
2025-11-30,Plant B,Line 2,Product A,824,721,31,48,Changeover,Evening,5.6,58891.79
2025-11-30,Plant D,Line 4,Product E,897,794,29,35,Planned Maintenance,Evening,8.9,78591.32
2025-11-30,Plant A,Line 1,Product A,886,794,24,49,Machine Failure,Morning,9.1,64104.42
2025-11-30,Plant A,Line 2,Product C,696,672,16,5,Quality Issue,Morning,4.1,61004.7
2025-11-30,Plant B,Line 2,Product E,956,832,39,87,Machine Failure,Morning,6.1,71437.04
2025-11-30,Plant D,Line 4,Product D,1143,1003,51,39,Material Shortage,Night,7.1,69715.11
2025-11-30,Plant A,Line 2,Product D,1178,1122,43,24,Quality Issue,Night,3.5,68561.6
2025-11-30,Plant B,Line 2,Product B,1045,920,38,41,Planned Maintenance,Morning,5.4,65654.15
2025-11-30,Plant C,Line 1,Product D,1344,1307,42,27,Machine Failure,Night,2.2,76026.98
2025-12-01,Plant A,Line 3,Product D,1370,1279,57,43,Quality Issue,Morning,3.2,78608.67
2025-12-01,Plant D,Line 2,Product C,696,533,22,71,Changeover,Night,2.9,57135.28
2025-12-01,Plant C,Line 1,Product A,891,804,29,37,Planned Maintenance,Evening,4.8,60990.47
2025-12-01,Plant C,Line 1,Product D,1283,1207,52,53,Machine Failure,Night,4.6,73570.06
2025-12-01,Plant C,Line 1,Product B,1082,1006,35,10,Material Shortage,Morning,5.3,66959.03
2025-12-01,Plant A,Line 4,Product C,733,637,17,78,Planned Maintenance,Night,7.4,64970.18
2025-12-01,Plant A,Line 4,Product E,960,918,22,18,Machine Failure,Morning,4.3,75966.89
2025-12-01,Plant A,Line 2,Product D,1128,1087,44,36,Changeover,Morning,3.7,69499.78
2025-12-01,Plant C,Line 1,Product A,962,951,24,30,Machine Failure,Morning,2.2,66534.02
2025-12-01,Plant B,Line 2,Product B,1067,934,32,68,Planned Maintenance,Morning,4.8,69109.36
2025-12-01,Plant B,Line 3,Product A,960,845,26,15,Planned Maintenance,Evening,2.8,67022.1
2025-12-02,Plant D,Line 2,Product B,982,872,45,113,Material Shortage,Morning,2.1,68984.34
2025-12-02,Plant D,Line 2,Product C,685,490,19,104,Machine Failure,Morning,2.4,51731.88
2025-12-02,Plant D,Line 1,Product C,796,691,30,106,Machine Failure,Evening,6.3,74799.52
2025-12-02,Plant D,Line 4,Product B,935,815,31,101,Quality Issue,Evening,3.1,63363.08
2025-12-02,Plant C,Line 1,Product A,885,811,25,91,Planned Maintenance,Evening,6.6,63420.59
2025-12-02,Plant D,Line 2,Product A,876,751,34,91,Machine Failure,Morning,3.4,65449.33
2025-12-02,Plant A,Line 3,Product B,1157,1139,53,26,Material Shortage,Night,4.3,78728.56
2025-12-02,Plant A,Line 1,Product E,969,926,27,17,Material Shortage,Morning,4.9,76274.27
2025-12-02,Plant A,Line 2,Product D,1233,1152,52,43,Material Shortage,Night,1.6,70446.75
2025-12-02,Plant C,Line 4,Product B,1033,958,32,53,Machine Failure,Morning,4.8,65695.88
2025-12-03,Plant C,Line 2,Product C,776,775,8,19,Machine Failure,Evening,4.5,69899.43
2025-12-03,Plant D,Line 3,Product B,1106,922,44,73,Planned Maintenance,Evening,3.5,69535.21
2025-12-03,Plant B,Line 3,Product E,1117,993,40,71,Material Shortage,Evening,7.4,85023.43
2025-12-03,Plant D,Line 1,Product C,689,561,27,153,Changeover,Evening,5.4,64054.25
2025-12-03,Plant B,Line 3,Product D,1285,1176,49,6,Machine Failure,Evening,7.3,78152.95
2025-12-03,Plant B,Line 2,Product B,1005,915,51,9,Machine Failure,Evening,5.0,68458.07
2025-12-03,Plant B,Line 2,Product E,926,831,37,93,Changeover,Evening,6.0,75284.44
2025-12-03,Plant B,Line 1,Product D,1288,1114,54,101,Quality Issue,Morning,4.7,73021.23
2025-12-04,Plant A,Line 4,Product A,728,729,19,19,Material Shortage,Night,0.5,51961.09
2025-12-04,Plant A,Line 3,Product B,1154,1071,31,30,Power Failure,Morning,4.4,72881.22
2025-12-04,Plant A,Line 2,Product B,1142,1088,46,31,Quality Issue,Evening,1.7,73520.38
2025-12-04,Plant C,Line 3,Product D,1255,1284,48,23,Machine Failure,Evening,1.7,75809.18
2025-12-04,Plant D,Line 1,Product D,1258,1041,46,98,Quality Issue,Evening,10.0,76924.09
2025-12-04,Plant D,Line 1,Product E,1004,889,33,30,Changeover,Morning,2.8,78075.32
2025-12-04,Plant A,Line 1,Product B,1089,976,42,83,Power Failure,Morning,3.3,69074.32
2025-12-04,Plant A,Line 2,Product B,974,919,27,33,Machine Failure,Morning,3.0,63507.69
2025-12-04,Plant A,Line 4,Product E,941,883,32,19,Material Shortage,Morning,6.0,75492.1
2025-12-04,Plant C,Line 4,Product B,977,984,21,18,Changeover,Evening,3.2,64648.96
2025-12-04,Plant B,Line 1,Product D,1154,1096,57,72,Machine Failure,Morning,1.1,66620.34
2025-12-05,Plant B,Line 3,Product C,767,678,24,47,Planned Maintenance,Evening,3.0,66319.79
2025-12-05,Plant A,Line 2,Product A,940,962,32,16,Planned Maintenance,Night,4.1,73061.34
2025-12-05,Plant C,Line 4,Product C,776,748,17,33,Quality Issue,Evening,3.3,67291.77
2025-12-05,Plant D,Line 3,Product B,1125,953,39,53,Machine Failure,Night,5.2,75124.8
2025-12-05,Plant D,Line 3,Product B,1180,1047,44,70,Machine Failure,Evening,7.6,83047.47
2025-12-05,Plant B,Line 4,Product D,1173,1004,44,65,Changeover,Evening,2.5,67113.91
2025-12-05,Plant D,Line 4,Product E,961,816,33,76,Material Shortage,Morning,6.1,73256.53
2025-12-05,Plant C,Line 3,Product D,1276,1178,38,74,Planned Maintenance,Night,1.0,66853.49
2025-12-06,Plant B,Line 1,Product A,863,751,29,103,Power Failure,Night,2.8,62569.96
2025-12-06,Plant C,Line 2,Product E,940,945,18,10,Machine Failure,Evening,3.4,72783.35
2025-12-06,Plant C,Line 1,Product A,944,865,21,46,Changeover,Night,7.1,65514.82
2025-12-06,Plant D,Line 4,Product A,881,838,36,70,Quality Issue,Morning,0.7,66854.45
2025-12-06,Plant C,Line 4,Product D,1149,1165,35,5,Machine Failure,Evening,2.1,67836.56
2025-12-06,Plant D,Line 2,Product C,767,659,24,81,Planned Maintenance,Evening,5.0,72543.54
2025-12-06,Plant D,Line 4,Product B,993,890,48,27,Machine Failure,Night,3.1,67365.49
2025-12-06,Plant D,Line 3,Product A,1033,914,34,53,Changeover,Night,3.4,77914.1
2025-12-06,Plant C,Line 3,Product A,835,854,17,24,Quality Issue,Morning,1.3,58211.2
2025-12-06,Plant B,Line 2,Product A,855,741,30,77,Planned Maintenance,Morning,7.5,67708.55
2025-12-06,Plant C,Line 3,Product C,725,699,22,48,Machine Failure,Morning,4.4,63833.87
2025-12-07,Plant D,Line 3,Product C,793,720,24,12,Machine Failure,Morning,4.2,72179.6
2025-12-07,Plant A,Line 1,Product D,1269,1180,38,42,Material Shortage,Night,0.1,72151.65
2025-12-07,Plant C,Line 4,Product C,607,563,7,38,Material Shortage,Evening,2.2,48742.73
2025-12-07,Plant D,Line 1,Product D,1294,1093,58,76,Material Shortage,Evening,6.9,76079.47
2025-12-07,Plant C,Line 1,Product B,1215,1267,25,17,Changeover,Morning,1.0,80019.76
2025-12-07,Plant C,Line 1,Product B,1127,1043,41,62,Planned Maintenance,Evening,2.3,68194.79
2025-12-07,Plant A,Line 2,Product B,1023,992,24,19,Machine Failure,Night,1.5,67080.53
2025-12-07,Plant C,Line 2,Product D,1225,1132,33,28,Machine Failure,Evening,0.6,62412.96
2025-12-08,Plant C,Line 4,Product A,756,713,16,26,Machine Failure,Morning,3.4,52420.32
2025-12-08,Plant A,Line 3,Product E,1121,1023,24,72,Machine Failure,Evening,3.8,81782.24
2025-12-08,Plant B,Line 3,Product C,925,757,33,69,Machine Failure,Morning,5.3,78129.05
2025-12-08,Plant A,Line 4,Product D,1159,1045,28,88,Machine Failure,Evening,3.5,65260.34
2025-12-08,Plant D,Line 2,Product C,684,534,21,104,Machine Failure,Morning,7.7,60930.99
2025-12-08,Plant A,Line 4,Product E,982,907,30,45,Machine Failure,Morning,5.9,72992.01
2025-12-08,Plant C,Line 4,Product A,946,894,20,56,Power Failure,Morning,0.0,64434.65
2025-12-08,Plant B,Line 2,Product E,901,813,40,80,Machine Failure,Evening,5.9,72268.24
2025-12-08,Plant C,Line 4,Product A,783,712,18,38,Machine Failure,Evening,3.8,51520.17
2025-12-08,Plant B,Line 3,Product E,1085,967,38,47,Changeover,Night,1.2,78774.19
2025-12-08,Plant C,Line 3,Product A,974,960,35,65,Changeover,Evening,1.9,68319.46
2025-12-09,Plant A,Line 2,Product D,1103,1014,35,19,Power Failure,Night,6.4,66189.37
2025-12-09,Plant A,Line 1,Product A,959,840,30,78,Material Shortage,Morning,4.0,65440.94
2025-12-09,Plant D,Line 3,Product B,1081,899,44,37,Quality Issue,Night,5.1,71483.73
2025-12-09,Plant A,Line 4,Product C,661,591,21,114,Power Failure,Evening,2.6,55693.33
2025-12-09,Plant D,Line 1,Product E,998,854,41,51,Power Failure,Morning,3.5,76535.23
2025-12-09,Plant D,Line 2,Product B,1160,1010,51,16,Planned Maintenance,Evening,5.2,76958.7
2025-12-09,Plant A,Line 4,Product B,1071,1000,34,27,Machine Failure,Night,4.8,67030.43
2025-12-09,Plant D,Line 1,Product E,1011,812,49,74,Changeover,Morning,3.6,72588.71
2025-12-09,Plant C,Line 2,Product C,669,552,8,41,Quality Issue,Night,6.0,51922.88
2025-12-09,Plant D,Line 3,Product C,811,647,33,121,Changeover,Morning,3.1,66765.63
2025-12-09,Plant C,Line 1,Product A,907,878,18,53,Material Shortage,Morning,0.8,61772.52
2025-12-10,Plant A,Line 4,Product E,845,788,31,62,Machine Failure,Night,0.7,60809.94
2025-12-10,Plant A,Line 3,Product C,762,781,16,42,Material Shortage,Morning,1.2,68984.13
2025-12-10,Plant A,Line 4,Product B,983,893,34,124,Material Shortage,Evening,4.4,63190.46
2025-12-10,Plant C,Line 2,Product B,979,975,25,5,Quality Issue,Evening,0.8,62257.13
2025-12-10,Plant A,Line 3,Product B,1190,1051,47,119,Machine Failure,Morning,0.7,67698.09
2025-12-10,Plant C,Line 1,Product E,1018,1043,18,9,Planned Maintenance,Morning,1.5,77015.71
2025-12-10,Plant B,Line 2,Product C,811,705,23,27,Changeover,Night,2.7,68118.89
2025-12-10,Plant B,Line 2,Product A,848,762,36,122,Changeover,Morning,7.8,69199.23
2025-12-10,Plant D,Line 1,Product A,825,637,30,95,Material Shortage,Morning,6.9,55891.82
2025-12-10,Plant D,Line 3,Product A,1005,882,39,81,Machine Failure,Evening,4.9,73715.63
2025-12-10,Plant C,Line 1,Product B,1094,1040,29,47,Material Shortage,Evening,1.7,65450.9
2025-12-11,Plant C,Line 3,Product C,733,688,14,46,Planned Maintenance,Night,0.0,58143.5
2025-12-11,Plant A,Line 2,Product A,909,894,24,58,Quality Issue,Evening,3.2,69468.14
2025-12-11,Plant D,Line 3,Product E,1083,918,57,86,Material Shortage,Morning,2.1,78562.71
2025-12-11,Plant C,Line 1,Product A,903,807,24,65,Planned Maintenance,Night,2.3,57730.76
2025-12-11,Plant D,Line 1,Product E,1017,858,46,160,Machine Failure,Night,1.2,74716.13
2025-12-11,Plant C,Line 4,Product D,1152,1071,33,28,Changeover,Morning,2.2,62163.04
2025-12-11,Plant A,Line 2,Product C,693,644,14,85,Planned Maintenance,Morning,3.4,62003.26
2025-12-11,Plant B,Line 1,Product D,1284,1148,52,34,Changeover,Morning,6.3,78677.18
2025-12-11,Plant A,Line 4,Product B,1008,932,33,60,Changeover,Night,1.0,61597.45
2025-12-11,Plant B,Line 1,Product C,718,609,25,54,Power Failure,Morning,6.3,61360.05
2025-12-11,Plant A,Line 2,Product B,919,823,30,35,Planned Maintenance,Morning,6.3,61659.79
2025-12-11,Plant C,Line 3,Product E,1052,1001,25,58,Material Shortage,Evening,2.7,76775.65
2025-12-12,Plant B,Line 1,Product B,1098,958,36,26,Material Shortage,Evening,2.7,67681.28
2025-12-12,Plant C,Line 2,Product D,1158,1067,32,28,Machine Failure,Morning,3.7,62862.48
2025-12-12,Plant A,Line 2,Product B,1039,977,38,24,Planned Maintenance,Night,2.9,67208.38
2025-12-12,Plant A,Line 3,Product D,1324,1241,37,6,Planned Maintenance,Evening,3.8,74783.51
2025-12-12,Plant C,Line 3,Product D,1423,1345,59,42,Power Failure,Evening,1.1,77107.37
2025-12-12,Plant B,Line 4,Product C,639,492,18,150,Machine Failure,Morning,2.1,50393.15
2025-12-12,Plant A,Line 3,Product C,781,708,21,62,Planned Maintenance,Night,2.9,66257.51
2025-12-13,Plant A,Line 3,Product A,829,736,17,10,Machine Failure,Morning,4.5,55101.05
2025-12-13,Plant C,Line 4,Product D,1052,985,47,38,Material Shortage,Morning,2.8,56365.75
2025-12-13,Plant D,Line 4,Product C,635,579,16,13,Quality Issue,Morning,5.3,60503.07
2025-12-13,Plant B,Line 1,Product D,1210,1058,37,46,Machine Failure,Evening,3.7,66799.28
2025-12-13,Plant A,Line 3,Product E,1135,1074,34,7,Changeover,Evening,1.2,80756.57
2025-12-14,Plant A,Line 4,Product B,983,885,32,49,Changeover,Morning,6.1,65074.57
2025-12-14,Plant D,Line 2,Product A,911,756,29,95,Power Failure,Morning,3.4,61836.83
2025-12-14,Plant C,Line 2,Product D,1158,1046,32,45,Changeover,Morning,4.3,63064.47
2025-12-14,Plant B,Line 4,Product B,930,829,46,70,Power Failure,Evening,4.7,62771.53
2025-12-14,Plant D,Line 1,Product A,799,765,37,76,Machine Failure,Morning,4.6,65928.8
2025-12-14,Plant C,Line 3,Product C,829,833,17,17,Changeover,Night,3.2,73894.11
2025-12-14,Plant B,Line 2,Product A,878,773,23,32,Machine Failure,Morning,7.5,63848.99
2025-12-14,Plant C,Line 3,Product B,1085,1065,30,40,Machine Failure,Evening,0.9,71393.36
2025-12-14,Plant A,Line 1,Product B,1125,1025,37,50,Machine Failure,Night,4.0,70447.24
2025-12-14,Plant A,Line 3,Product A,886,777,15,68,Planned Maintenance,Morning,5.9,64041.21
2025-12-14,Plant D,Line 2,Product C,717,550,34,183,Machine Failure,Evening,2.8,60517.42
2025-12-15,Plant D,Line 3,Product E,1072,987,40,49,Quality Issue,Morning,2.2,85050.89
2025-12-15,Plant A,Line 4,Product D,1196,1148,43,51,Planned Maintenance,Night,1.6,67601.62
2025-12-15,Plant A,Line 2,Product C,681,641,13,17,Changeover,Morning,3.6,59939.94
2025-12-15,Plant D,Line 2,Product E,991,840,38,99,Power Failure,Evening,7.6,79226.35
2025-12-15,Plant C,Line 3,Product C,744,677,6,16,Planned Maintenance,Night,6.9,65325.22
2025-12-15,Plant D,Line 3,Product B,1234,1075,49,65,Planned Maintenance,Morning,4.2,82848.43
2025-12-15,Plant B,Line 3,Product A,914,760,26,132,Quality Issue,Morning,3.0,62311.16
2025-12-15,Plant B,Line 2,Product B,1108,950,42,69,Material Shortage,Morning,5.2,72384.98
2025-12-15,Plant D,Line 2,Product B,1073,937,46,20,Machine Failure,Night,2.8,70342.31
2025-12-15,Plant D,Line 3,Product D,1332,1192,60,56,Planned Maintenance,Morning,2.6,82313.67
2025-12-15,Plant B,Line 3,Product B,1155,1012,34,45,Planned Maintenance,Morning,2.6,69588.82
2025-12-15,Plant B,Line 3,Product E,929,896,42,18,Machine Failure,Morning,3.9,76519.09
2025-12-15,Plant C,Line 1,Product D,1246,1163,52,35,Material Shortage,Morning,0.3,63907.55
2025-12-16,Plant A,Line 4,Product B,1069,974,37,84,Machine Failure,Night,6.3,70085.57
2025-12-16,Plant C,Line 4,Product D,1115,1068,55,36,Material Shortage,Evening,2.8,63463.73
2025-12-16,Plant C,Line 1,Product A,860,784,20,112,Material Shortage,Morning,2.1,59071.88
2025-12-16,Plant A,Line 4,Product C,542,511,11,14,Planned Maintenance,Morning,3.3,47134.3
2025-12-16,Plant C,Line 2,Product E,1014,970,33,85,Machine Failure,Evening,4.4,77185.27
2025-12-16,Plant B,Line 3,Product B,1137,999,42,54,Quality Issue,Evening,7.4,75204.62
2025-12-16,Plant A,Line 2,Product A,877,798,19,66,Material Shortage,Morning,7.1,65880.98
2025-12-16,Plant B,Line 3,Product D,1363,1231,71,88,Planned Maintenance,Morning,5.9,81301.07
2025-12-16,Plant C,Line 2,Product E,966,875,24,56,Planned Maintenance,Morning,5.9,71015.99
2025-12-16,Plant B,Line 2,Product E,1033,855,38,117,Power Failure,Morning,4.5,74641.27
2025-12-17,Plant B,Line 4,Product B,978,841,29,86,Power Failure,Morning,6.5,67085.57
2025-12-17,Plant C,Line 3,Product D,1241,1159,33,77,Changeover,Evening,0.4,66395.8
2025-12-17,Plant A,Line 2,Product D,1214,1139,52,81,Power Failure,Morning,2.5,71423.41
2025-12-17,Plant D,Line 3,Product D,1259,1151,66,16,Power Failure,Morning,5.2,81092.0
2025-12-18,Plant C,Line 3,Product C,640,625,17,56,Changeover,Evening,1.9,54111.59
2025-12-18,Plant D,Line 1,Product A,806,676,36,133,Machine Failure,Morning,3.3,56859.3
2025-12-18,Plant B,Line 3,Product B,1161,1055,43,41,Changeover,Night,2.5,75384.31
2025-12-18,Plant D,Line 1,Product E,923,730,26,70,Planned Maintenance,Morning,3.3,66225.43
2025-12-18,Plant D,Line 4,Product A,746,624,21,68,Material Shortage,Morning,7.1,56078.45
2025-12-18,Plant B,Line 2,Product B,1088,934,47,92,Changeover,Morning,7.6,72486.65
2025-12-18,Plant A,Line 3,Product C,724,721,18,29,Machine Failure,Morning,0.7,63050.78
2025-12-19,Plant C,Line 2,Product C,787,778,14,30,Machine Failure,Morning,3.5,70302.59
2025-12-19,Plant A,Line 2,Product A,851,782,19,13,Machine Failure,Evening,5.2,60447.53
2025-12-19,Plant A,Line 3,Product A,949,903,29,15,Machine Failure,Evening,3.8,69771.77
2025-12-19,Plant A,Line 4,Product E,909,858,25,45,Machine Failure,Morning,0.0,66467.12
2025-12-19,Plant C,Line 2,Product A,1001,1008,17,32,Changeover,Morning,1.4,74285.69
2025-12-19,Plant B,Line 1,Product D,1320,1180,55,36,Changeover,Evening,5.3,78750.91
2025-12-20,Plant D,Line 1,Product B,1162,943,56,161,Machine Failure,Evening,2.8,71835.44
2025-12-20,Plant C,Line 4,Product B,1081,1017,42,73,Machine Failure,Morning,3.9,68593.28
2025-12-20,Plant C,Line 3,Product C,841,864,25,53,Power Failure,Evening,2.4,76419.82
2025-12-20,Plant D,Line 4,Product A,787,644,26,63,Machine Failure,Morning,4.8,57462.0
2025-12-20,Plant B,Line 1,Product B,1071,913,43,45,Planned Maintenance,Morning,6.2,70103.04
2025-12-20,Plant A,Line 3,Product E,1046,982,36,26,Machine Failure,Morning,3.9,79077.09
2025-12-20,Plant D,Line 2,Product B,1090,946,47,63,Machine Failure,Morning,7.2,75855.83
2025-12-20,Plant B,Line 2,Product E,924,831,39,137,Material Shortage,Night,4.8,75402.69
2025-12-20,Plant C,Line 1,Product A,860,808,11,43,Machine Failure,Night,4.2,62150.06
2025-12-21,Plant D,Line 1,Product D,1173,958,65,147,Material Shortage,Morning,7.6,71101.35
2025-12-21,Plant B,Line 2,Product D,1137,913,51,108,Material Shortage,Evening,6.8,63834.14
2025-12-21,Plant A,Line 4,Product B,929,889,30,69,Quality Issue,Night,1.0,61271.9
2025-12-21,Plant B,Line 2,Product A,888,789,26,75,Machine Failure,Evening,4.0,66181.12
2025-12-21,Plant B,Line 4,Product D,1164,1098,54,19,Machine Failure,Evening,4.5,72697.32
2025-12-21,Plant A,Line 2,Product D,1147,1090,45,82,Planned Maintenance,Morning,0.9,67219.78
2025-12-21,Plant B,Line 4,Product D,1245,1133,40,66,Machine Failure,Night,8.3,76921.52
2025-12-21,Plant D,Line 2,Product B,1091,983,52,137,Material Shortage,Evening,4.2,79327.12
2025-12-21,Plant B,Line 1,Product E,1002,832,33,41,Material Shortage,Morning,2.0,71702.03
2025-12-21,Plant C,Line 3,Product E,1097,985,30,42,Machine Failure,Evening,3.3,74520.9
2025-12-21,Plant A,Line 1,Product E,821,770,26,57,Machine Failure,Evening,2.6,60882.51
2025-12-22,Plant D,Line 4,Product B,968,785,43,105,Machine Failure,Evening,5.2,62926.35
2025-12-22,Plant A,Line 1,Product D,1347,1248,53,52,Planned Maintenance,Evening,3.6,76133.0
2025-12-22,Plant D,Line 1,Product C,888,768,32,98,Material Shortage,Morning,3.5,79566.46
2025-12-22,Plant A,Line 3,Product D,1304,1174,48,84,Changeover,Morning,6.6,75042.8
2025-12-22,Plant C,Line 1,Product B,1098,1033,23,36,Power Failure,Night,0.0,66122.55
2025-12-22,Plant B,Line 3,Product E,1066,959,34,55,Material Shortage,Morning,1.8,80339.68
2025-12-22,Plant C,Line 1,Product E,997,971,34,47,Planned Maintenance,Evening,1.0,71302.42
2025-12-22,Plant A,Line 2,Product C,747,662,15,47,Planned Maintenance,Evening,3.2,62360.29
2025-12-22,Plant A,Line 1,Product D,1348,1206,52,61,Changeover,Evening,6.6,78842.57
2025-12-23,Plant A,Line 3,Product D,1318,1226,61,99,Planned Maintenance,Evening,4.3,77012.15
2025-12-23,Plant A,Line 2,Product B,1110,1025,50,91,Machine Failure,Evening,2.4,72970.01
2025-12-23,Plant B,Line 2,Product B,987,908,33,25,Material Shortage,Morning,3.4,64666.05
2025-12-23,Plant D,Line 3,Product A,835,682,32,135,Machine Failure,Night,3.8,58779.98
2025-12-23,Plant B,Line 3,Product E,1021,896,34,70,Material Shortage,Night,6.2,81020.73
2025-12-23,Plant C,Line 1,Product C,711,676,7,44,Material Shortage,Night,1.2,57960.38
2025-12-23,Plant C,Line 4,Product B,1088,1115,23,21,Machine Failure,Night,0.7,71523.31
2025-12-24,Plant C,Line 3,Product A,958,869,28,29,Changeover,Morning,2.6,64584.11
2025-12-24,Plant B,Line 1,Product D,1174,1068,53,50,Machine Failure,Night,4.3,71172.65
2025-12-24,Plant B,Line 4,Product D,1096,947,53,48,Planned Maintenance,Evening,3.8,59847.62
2025-12-24,Plant A,Line 4,Product C,505,472,11,24,Power Failure,Night,3.3,44149.51
2025-12-24,Plant B,Line 4,Product A,859,723,26,31,Machine Failure,Morning,6.0,61556.01
2025-12-24,Plant B,Line 4,Product E,882,744,35,94,Material Shortage,Morning,2.3,60459.29
2025-12-24,Plant A,Line 3,Product C,684,648,19,43,Planned Maintenance,Night,0.8,58645.61
2025-12-25,Plant D,Line 1,Product E,966,796,27,92,Machine Failure,Morning,2.4,69926.99
2025-12-25,Plant A,Line 1,Product C,658,580,14,39,Changeover,Evening,6.2,58578.78
2025-12-25,Plant D,Line 2,Product D,1103,953,41,77,Material Shortage,Evening,8.6,71306.74
2025-12-25,Plant A,Line 1,Product E,1072,946,34,95,Material Shortage,Morning,7.2,78299.06
2025-12-25,Plant C,Line 4,Product E,889,836,20,72,Machine Failure,Morning,4.1,66386.53
2025-12-25,Plant A,Line 3,Product E,1138,1093,38,48,Power Failure,Night,3.5,85306.76
2025-12-25,Plant A,Line 2,Product E,945,902,35,44,Machine Failure,Morning,4.8,73900.97
2025-12-25,Plant A,Line 4,Product E,889,836,29,39,Planned Maintenance,Evening,3.3,67219.2
2025-12-26,Plant D,Line 3,Product A,960,811,34,83,Planned Maintenance,Morning,6.6,71667.8
2025-12-26,Plant D,Line 1,Product D,1185,1008,62,107,Power Failure,Morning,7.0,72335.43
2025-12-26,Plant D,Line 2,Product C,772,649,28,100,Planned Maintenance,Morning,3.9,70320.01
2025-12-26,Plant A,Line 3,Product A,965,847,35,111,Material Shortage,Evening,6.6,68337.24
2025-12-26,Plant C,Line 2,Product A,861,819,20,63,Power Failure,Evening,2.0,58323.39
2025-12-26,Plant A,Line 4,Product A,784,733,24,37,Power Failure,Evening,3.7,53875.64
2025-12-26,Plant A,Line 1,Product A,928,880,31,27,Material Shortage,Evening,3.8,66965.01
2025-12-26,Plant B,Line 4,Product B,949,829,38,89,Changeover,Morning,3.1,62599.5
2025-12-26,Plant C,Line 4,Product C,791,745,7,24,Machine Failure,Morning,2.0,64871.73
2025-12-26,Plant A,Line 3,Product B,1180,1112,31,26,Power Failure,Evening,4.1,77168.4
2025-12-27,Plant C,Line 2,Product D,1218,1151,55,66,Power Failure,Evening,1.7,68580.74
2025-12-27,Plant C,Line 2,Product E,870,876,17,16,Machine Failure,Night,4.7,69901.1
2025-12-27,Plant B,Line 3,Product B,1133,970,34,117,Machine Failure,Evening,2.7,69605.21
2025-12-27,Plant C,Line 2,Product B,967,925,29,30,Quality Issue,Morning,4.2,65921.16
2025-12-27,Plant B,Line 1,Product C,774,623,24,83,Power Failure,Morning,4.0,63641.27
2025-12-27,Plant A,Line 2,Product B,1031,949,43,61,Planned Maintenance,Evening,4.0,66292.55
2025-12-27,Plant C,Line 2,Product A,928,837,27,64,Machine Failure,Night,8.0,66259.67
2025-12-27,Plant A,Line 3,Product E,1010,937,29,27,Planned Maintenance,Evening,1.9,73816.04
2025-12-27,Plant B,Line 3,Product B,1078,991,27,13,Machine Failure,Night,2.7,71708.4
2025-12-27,Plant A,Line 2,Product A,787,682,26,143,Power Failure,Night,6.0,57836.0
2025-12-27,Plant B,Line 4,Product E,947,775,35,94,Power Failure,Morning,4.8,67067.2
2025-12-28,Plant D,Line 3,Product D,1305,1090,58,61,Planned Maintenance,Morning,6.0,76779.18
2025-12-28,Plant B,Line 4,Product A,794,706,18,69,Material Shortage,Morning,2.1,56038.45
2025-12-28,Plant D,Line 4,Product E,936,781,38,112,Quality Issue,Night,3.3,72774.6
2025-12-28,Plant A,Line 1,Product D,1353,1265,46,52,Machine Failure,Night,3.9,74528.03
2025-12-28,Plant C,Line 3,Product E,1089,1028,29,32,Material Shortage,Evening,0.4,74913.98
2025-12-28,Plant B,Line 4,Product C,577,490,15,29,Machine Failure,Evening,7.0,54286.72
2025-12-29,Plant C,Line 4,Product E,861,752,20,73,Planned Maintenance,Evening,7.3,62128.35
2025-12-29,Plant C,Line 1,Product A,861,799,22,117,Planned Maintenance,Morning,2.2,61443.47
2025-12-29,Plant D,Line 2,Product B,1065,978,41,45,Planned Maintenance,Morning,6.6,75941.4
2025-12-29,Plant C,Line 1,Product E,1067,1030,32,43,Machine Failure,Morning,3.0,78289.77
2025-12-29,Plant D,Line 2,Product E,865,732,28,23,Planned Maintenance,Morning,7.0,68535.3
2025-12-29,Plant A,Line 3,Product D,1258,1129,42,86,Machine Failure,Morning,6.7,75330.17
2025-12-29,Plant D,Line 1,Product D,1191,1024,46,85,Quality Issue,Morning,3.0,67893.05
2025-12-29,Plant B,Line 3,Product D,1381,1166,69,137,Planned Maintenance,Night,5.6,76923.97
2025-12-29,Plant A,Line 3,Product A,1003,931,23,36,Power Failure,Night,4.0,73674.7
2025-12-29,Plant D,Line 1,Product A,851,707,30,56,Planned Maintenance,Morning,3.3,59417.23
2025-12-29,Plant A,Line 3,Product A,934,879,28,60,Material Shortage,Evening,0.0,63570.54
2025-12-30,Plant C,Line 4,Product E,887,886,24,14,Changeover,Morning,5.0,67699.6
2025-12-30,Plant C,Line 4,Product B,971,930,38,46,Machine Failure,Evening,1.8,58244.3
2025-12-30,Plant D,Line 2,Product B,1150,959,43,68,Material Shortage,Morning,6.5,74186.98
2025-12-30,Plant B,Line 3,Product B,1085,929,47,142,Changeover,Evening,5.1,71037.85
2025-12-30,Plant A,Line 1,Product C,743,735,14,35,Power Failure,Night,2.5,64234.68
2025-12-30,Plant D,Line 3,Product B,1144,992,48,29,Machine Failure,Evening,3.2,76847.28
2025-12-30,Plant A,Line 3,Product D,1316,1219,45,30,Material Shortage,Night,0.0,72224.47
2025-12-30,Plant A,Line 2,Product A,826,792,18,22,Machine Failure,Morning,4.8,61633.64
2025-12-30,Plant A,Line 1,Product A,866,753,23,87,Machine Failure,Evening,6.6,61816.5
2025-12-30,Plant A,Line 2,Product D,1128,1101,55,79,Changeover,Morning,1.8,67883.93
2025-12-30,Plant D,Line 3,Product A,1000,762,42,208,Changeover,Morning,4.7,68683.34
2025-12-30,Plant C,Line 4,Product A,754,711,14,43,Changeover,Evening,2.1,48572.09
2025-12-30,Plant C,Line 4,Product B,1090,1071,39,23,Material Shortage,Evening,1.3,68983.91
2025-12-30,Plant A,Line 4,Product B,980,960,28,17,Changeover,Morning,4.3,65369.19
2025-12-30,Plant C,Line 1,Product A,843,771,14,54,Planned Maintenance,Evening,4.7,55928.87
2025-12-31,Plant A,Line 4,Product D,1146,1119,38,22,Machine Failure,Night,1.4,66849.27
2025-12-31,Plant C,Line 3,Product D,1382,1329,67,95,Changeover,Evening,3.2,76509.15
2025-12-31,Plant D,Line 2,Product C,705,592,28,76,Changeover,Evening,4.6,63684.44
2025-12-31,Plant C,Line 4,Product A,803,725,26,50,Material Shortage,Evening,3.4,52261.81
2025-12-31,Plant A,Line 3,Product E,1146,1076,27,63,Changeover,Morning,2.2,85497.44
2025-12-31,Plant B,Line 2,Product A,775,733,32,49,Material Shortage,Night,0.9,54997.23
2025-12-31,Plant D,Line 4,Product C,595,455,20,111,Power Failure,Morning,5.3,50825.17
2025-12-31,Plant C,Line 2,Product B,990,941,14,16,Changeover,Night,0.9,62006.83
2025-12-31,Plant C,Line 3,Product C,786,747,15,50,Machine Failure,Night,1.1,64639.31
2026-01-01,Plant B,Line 1,Product B,1143,1043,44,24,Material Shortage,Morning,3.6,77928.86
2026-01-01,Plant B,Line 3,Product C,805,640,32,178,Material Shortage,Evening,2.4,65036.41
2026-01-01,Plant D,Line 3,Product B,1150,958,52,66,Power Failure,Night,7.0,76303.14
2026-01-01,Plant D,Line 4,Product B,948,813,45,115,Changeover,Night,4.8,64209.0
2026-01-01,Plant D,Line 3,Product B,1219,988,40,119,Material Shortage,Evening,4.3,77170.96
2026-01-01,Plant A,Line 3,Product B,1177,1112,50,42,Quality Issue,Night,5.2,77095.9
2026-01-01,Plant B,Line 2,Product A,835,700,33,110,Changeover,Evening,7.0,62889.79
2026-01-01,Plant C,Line 4,Product A,782,735,16,8,Power Failure,Night,0.6,50950.96
2026-01-01,Plant A,Line 1,Product C,791,686,12,109,Machine Failure,Evening,7.3,69781.35
2026-01-01,Plant D,Line 4,Product E,893,804,37,21,Changeover,Evening,3.0,71967.42
2026-01-02,Plant A,Line 1,Product C,684,603,17,49,Machine Failure,Night,6.5,58443.05
2026-01-02,Plant C,Line 2,Product C,730,638,15,48,Material Shortage,Evening,4.9,58796.98
2026-01-02,Plant C,Line 2,Product E,884,829,17,50,Quality Issue,Night,3.4,66467.23
2026-01-02,Plant C,Line 3,Product A,927,844,26,74,Planned Maintenance,Morning,3.5,62543.04
2026-01-02,Plant B,Line 1,Product B,1045,948,41,103,Machine Failure,Evening,4.7,69667.74
2026-01-02,Plant B,Line 4,Product B,919,725,30,156,Machine Failure,Evening,5.8,58348.66
2026-01-02,Plant A,Line 1,Product B,1091,1034,52,110,Machine Failure,Morning,3.8,73671.87
2026-01-02,Plant C,Line 1,Product B,981,1001,24,7,Machine Failure,Night,2.9,66463.18
2026-01-02,Plant B,Line 2,Product D,1178,1067,45,73,Changeover,Night,4.6,70695.42
2026-01-02,Plant C,Line 3,Product C,832,776,15,44,Planned Maintenance,Night,2.5,68596.06
2026-01-02,Plant C,Line 2,Product D,1245,1240,44,63,Machine Failure,Morning,0.4,69646.01
2026-01-02,Plant D,Line 1,Product D,1281,1077,73,226,Planned Maintenance,Evening,5.7,77499.84
2026-01-02,Plant B,Line 3,Product B,1121,1018,48,33,Machine Failure,Morning,5.9,73403.12
2026-01-03,Plant B,Line 2,Product A,894,806,42,133,Changeover,Morning,3.5,69290.82
2026-01-03,Plant C,Line 2,Product C,662,605,17,33,Power Failure,Night,4.0,55057.3
2026-01-03,Plant A,Line 2,Product D,1207,1130,47,69,Changeover,Morning,0.0,68224.53
2026-01-03,Plant B,Line 2,Product B,1184,1075,45,43,Machine Failure,Morning,2.9,77578.39
2026-01-03,Plant B,Line 1,Product B,1064,963,45,73,Planned Maintenance,Evening,8.1,75808.24
2026-01-03,Plant C,Line 4,Product B,996,934,36,69,Changeover,Morning,0.3,62063.91
2026-01-03,Plant D,Line 3,Product E,1030,841,45,117,Power Failure,Morning,6.2,79187.61
2026-01-04,Plant C,Line 3,Product C,690,681,14,69,Changeover,Morning,3.5,63089.34
2026-01-04,Plant D,Line 4,Product C,555,457,24,133,Machine Failure,Morning,2.8,49978.25
2026-01-04,Plant C,Line 1,Product A,858,855,18,28,Material Shortage,Evening,5.4,66213.95
2026-01-04,Plant C,Line 1,Product D,1303,1278,30,38,Machine Failure,Morning,2.4,75167.04
2026-01-04,Plant D,Line 2,Product C,765,681,20,15,Machine Failure,Evening,7.6,72979.97
2026-01-04,Plant D,Line 2,Product E,993,856,40,55,Machine Failure,Evening,3.0,75520.97
2026-01-04,Plant B,Line 4,Product A,755,623,26,47,Planned Maintenance,Evening,3.1,52147.76
2026-01-04,Plant A,Line 2,Product E,947,874,35,45,Material Shortage,Night,1.1,69529.83
2026-01-04,Plant A,Line 3,Product B,1231,1128,33,12,Quality Issue,Evening,3.6,77657.29
2026-01-04,Plant A,Line 3,Product A,987,916,26,17,Machine Failure,Night,3.3,69035.75
2026-01-05,Plant B,Line 2,Product C,677,590,22,143,Changeover,Evening,6.1,63994.11
2026-01-05,Plant C,Line 1,Product C,733,685,11,26,Power Failure,Evening,1.1,58657.45
2026-01-05,Plant A,Line 2,Product C,753,727,16,25,Changeover,Morning,5.1,68144.28
2026-01-05,Plant D,Line 2,Product B,1040,888,49,37,Changeover,Morning,6.4,71088.95
2026-01-05,Plant A,Line 3,Product D,1248,1158,56,98,Machine Failure,Morning,3.1,70856.72
2026-01-05,Plant C,Line 2,Product D,1197,1167,36,35,Machine Failure,Evening,3.4,68637.51
2026-01-05,Plant C,Line 3,Product D,1317,1233,48,58,Changeover,Evening,2.6,74105.97
2026-01-06,Plant B,Line 4,Product D,1047,922,37,63,Changeover,Morning,3.3,59922.68
2026-01-06,Plant A,Line 1,Product E,1039,997,34,69,Machine Failure,Evening,3.1,80076.4
2026-01-06,Plant A,Line 1,Product B,972,977,34,14,Material Shortage,Morning,0.0,65580.66
2026-01-06,Plant C,Line 1,Product D,1174,1111,45,43,Power Failure,Evening,3.4,65639.73
2026-01-06,Plant B,Line 2,Product D,1125,967,58,82,Machine Failure,Night,4.6,64229.74
2026-01-06,Plant C,Line 2,Product A,904,888,13,18,Machine Failure,Night,4.1,65207.49
2026-01-06,Plant B,Line 1,Product B,1119,953,47,93,Machine Failure,Morning,3.5,71787.19
2026-01-06,Plant B,Line 3,Product C,760,704,17,27,Machine Failure,Evening,4.7,69940.91
2026-01-06,Plant A,Line 1,Product E,967,922,43,52,Planned Maintenance,Morning,2.2,73440.68
2026-01-06,Plant C,Line 1,Product E,1050,1006,38,74,Planned Maintenance,Evening,0.0,76560.62
2026-01-07,Plant D,Line 1,Product E,919,803,34,34,Planned Maintenance,Evening,8.4,75002.12
2026-01-07,Plant D,Line 3,Product A,995,868,30,44,Power Failure,Night,1.8,69646.09
2026-01-07,Plant B,Line 4,Product B,992,879,39,57,Quality Issue,Night,2.1,63109.07
2026-01-07,Plant C,Line 2,Product A,960,919,26,13,Planned Maintenance,Evening,1.0,65373.69
2026-01-07,Plant C,Line 2,Product D,1191,1175,43,54,Power Failure,Morning,4.3,71722.83
2026-01-08,Plant D,Line 4,Product E,868,772,32,63,Quality Issue,Evening,2.3,68421.63
2026-01-08,Plant A,Line 4,Product D,1177,1150,59,65,Power Failure,Evening,2.1,70708.01
2026-01-08,Plant A,Line 4,Product C,751,660,16,113,Power Failure,Evening,5.0,63786.79
2026-01-08,Plant C,Line 2,Product E,863,827,18,75,Machine Failure,Night,3.9,62958.79
2026-01-08,Plant A,Line 3,Product C,764,688,22,48,Material Shortage,Night,2.1,64845.7
2026-01-08,Plant A,Line 4,Product B,958,886,29,11,Machine Failure,Evening,3.2,58988.08
2026-01-09,Plant D,Line 4,Product C,673,592,26,42,Power Failure,Morning,7.0,61911.44
2026-01-09,Plant A,Line 3,Product E,1068,1018,32,14,Quality Issue,Morning,4.9,83505.86
2026-01-09,Plant A,Line 1,Product D,1263,1214,36,11,Machine Failure,Evening,1.5,71725.63
2026-01-09,Plant B,Line 4,Product A,786,713,34,29,Power Failure,Morning,4.9,63905.58
2026-01-09,Plant B,Line 1,Product D,1310,1235,51,18,Quality Issue,Evening,4.2,79833.83
2026-01-09,Plant A,Line 1,Product B,1105,1041,24,73,Planned Maintenance,Evening,2.5,71472.67
2026-01-09,Plant C,Line 2,Product A,753,696,17,26,Machine Failure,Night,3.4,52042.3
2026-01-09,Plant A,Line 4,Product E,835,754,25,83,Changeover,Evening,4.1,64964.85
2026-01-10,Plant D,Line 1,Product A,979,838,46,95,Changeover,Evening,7.3,72856.57
2026-01-10,Plant A,Line 3,Product E,1074,995,32,86,Machine Failure,Morning,6.1,85063.05
2026-01-10,Plant D,Line 4,Product B,976,703,49,240,Machine Failure,Night,7.8,63114.0
2026-01-10,Plant C,Line 4,Product D,1148,1068,41,41,Changeover,Evening,5.5,64439.9
2026-01-10,Plant A,Line 2,Product D,1152,1091,47,11,Material Shortage,Morning,5.6,68693.0
2026-01-10,Plant D,Line 2,Product C,644,516,23,59,Planned Maintenance,Night,2.1,52550.04
2026-01-10,Plant A,Line 2,Product D,1199,1157,42,39,Planned Maintenance,Evening,5.6,71513.64
2026-01-10,Plant D,Line 1,Product A,794,646,28,77,Machine Failure,Morning,1.8,54596.65
2026-01-10,Plant A,Line 4,Product A,787,705,20,53,Machine Failure,Night,4.2,57608.62
2026-01-10,Plant D,Line 1,Product E,910,765,34,107,Planned Maintenance,Evening,3.7,70645.89
2026-01-10,Plant B,Line 2,Product C,685,529,16,54,Machine Failure,Morning,6.0,57288.9
2026-01-10,Plant D,Line 3,Product C,774,667,23,51,Changeover,Morning,7.3,73445.07
2026-01-11,Plant A,Line 2,Product E,926,919,22,18,Material Shortage,Morning,1.0,70097.97
2026-01-11,Plant D,Line 4,Product C,636,459,19,102,Planned Maintenance,Night,4.9,51240.62
2026-01-11,Plant D,Line 3,Product C,812,706,35,66,Changeover,Morning,3.9,71968.93
2026-01-11,Plant C,Line 4,Product B,1046,1002,26,28,Quality Issue,Evening,3.8,65856.09
2026-01-11,Plant A,Line 1,Product E,980,849,40,108,Material Shortage,Morning,2.4,66639.17
2026-01-11,Plant A,Line 4,Product C,673,586,13,97,Power Failure,Morning,3.2,54652.34
2026-01-11,Plant D,Line 2,Product D,1273,1019,56,118,Material Shortage,Morning,3.6,71309.13
2026-01-11,Plant B,Line 2,Product B,918,785,44,137,Material Shortage,Morning,4.4,58145.87
2026-01-11,Plant B,Line 4,Product C,664,516,22,105,Material Shortage,Morning,8.5,56422.77
2026-01-11,Plant B,Line 1,Product A,858,763,38,151,Power Failure,Morning,7.8,68191.72
2026-01-11,Plant A,Line 4,Product C,681,611,12,107,Machine Failure,Morning,6.7,59523.09
2026-01-11,Plant A,Line 2,Product A,891,808,26,48,Changeover,Morning,6.3,64151.42
2026-01-11,Plant D,Line 2,Product E,837,706,25,91,Material Shortage,Night,7.2,65966.99
2026-01-12,Plant B,Line 2,Product B,950,792,42,116,Quality Issue,Evening,4.9,59847.31
2026-01-12,Plant D,Line 1,Product A,872,714,39,58,Planned Maintenance,Morning,3.2,61528.21
2026-01-12,Plant A,Line 2,Product D,1151,1085,42,41,Material Shortage,Morning,1.1,62018.45
2026-01-12,Plant D,Line 3,Product A,926,757,27,114,Quality Issue,Evening,7.3,67320.79
2026-01-12,Plant C,Line 1,Product D,1314,1284,40,19,Machine Failure,Evening,1.6,72921.95
2026-01-12,Plant C,Line 3,Product A,914,855,26,44,Planned Maintenance,Morning,0.0,60279.82
2026-01-12,Plant D,Line 3,Product E,1081,926,48,106,Changeover,Night,4.4,84171.91
2026-01-12,Plant A,Line 1,Product C,781,715,16,48,Material Shortage,Morning,7.4,70050.36
2026-01-13,Plant C,Line 1,Product B,1105,1138,23,41,Changeover,Evening,2.8,74542.95
2026-01-13,Plant B,Line 2,Product E,900,819,40,82,Changeover,Morning,6.2,73805.86
2026-01-13,Plant C,Line 4,Product D,1238,1212,49,49,Planned Maintenance,Evening,1.2,69308.48
2026-01-13,Plant B,Line 4,Product A,764,706,28,56,Machine Failure,Night,2.4,55438.43
2026-01-13,Plant C,Line 1,Product D,1225,1212,41,31,Material Shortage,Morning,1.3,66355.06
2026-01-13,Plant B,Line 1,Product D,1280,1186,57,53,Power Failure,Evening,2.2,75868.0
2026-01-13,Plant C,Line 3,Product C,789,764,20,5,Material Shortage,Evening,0.0,62495.2
2026-01-13,Plant A,Line 2,Product C,777,692,16,39,Quality Issue,Morning,4.8,66816.7
2026-01-13,Plant C,Line 2,Product D,1183,1071,40,62,Quality Issue,Evening,6.3,65933.99
2026-01-13,Plant D,Line 3,Product A,901,777,39,122,Machine Failure,Evening,7.8,70633.31
2026-01-13,Plant D,Line 3,Product A,817,685,30,64,Changeover,Night,6.0,61318.48
2026-01-14,Plant C,Line 1,Product C,643,590,11,13,Changeover,Night,6.9,54989.22
2026-01-14,Plant D,Line 3,Product A,830,643,30,143,Material Shortage,Morning,3.3,57868.02
2026-01-14,Plant B,Line 4,Product C,679,583,22,85,Material Shortage,Evening,2.6,58379.0
2026-01-14,Plant B,Line 3,Product D,1433,1208,66,71,Changeover,Morning,2.3,75771.81
2026-01-14,Plant C,Line 4,Product B,998,1000,34,69,Quality Issue,Night,4.2,65802.94
2026-01-14,Plant A,Line 1,Product C,713,643,19,66,Planned Maintenance,Evening,3.2,61492.68
2026-01-14,Plant B,Line 2,Product A,816,690,29,64,Machine Failure,Morning,6.2,57009.67
2026-01-15,Plant C,Line 3,Product A,970,948,21,13,Planned Maintenance,Evening,4.8,67158.02
2026-01-15,Plant B,Line 3,Product B,1118,1002,44,102,Machine Failure,Night,7.3,77727.45
2026-01-15,Plant B,Line 1,Product D,1233,1096,56,65,Machine Failure,Night,3.8,71119.86
2026-01-15,Plant A,Line 4,Product E,887,836,35,99,Material Shortage,Morning,3.2,67150.95
2026-01-15,Plant D,Line 1,Product E,931,784,33,105,Material Shortage,Night,7.5,75113.78
2026-01-15,Plant C,Line 2,Product D,1244,1150,43,63,Machine Failure,Night,1.4,66743.96
2026-01-15,Plant A,Line 3,Product C,813,732,21,28,Changeover,Morning,6.1,68588.17
2026-01-15,Plant A,Line 4,Product E,930,846,23,74,Changeover,Evening,7.3,75020.7
2026-01-15,Plant B,Line 1,Product E,985,870,39,12,Power Failure,Morning,4.0,72069.48
2026-01-15,Plant A,Line 1,Product E,1033,910,37,98,Machine Failure,Morning,5.1,76305.54
2026-01-16,Plant C,Line 4,Product D,1194,1120,35,44,Planned Maintenance,Night,2.0,65999.82
2026-01-16,Plant A,Line 1,Product B,1088,990,46,107,Machine Failure,Morning,5.8,70467.08
2026-01-16,Plant A,Line 4,Product B,970,868,46,164,Material Shortage,Evening,4.7,62768.42
2026-01-16,Plant A,Line 1,Product D,1343,1221,45,36,Machine Failure,Night,7.4,78188.7
2026-01-16,Plant B,Line 4,Product C,600,526,17,51,Quality Issue,Night,1.9,51079.08
2026-01-16,Plant A,Line 4,Product C,693,614,15,50,Material Shortage,Morning,1.9,57053.72
2026-01-16,Plant C,Line 2,Product C,682,631,10,54,Material Shortage,Evening,2.8,56205.69
2026-01-16,Plant A,Line 1,Product B,1117,991,39,72,Material Shortage,Evening,3.7,68140.34
2026-01-16,Plant A,Line 1,Product E,1035,910,28,74,Power Failure,Evening,2.6,73397.04
2026-01-16,Plant D,Line 1,Product D,1318,1158,53,31,Power Failure,Night,4.2,76058.38
2026-01-16,Plant C,Line 3,Product D,1267,1210,49,71,Changeover,Morning,2.0,68311.73
2026-01-16,Plant D,Line 4,Product D,1097,857,58,208,Quality Issue,Morning,1.9,62307.06
2026-01-16,Plant B,Line 3,Product D,1347,1152,69,122,Changeover,Morning,6.0,78642.36
2026-01-16,Plant B,Line 4,Product A,807,710,28,52,Machine Failure,Morning,1.9,59099.24
2026-01-17,Plant A,Line 2,Product C,767,755,20,45,Material Shortage,Morning,0.3,65270.61
2026-01-17,Plant D,Line 4,Product E,853,732,26,60,Machine Failure,Night,6.9,69443.73
2026-01-17,Plant B,Line 4,Product B,965,881,33,15,Planned Maintenance,Morning,4.5,66664.8
2026-01-17,Plant B,Line 3,Product D,1319,1170,55,66,Machine Failure,Morning,2.6,74081.56
2026-01-17,Plant D,Line 4,Product B,1044,845,48,91,Power Failure,Evening,3.2,65745.19
2026-01-17,Plant D,Line 3,Product B,1144,869,52,179,Planned Maintenance,Morning,5.5,71212.3
2026-01-17,Plant C,Line 1,Product A,918,882,30,72,Material Shortage,Night,1.9,66614.57
2026-01-17,Plant C,Line 3,Product B,1148,1079,33,46,Material Shortage,Evening,2.6,70474.29
2026-01-17,Plant C,Line 1,Product C,702,646,14,64,Machine Failure,Evening,1.2,58444.83
2026-01-18,Plant C,Line 3,Product A,949,942,22,32,Quality Issue,Morning,3.9,70506.42
2026-01-18,Plant B,Line 1,Product A,867,699,39,172,Power Failure,Morning,6.9,60879.83
2026-01-18,Plant B,Line 4,Product A,728,671,29,33,Planned Maintenance,Evening,4.0,59104.6
2026-01-18,Plant C,Line 1,Product A,832,858,18,51,Changeover,Morning,1.8,61347.08
2026-01-18,Plant C,Line 3,Product C,793,776,12,30,Machine Failure,Morning,0.0,65932.77
2026-01-18,Plant A,Line 3,Product B,1088,997,37,17,Power Failure,Night,7.2,72399.56
2026-01-18,Plant B,Line 2,Product E,862,793,40,82,Machine Failure,Night,3.5,68704.74
2026-01-18,Plant D,Line 2,Product C,782,676,24,94,Changeover,Morning,6.0,70210.09
2026-01-18,Plant A,Line 2,Product D,1282,1262,58,62,Power Failure,Night,4.1,77232.09
2026-01-18,Plant B,Line 4,Product C,758,766,23,52,Power Failure,Evening,0.6,73155.89
2026-01-19,Plant C,Line 2,Product B,1001,955,25,74,Machine Failure,Morning,2.8,61117.32
2026-01-19,Plant C,Line 4,Product D,1113,1064,36,76,Quality Issue,Evening,4.3,62303.94
2026-01-19,Plant C,Line 3,Product A,1021,927,22,46,Machine Failure,Evening,7.5,70206.6
2026-01-19,Plant A,Line 2,Product A,886,866,20,56,Planned Maintenance,Morning,3.4,67179.57
2026-01-19,Plant D,Line 1,Product B,1061,930,33,20,Power Failure,Night,5.0,71284.6
2026-01-19,Plant A,Line 3,Product A,922,851,20,89,Power Failure,Evening,4.8,65573.37
2026-01-19,Plant C,Line 2,Product C,780,769,22,59,Quality Issue,Morning,2.2,65917.72
2026-01-19,Plant A,Line 4,Product E,906,867,29,59,Material Shortage,Evening,3.2,69761.4
2026-01-19,Plant C,Line 3,Product B,1173,1161,34,22,Power Failure,Morning,4.2,75340.7
2026-01-19,Plant B,Line 1,Product A,831,751,34,30,Machine Failure,Night,0.9,58689.45
2026-01-19,Plant A,Line 1,Product D,1215,1135,49,55,Planned Maintenance,Evening,2.8,68446.76
2026-01-20,Plant B,Line 1,Product B,1126,944,41,97,Planned Maintenance,Evening,3.6,69006.56
2026-01-20,Plant C,Line 2,Product B,1097,1113,20,23,Machine Failure,Evening,0.3,70967.43
2026-01-20,Plant B,Line 4,Product E,899,831,32,16,Machine Failure,Night,1.8,69759.26
2026-01-20,Plant A,Line 1,Product D,1265,1173,46,54,Machine Failure,Evening,0.0,68480.81
2026-01-20,Plant C,Line 4,Product E,1040,981,26,63,Machine Failure,Night,4.2,77141.94
2026-01-20,Plant C,Line 4,Product B,1063,1044,33,11,Quality Issue,Morning,2.5,64626.5
2026-01-20,Plant C,Line 2,Product B,1037,1007,34,24,Power Failure,Morning,4.0,70132.73
2026-01-20,Plant D,Line 1,Product B,1192,1027,52,93,Planned Maintenance,Night,8.0,81177.05
2026-01-21,Plant C,Line 1,Product A,907,867,20,20,Planned Maintenance,Evening,4.1,63982.98
2026-01-21,Plant C,Line 2,Product D,1213,1123,48,71,Machine Failure,Evening,3.7,69509.46
2026-01-21,Plant B,Line 1,Product E,903,817,35,65,Planned Maintenance,Night,4.1,69536.65
2026-01-21,Plant C,Line 3,Product E,1042,1020,29,54,Planned Maintenance,Evening,2.9,78764.94
2026-01-21,Plant A,Line 3,Product C,840,816,22,12,Machine Failure,Night,0.4,73162.55
2026-01-21,Plant B,Line 2,Product E,953,795,30,74,Quality Issue,Evening,6.3,69806.64
2026-01-21,Plant B,Line 3,Product D,1329,1172,71,62,Power Failure,Morning,4.3,77504.44
2026-01-21,Plant B,Line 1,Product B,1085,974,36,48,Quality Issue,Evening,7.4,75295.52
2026-01-21,Plant C,Line 4,Product B,965,882,19,32,Machine Failure,Morning,6.9,61395.35
2026-01-21,Plant A,Line 2,Product B,1024,966,38,62,Machine Failure,Evening,1.9,66444.57
2026-01-21,Plant C,Line 2,Product C,699,648,6,69,Machine Failure,Evening,3.9,60428.25
2026-01-21,Plant A,Line 3,Product C,806,780,10,28,Machine Failure,Morning,1.8,68727.26
2026-01-21,Plant B,Line 2,Product C,614,534,14,30,Changeover,Night,3.2,52562.78
2026-01-22,Plant D,Line 1,Product E,940,882,46,79,Planned Maintenance,Morning,5.1,78131.68
2026-01-22,Plant C,Line 4,Product D,1005,927,20,19,Material Shortage,Morning,2.4,55543.97
2026-01-22,Plant B,Line 1,Product C,680,546,25,128,Machine Failure,Night,5.6,59730.25
2026-01-22,Plant A,Line 1,Product D,1208,1181,41,46,Machine Failure,Evening,4.2,72113.39
2026-01-22,Plant B,Line 2,Product A,900,798,36,74,Power Failure,Morning,2.9,64175.92
2026-01-22,Plant A,Line 4,Product D,1165,1145,56,78,Planned Maintenance,Evening,3.1,71019.37
2026-01-22,Plant A,Line 1,Product D,1309,1209,55,64,Machine Failure,Night,2.9,74664.35
2026-01-22,Plant D,Line 3,Product D,1268,1070,58,191,Power Failure,Evening,7.2,80526.91
2026-01-22,Plant B,Line 2,Product A,911,819,41,105,Machine Failure,Night,3.3,68164.44
2026-01-22,Plant B,Line 3,Product A,914,799,30,32,Changeover,Evening,6.3,66934.9
2026-01-22,Plant A,Line 4,Product C,651,550,13,67,Planned Maintenance,Night,5.9,52938.02
2026-01-22,Plant B,Line 2,Product A,898,728,37,102,Machine Failure,Morning,5.2,61898.59
2026-01-22,Plant C,Line 1,Product D,1206,1157,29,20,Machine Failure,Morning,3.3,67238.19
2026-01-22,Plant B,Line 2,Product D,1174,1101,56,86,Machine Failure,Evening,2.8,72901.25
2026-01-23,Plant C,Line 2,Product A,910,910,18,15,Material Shortage,Evening,4.5,66979.05
2026-01-23,Plant A,Line 4,Product B,959,909,31,67,Machine Failure,Night,3.6,67831.66
2026-01-23,Plant D,Line 1,Product C,744,600,27,167,Material Shortage,Evening,6.2,66493.39
2026-01-23,Plant A,Line 1,Product E,986,880,34,69,Machine Failure,Morning,3.9,72018.72
2026-01-23,Plant B,Line 1,Product C,780,648,23,107,Machine Failure,Evening,7.2,65207.5
2026-01-23,Plant D,Line 1,Product A,882,720,36,65,Material Shortage,Morning,2.5,61528.64
2026-01-23,Plant A,Line 1,Product D,1286,1263,37,14,Material Shortage,Evening,3.9,77826.69
2026-01-23,Plant D,Line 4,Product C,629,510,19,71,Machine Failure,Morning,4.9,53385.29
2026-01-23,Plant C,Line 2,Product D,1152,1151,32,16,Power Failure,Night,5.9,70661.26
2026-01-23,Plant A,Line 3,Product D,1308,1240,48,51,Material Shortage,Evening,1.8,72883.68
2026-01-24,Plant A,Line 1,Product D,1236,1076,43,42,Planned Maintenance,Night,4.6,67872.28
2026-01-24,Plant A,Line 1,Product A,944,874,23,47,Planned Maintenance,Morning,4.6,68134.71
2026-01-24,Plant C,Line 3,Product E,1066,962,33,28,Power Failure,Night,3.7,74665.91
2026-01-24,Plant B,Line 1,Product D,1259,1171,52,10,Machine Failure,Evening,1.8,73131.1
2026-01-25,Plant A,Line 4,Product D,1070,1038,28,24,Machine Failure,Evening,3.2,62554.57
2026-01-25,Plant B,Line 1,Product E,1023,957,43,72,Planned Maintenance,Morning,2.8,81201.26
2026-01-25,Plant A,Line 1,Product B,1185,1138,45,54,Power Failure,Night,1.6,74916.76
2026-01-25,Plant A,Line 4,Product C,612,531,15,87,Quality Issue,Morning,5.3,53709.87
2026-01-25,Plant D,Line 3,Product A,884,714,33,117,Material Shortage,Morning,3.1,61882.39
2026-01-25,Plant A,Line 1,Product D,1321,1255,41,10,Planned Maintenance,Morning,0.7,72932.95
2026-01-25,Plant C,Line 2,Product A,860,797,16,59,Power Failure,Morning,1.4,57062.1
2026-01-25,Plant D,Line 2,Product E,935,767,35,65,Changeover,Evening,7.5,71289.12
2026-01-25,Plant D,Line 1,Product A,910,798,37,26,Changeover,Night,4.7,65553.1
2026-01-25,Plant B,Line 3,Product B,1187,1017,55,123,Material Shortage,Night,2.9,73959.12
2026-01-25,Plant B,Line 4,Product C,682,534,19,63,Changeover,Evening,5.2,56098.28
2026-01-25,Plant A,Line 4,Product A,889,911,20,42,Planned Maintenance,Evening,0.0,66889.5
2026-01-25,Plant B,Line 4,Product A,778,726,34,160,Planned Maintenance,Night,1.2,60762.54
2026-01-25,Plant A,Line 1,Product E,987,886,36,124,Power Failure,Morning,6.2,75571.95
2026-01-26,Plant C,Line 2,Product C,582,540,14,45,Planned Maintenance,Evening,0.6,46021.2
2026-01-26,Plant B,Line 1,Product D,1248,1083,50,47,Planned Maintenance,Evening,4.4,70649.44
2026-01-26,Plant C,Line 3,Product D,1234,1174,45,31,Power Failure,Morning,4.3,73246.37
2026-01-26,Plant A,Line 2,Product A,854,779,27,82,Planned Maintenance,Night,3.8,62180.37
2026-01-26,Plant A,Line 1,Product D,1259,1217,43,5,Material Shortage,Morning,1.4,74240.48
2026-01-26,Plant D,Line 2,Product D,1120,953,55,104,Material Shortage,Morning,2.1,62375.54
2026-01-26,Plant D,Line 2,Product D,1225,1002,53,75,Changeover,Morning,7.7,71959.87
2026-01-26,Plant C,Line 1,Product A,875,802,28,69,Material Shortage,Morning,5.2,59048.82
2026-01-26,Plant A,Line 4,Product D,1111,994,54,63,Power Failure,Night,1.3,60135.09
2026-01-27,Plant B,Line 2,Product E,966,858,37,54,Machine Failure,Morning,3.8,74838.44
2026-01-27,Plant B,Line 1,Product B,1162,972,47,134,Material Shortage,Evening,5.6,72014.81
2026-01-27,Plant B,Line 1,Product B,1063,913,37,133,Material Shortage,Evening,7.4,73697.09
2026-01-27,Plant D,Line 1,Product B,1122,942,47,64,Quality Issue,Night,4.0,69331.59
2026-01-27,Plant D,Line 3,Product C,756,589,30,92,Material Shortage,Night,7.2,66419.86
2026-01-27,Plant D,Line 2,Product C,652,546,28,68,Machine Failure,Evening,2.7,55205.68
2026-01-27,Plant D,Line 2,Product D,1099,934,47,44,Changeover,Night,3.0,64791.97
2026-01-27,Plant A,Line 1,Product B,1107,938,36,60,Planned Maintenance,Night,7.2,66779.96
2026-01-27,Plant A,Line 1,Product C,705,698,14,46,Machine Failure,Evening,0.8,62416.11
2026-01-28,Plant C,Line 4,Product C,655,680,13,36,Machine Failure,Evening,0.9,59050.81
2026-01-28,Plant D,Line 4,Product B,1008,845,44,93,Machine Failure,Morning,5.0,67394.18
2026-01-28,Plant D,Line 3,Product D,1294,1081,63,59,Machine Failure,Night,6.0,72486.16
2026-01-28,Plant B,Line 1,Product D,1211,984,52,130,Machine Failure,Evening,3.6,66878.27
2026-01-28,Plant D,Line 1,Product C,755,625,19,56,Material Shortage,Evening,2.6,63835.95
2026-01-28,Plant B,Line 4,Product B,924,796,33,64,Planned Maintenance,Evening,2.4,58464.02
2026-01-28,Plant C,Line 2,Product D,1244,1208,66,77,Material Shortage,Morning,0.0,68734.5
2026-01-28,Plant C,Line 4,Product C,714,689,22,65,Machine Failure,Evening,1.5,58217.71
2026-01-28,Plant C,Line 2,Product E,1067,1022,33,51,Material Shortage,Evening,4.8,80713.85
2026-01-28,Plant D,Line 2,Product C,724,604,23,68,Changeover,Evening,7.8,67176.47
2026-01-29,Plant D,Line 4,Product B,1034,912,40,63,Machine Failure,Evening,2.9,67598.07
2026-01-29,Plant C,Line 4,Product E,850,794,16,22,Power Failure,Evening,4.0,59572.14
2026-01-29,Plant B,Line 3,Product B,1153,969,56,148,Planned Maintenance,Morning,8.1,79028.13
2026-01-29,Plant B,Line 3,Product E,982,885,29,37,Quality Issue,Evening,4.1,77498.55
2026-01-30,Plant B,Line 2,Product B,986,916,30,28,Planned Maintenance,Morning,4.3,66924.41
2026-01-30,Plant B,Line 3,Product E,1069,969,54,91,Material Shortage,Night,1.7,82502.64
2026-01-30,Plant D,Line 1,Product B,1083,890,43,70,Machine Failure,Night,6.5,72432.21
2026-01-30,Plant B,Line 3,Product C,838,776,23,81,Power Failure,Morning,0.0,74393.31
2026-01-30,Plant A,Line 3,Product A,1056,992,40,55,Quality Issue,Night,2.7,75902.94
2026-01-30,Plant B,Line 2,Product D,1120,1030,48,58,Machine Failure,Night,8.0,67792.91
2026-01-30,Plant D,Line 3,Product B,1075,911,35,67,Material Shortage,Evening,5.3,70098.05
2026-01-30,Plant A,Line 1,Product B,1132,1095,34,25,Planned Maintenance,Night,3.7,76102.02
2026-01-31,Plant C,Line 4,Product E,819,690,22,129,Power Failure,Morning,5.2,57608.54
2026-01-31,Plant C,Line 1,Product B,1101,995,30,54,Power Failure,Morning,3.7,66442.59
2026-01-31,Plant B,Line 2,Product C,626,538,20,91,Machine Failure,Morning,2.6,54239.09
2026-01-31,Plant C,Line 3,Product B,1105,1093,34,22,Changeover,Night,3.8,73039.11
2026-01-31,Plant A,Line 2,Product D,1131,1053,28,29,Machine Failure,Morning,4.4,64269.79
2026-01-31,Plant D,Line 2,Product B,1160,965,38,79,Machine Failure,Evening,6.5,76908.47
2026-01-31,Plant D,Line 1,Product E,986,896,39,96,Power Failure,Night,4.3,79122.71
2026-02-01,Plant B,Line 2,Product C,738,645,23,68,Changeover,Evening,2.5,66073.91
2026-02-01,Plant B,Line 4,Product D,1098,935,53,134,Planned Maintenance,Morning,2.8,64750.78
2026-02-01,Plant A,Line 2,Product E,909,776,22,56,Machine Failure,Morning,2.6,63368.34
2026-02-01,Plant B,Line 2,Product A,877,736,34,86,Material Shortage,Evening,7.9,67085.69
2026-02-01,Plant A,Line 4,Product E,874,827,23,14,Power Failure,Morning,5.4,66683.32
2026-02-01,Plant D,Line 1,Product E,1012,807,31,98,Power Failure,Night,2.2,71330.09
2026-02-01,Plant B,Line 1,Product B,1104,989,41,67,Machine Failure,Morning,4.0,71915.76
2026-02-01,Plant C,Line 4,Product D,1051,1033,37,42,Machine Failure,Evening,3.5,62221.63
2026-02-01,Plant C,Line 4,Product A,869,837,16,38,Machine Failure,Morning,5.3,65312.27
2026-02-02,Plant B,Line 3,Product D,1314,1144,60,67,Planned Maintenance,Evening,4.6,75906.81
2026-02-02,Plant C,Line 4,Product B,927,917,34,14,Machine Failure,Morning,1.4,59878.07
2026-02-02,Plant A,Line 2,Product B,1035,952,35,44,Material Shortage,Night,6.1,69999.09
2026-02-02,Plant D,Line 4,Product A,858,715,31,135,Quality Issue,Night,7.0,65349.38
2026-02-02,Plant A,Line 4,Product A,735,652,24,86,Machine Failure,Evening,3.6,51838.66
2026-02-02,Plant D,Line 1,Product D,1292,1127,57,35,Planned Maintenance,Evening,6.4,79693.08
2026-02-03,Plant A,Line 3,Product B,1220,1137,35,33,Material Shortage,Evening,0.0,76055.52
2026-02-03,Plant B,Line 1,Product C,779,619,23,88,Material Shortage,Evening,6.6,64411.36
2026-02-03,Plant C,Line 2,Product A,912,858,18,43,Machine Failure,Evening,2.1,60657.53
2026-02-03,Plant A,Line 3,Product A,966,883,25,41,Changeover,Evening,5.4,67687.47
2026-02-03,Plant B,Line 2,Product B,993,835,39,111,Planned Maintenance,Morning,5.1,65350.16
2026-02-03,Plant B,Line 1,Product B,1159,1030,46,96,Planned Maintenance,Morning,5.3,77201.71
2026-02-03,Plant A,Line 3,Product D,1350,1361,53,25,Quality Issue,Evening,4.2,79887.76
2026-02-03,Plant B,Line 3,Product C,828,751,19,44,Machine Failure,Night,4.7,73942.09
2026-02-03,Plant A,Line 4,Product A,828,750,17,43,Machine Failure,Evening,5.8,60963.75
2026-02-03,Plant B,Line 1,Product A,935,815,32,80,Planned Maintenance,Morning,5.5,65445.43
2026-02-04,Plant B,Line 3,Product D,1209,1087,53,93,Material Shortage,Morning,3.1,71022.1
2026-02-04,Plant B,Line 4,Product E,908,844,40,49,Planned Maintenance,Evening,2.8,68254.98
2026-02-04,Plant A,Line 1,Product A,926,846,22,61,Machine Failure,Evening,7.9,69883.71
2026-02-04,Plant B,Line 4,Product A,752,638,25,88,Machine Failure,Evening,5.4,55151.46
2026-02-04,Plant D,Line 2,Product D,1234,1095,57,23,Machine Failure,Morning,6.0,72980.31
2026-02-04,Plant A,Line 3,Product C,930,833,19,68,Planned Maintenance,Evening,3.6,78752.18
2026-02-04,Plant B,Line 1,Product D,1285,1129,64,73,Changeover,Morning,4.7,75903.68
2026-02-04,Plant C,Line 2,Product B,1081,1035,27,54,Quality Issue,Morning,3.6,69559.11
2026-02-04,Plant B,Line 4,Product D,1136,1043,41,43,Power Failure,Morning,2.2,63132.4
2026-02-05,Plant B,Line 1,Product A,858,764,28,51,Machine Failure,Morning,8.8,66138.43
2026-02-05,Plant B,Line 4,Product E,890,804,28,30,Material Shortage,Morning,7.4,70211.93
2026-02-05,Plant A,Line 1,Product B,1049,956,25,54,Machine Failure,Morning,4.2,68170.08
2026-02-05,Plant D,Line 1,Product A,850,728,30,73,Changeover,Evening,2.2,59846.5
2026-02-05,Plant A,Line 3,Product A,954,880,20,33,Machine Failure,Morning,5.6,68406.08
2026-02-05,Plant D,Line 4,Product D,1197,981,77,184,Machine Failure,Night,3.5,68544.51
2026-02-05,Plant A,Line 1,Product A,870,847,23,47,Planned Maintenance,Morning,1.8,63192.74
2026-02-05,Plant D,Line 2,Product E,893,813,34,6,Machine Failure,Morning,2.6,70395.98
2026-02-05,Plant A,Line 3,Product E,1023,971,38,42,Planned Maintenance,Night,4.7,76918.2
2026-02-05,Plant C,Line 1,Product A,824,795,20,21,Planned Maintenance,Evening,2.9,58166.28
2026-02-05,Plant B,Line 4,Product C,596,488,13,54,Material Shortage,Morning,4.6,51454.29
2026-02-05,Plant A,Line 2,Product C,646,616,25,77,Quality Issue,Night,4.8,58237.36
2026-02-05,Plant A,Line 3,Product C,820,736,33,156,Material Shortage,Evening,7.3,75588.57
2026-02-05,Plant C,Line 3,Product C,758,748,7,17,Power Failure,Evening,2.7,65942.12
2026-02-05,Plant A,Line 1,Product D,1310,1265,43,55,Machine Failure,Morning,2.0,76731.24
2026-02-05,Plant D,Line 2,Product C,701,658,25,65,Machine Failure,Evening,2.3,67981.4
2026-02-05,Plant C,Line 2,Product A,879,868,21,6,Material Shortage,Evening,2.3,61635.36
2026-02-05,Plant B,Line 3,Product B,1230,1096,49,81,Material Shortage,Evening,3.3,80702.33
2026-02-06,Plant A,Line 4,Product A,803,735,24,75,Machine Failure,Morning,5.1,60609.51
2026-02-06,Plant B,Line 4,Product C,691,687,15,29,Planned Maintenance,Evening,4.6,70109.05
2026-02-06,Plant B,Line 2,Product E,987,813,37,48,Power Failure,Evening,5.1,72773.72
2026-02-06,Plant D,Line 2,Product B,1043,919,44,51,Planned Maintenance,Morning,4.2,69520.33
2026-02-06,Plant D,Line 1,Product D,1243,1042,52,118,Changeover,Morning,8.1,77070.03
2026-02-06,Plant A,Line 4,Product B,985,862,33,39,Machine Failure,Night,6.0,60537.54
2026-02-07,Plant A,Line 4,Product A,832,769,18,14,Planned Maintenance,Morning,1.7,55676.41
2026-02-07,Plant A,Line 3,Product E,995,937,23,39,Machine Failure,Morning,2.1,75088.62
2026-02-07,Plant D,Line 3,Product D,1312,1165,55,30,Quality Issue,Morning,6.3,79796.94
2026-02-07,Plant C,Line 3,Product E,938,905,29,38,Machine Failure,Evening,0.2,66620.17
2026-02-07,Plant A,Line 2,Product C,703,640,17,53,Changeover,Morning,6.2,61990.24
2026-02-07,Plant A,Line 4,Product C,752,669,14,84,Changeover,Morning,6.7,66000.19
2026-02-07,Plant A,Line 1,Product E,926,798,29,31,Material Shortage,Evening,3.4,63723.28
2026-02-08,Plant B,Line 4,Product E,928,788,28,49,Machine Failure,Morning,7.0,70389.6
2026-02-08,Plant A,Line 3,Product D,1253,1047,56,193,Power Failure,Evening,5.3,69272.15
2026-02-08,Plant B,Line 3,Product D,1351,1173,51,70,Material Shortage,Evening,2.7,76051.71
2026-02-08,Plant A,Line 3,Product D,1335,1301,49,31,Changeover,Morning,2.8,78618.09
2026-02-08,Plant A,Line 3,Product D,1256,1143,45,34,Machine Failure,Morning,4.3,70915.21
2026-02-08,Plant C,Line 1,Product E,929,846,26,104,Planned Maintenance,Evening,6.4,68898.03
2026-02-08,Plant C,Line 4,Product D,1028,961,23,15,Machine Failure,Evening,2.7,58336.08
2026-02-09,Plant B,Line 2,Product C,714,605,26,107,Power Failure,Morning,5.0,63850.06
2026-02-09,Plant B,Line 3,Product E,928,779,44,138,Changeover,Evening,5.2,69648.51
2026-02-09,Plant B,Line 3,Product D,1373,1220,53,163,Power Failure,Evening,2.3,77779.52
2026-02-09,Plant D,Line 3,Product C,798,708,27,75,Quality Issue,Morning,5.7,76704.49
2026-02-09,Plant C,Line 4,Product E,993,885,44,150,Planned Maintenance,Morning,6.3,70880.03
2026-02-09,Plant C,Line 3,Product E,1134,1119,49,70,Machine Failure,Evening,4.1,84995.46
2026-02-09,Plant B,Line 2,Product D,1087,956,45,16,Material Shortage,Night,6.5,65539.31
2026-02-09,Plant A,Line 4,Product B,907,905,32,37,Machine Failure,Evening,3.6,62552.77
2026-02-09,Plant C,Line 2,Product B,1028,937,29,85,Quality Issue,Evening,2.6,61668.22
2026-02-09,Plant A,Line 4,Product A,940,885,27,86,Changeover,Evening,2.0,67095.57
2026-02-09,Plant A,Line 2,Product A,968,910,17,18,Quality Issue,Night,5.2,71665.12
2026-02-09,Plant B,Line 4,Product A,777,633,28,105,Changeover,Night,6.6,58390.47
2026-02-10,Plant A,Line 4,Product C,619,556,19,132,Planned Maintenance,Evening,4.6,56302.74
2026-02-10,Plant D,Line 2,Product C,747,631,23,105,Planned Maintenance,Night,3.3,66181.73
2026-02-10,Plant B,Line 3,Product C,749,698,18,20,Quality Issue,Night,0.0,65815.83
2026-02-10,Plant A,Line 2,Product A,822,719,22,55,Material Shortage,Evening,3.0,55801.55
2026-02-10,Plant C,Line 2,Product D,1258,1189,61,127,Changeover,Morning,3.1,70662.94
2026-02-10,Plant A,Line 2,Product A,958,875,27,65,Machine Failure,Night,2.7,66404.79
2026-02-10,Plant B,Line 4,Product C,670,576,21,76,Quality Issue,Evening,6.6,60499.75
2026-02-10,Plant C,Line 2,Product E,1092,1014,33,22,Planned Maintenance,Morning,3.5,78173.23
2026-02-10,Plant B,Line 2,Product B,1125,958,48,97,Changeover,Evening,7.3,75402.45
2026-02-11,Plant B,Line 3,Product C,747,638,18,89,Machine Failure,Morning,2.8,64644.39
2026-02-11,Plant A,Line 2,Product A,810,713,27,90,Machine Failure,Evening,8.6,59111.04
2026-02-11,Plant A,Line 4,Product A,796,768,12,38,Machine Failure,Morning,1.6,58538.19
2026-02-11,Plant A,Line 1,Product A,823,809,24,16,Planned Maintenance,Night,0.3,59633.05
2026-02-11,Plant A,Line 4,Product C,667,598,17,38,Quality Issue,Morning,2.6,52528.62
2026-02-11,Plant D,Line 1,Product A,855,679,40,169,Quality Issue,Evening,7.4,65290.46
2026-02-11,Plant B,Line 4,Product C,668,637,19,41,Planned Maintenance,Morning,4.7,61798.48
2026-02-11,Plant B,Line 1,Product E,987,861,40,28,Machine Failure,Evening,3.8,71433.97
2026-02-11,Plant D,Line 2,Product B,1054,933,33,19,Planned Maintenance,Night,5.9,74912.66
2026-02-11,Plant D,Line 4,Product B,943,851,30,23,Machine Failure,Evening,6.7,66897.54
2026-02-11,Plant B,Line 4,Product B,946,811,25,15,Power Failure,Night,6.6,59374.88
2026-02-12,Plant B,Line 2,Product E,923,750,40,146,Machine Failure,Morning,7.0,68550.44
2026-02-12,Plant C,Line 2,Product A,839,814,22,12,Material Shortage,Evening,4.3,62347.5
2026-02-12,Plant A,Line 3,Product B,1153,1105,31,53,Planned Maintenance,Morning,2.3,78729.87
2026-02-12,Plant B,Line 2,Product B,1040,918,30,41,Planned Maintenance,Night,3.8,65772.09
2026-02-12,Plant C,Line 3,Product C,862,782,29,57,Machine Failure,Morning,2.9,70637.79
2026-02-12,Plant C,Line 3,Product E,1060,991,31,73,Material Shortage,Morning,2.6,76207.24
2026-02-12,Plant C,Line 2,Product B,1026,960,32,53,Machine Failure,Morning,1.3,62113.24
2026-02-12,Plant A,Line 3,Product C,764,747,9,40,Quality Issue,Evening,4.8,69641.58
2026-02-13,Plant A,Line 3,Product D,1355,1264,29,27,Material Shortage,Evening,1.1,73034.92
2026-02-13,Plant C,Line 3,Product D,1222,1184,29,37,Changeover,Morning,4.1,71879.54
2026-02-13,Plant D,Line 2,Product E,997,863,48,59,Quality Issue,Evening,3.2,76517.03
2026-02-13,Plant A,Line 4,Product A,763,638,16,123,Changeover,Morning,7.1,54408.14
2026-02-13,Plant C,Line 4,Product D,1110,1045,43,53,Changeover,Morning,1.1,60402.99
2026-02-14,Plant C,Line 3,Product B,1142,1104,38,78,Power Failure,Evening,0.5,68450.08
2026-02-14,Plant C,Line 3,Product C,687,615,14,43,Changeover,Evening,6.4,59143.74
2026-02-14,Plant D,Line 1,Product C,896,787,27,85,Machine Failure,Morning,6.2,83130.34
2026-02-14,Plant A,Line 2,Product A,926,857,30,60,Machine Failure,Evening,0.5,66139.02
2026-02-14,Plant A,Line 1,Product A,875,828,24,39,Machine Failure,Evening,3.8,61419.0
2026-02-14,Plant C,Line 3,Product A,887,805,19,36,Changeover,Morning,7.1,64735.51
2026-02-15,Plant C,Line 3,Product D,1221,1104,49,112,Power Failure,Evening,2.3,65932.25
2026-02-15,Plant C,Line 3,Product B,1154,1090,22,34,Quality Issue,Morning,4.0,70467.45
2026-02-15,Plant B,Line 4,Product A,837,676,31,204,Power Failure,Morning,3.2,55628.68
2026-02-15,Plant B,Line 1,Product A,966,884,45,60,Planned Maintenance,Morning,6.1,71481.13
2026-02-15,Plant A,Line 2,Product B,1158,1081,39,23,Planned Maintenance,Morning,0.9,69498.18
2026-02-16,Plant A,Line 2,Product D,1189,1080,37,68,Power Failure,Evening,3.6,68312.54
2026-02-16,Plant B,Line 3,Product C,907,743,17,94,Planned Maintenance,Morning,2.8,73737.79
2026-02-16,Plant B,Line 3,Product A,894,811,26,58,Planned Maintenance,Morning,7.3,72252.88
2026-02-16,Plant C,Line 4,Product E,938,945,26,29,Machine Failure,Morning,0.4,69585.87
2026-02-16,Plant B,Line 1,Product D,1316,1137,70,88,Machine Failure,Morning,3.1,74491.14
2026-02-16,Plant A,Line 2,Product B,969,961,28,26,Machine Failure,Night,4.7,67840.66
2026-02-16,Plant D,Line 1,Product D,1275,1089,56,76,Changeover,Morning,4.8,75470.35
2026-02-16,Plant B,Line 2,Product E,911,850,29,46,Planned Maintenance,Morning,1.8,68901.5
2026-02-16,Plant D,Line 1,Product E,900,764,40,83,Machine Failure,Night,6.6,71364.17
2026-02-17,Plant A,Line 4,Product D,1177,1059,33,37,Changeover,Evening,4.7,64671.19
2026-02-17,Plant D,Line 1,Product C,777,644,28,62,Material Shortage,Evening,1.6,65720.03
2026-02-17,Plant C,Line 3,Product D,1275,1242,40,27,Planned Maintenance,Night,1.4,69916.86
2026-02-17,Plant D,Line 3,Product E,1111,986,42,45,Material Shortage,Morning,6.2,88683.12
2026-02-17,Plant D,Line 1,Product C,697,643,17,47,Planned Maintenance,Night,3.5,66696.5
2026-02-18,Plant D,Line 2,Product D,1147,973,63,78,Changeover,Night,8.2,70784.72
2026-02-18,Plant C,Line 4,Product E,983,878,22,53,Changeover,Night,7.3,73240.51
2026-02-18,Plant A,Line 1,Product B,1101,975,35,90,Material Shortage,Morning,5.6,70325.39
2026-02-18,Plant C,Line 1,Product A,916,826,15,31,Power Failure,Night,3.3,59568.33
2026-02-18,Plant B,Line 1,Product D,1312,1202,58,68,Quality Issue,Morning,8.0,82620.86
2026-02-18,Plant A,Line 4,Product D,1152,1093,39,65,Changeover,Evening,2.9,67800.38
2026-02-18,Plant B,Line 2,Product A,925,879,30,17,Material Shortage,Morning,3.6,69706.8
2026-02-18,Plant C,Line 4,Product C,742,712,17,91,Quality Issue,Morning,4.2,65817.42
2026-02-18,Plant D,Line 1,Product A,823,704,26,58,Machine Failure,Morning,4.3,59675.18
2026-02-18,Plant A,Line 1,Product A,906,830,25,88,Machine Failure,Morning,6.1,68198.19
2026-02-18,Plant C,Line 3,Product E,1033,1016,10,6,Planned Maintenance,Morning,2.9,74431.11
2026-02-18,Plant B,Line 3,Product A,870,789,30,66,Material Shortage,Night,2.4,60652.35
2026-02-18,Plant D,Line 2,Product D,1260,1081,72,165,Planned Maintenance,Evening,7.1,77749.29
2026-02-19,Plant B,Line 2,Product C,737,585,21,158,Machine Failure,Evening,3.8,61357.39
2026-02-19,Plant A,Line 3,Product B,1107,1029,42,47,Power Failure,Evening,3.4,70740.88
2026-02-19,Plant C,Line 2,Product B,1026,984,24,21,Power Failure,Evening,2.6,64312.76
2026-02-19,Plant C,Line 3,Product E,965,891,33,57,Planned Maintenance,Night,0.5,66406.02
2026-02-19,Plant A,Line 1,Product C,714,647,16,75,Planned Maintenance,Morning,8.1,66948.98
2026-02-19,Plant C,Line 1,Product B,988,975,33,29,Power Failure,Morning,3.9,64020.38
2026-02-19,Plant A,Line 4,Product C,744,676,29,96,Machine Failure,Morning,3.2,65197.72
2026-02-20,Plant D,Line 2,Product B,1068,929,48,90,Material Shortage,Morning,4.9,72570.06
2026-02-20,Plant D,Line 3,Product A,935,777,35,86,Changeover,Evening,7.0,68477.09
2026-02-20,Plant D,Line 4,Product E,960,861,38,58,Machine Failure,Evening,6.8,80610.46
2026-02-20,Plant A,Line 1,Product C,716,672,14,39,Changeover,Evening,5.6,64694.02
2026-02-20,Plant C,Line 2,Product B,1085,1072,37,20,Machine Failure,Morning,4.2,71993.31
2026-02-20,Plant B,Line 4,Product B,970,848,39,55,Planned Maintenance,Evening,2.0,61571.35
2026-02-20,Plant D,Line 1,Product E,1056,917,49,101,Quality Issue,Evening,6.0,83326.47
2026-02-20,Plant A,Line 3,Product A,941,834,23,53,Machine Failure,Morning,5.9,67029.8
2026-02-20,Plant C,Line 3,Product B,1121,1094,42,70,Machine Failure,Night,1.7,73411.93
2026-02-20,Plant A,Line 4,Product E,850,809,28,56,Material Shortage,Evening,0.0,64312.4
2026-02-21,Plant B,Line 1,Product E,1002,915,38,43,Material Shortage,Morning,7.8,78832.09
2026-02-21,Plant B,Line 1,Product B,1095,934,40,78,Machine Failure,Evening,5.7,70995.2
2026-02-21,Plant D,Line 4,Product A,863,722,34,58,Machine Failure,Morning,7.5,66761.41
2026-02-21,Plant A,Line 1,Product A,836,796,23,51,Material Shortage,Evening,4.6,64756.96
2026-02-21,Plant A,Line 1,Product C,712,671,11,51,Planned Maintenance,Night,2.8,62325.06
2026-02-22,Plant B,Line 4,Product E,983,824,27,68,Planned Maintenance,Evening,5.0,73622.49
2026-02-22,Plant A,Line 2,Product E,904,837,27,34,Quality Issue,Night,4.6,68235.9
2026-02-22,Plant D,Line 1,Product B,1142,1026,39,17,Machine Failure,Evening,7.6,81279.61
2026-02-22,Plant D,Line 1,Product E,1007,887,20,18,Power Failure,Evening,7.3,81826.5
2026-02-22,Plant A,Line 2,Product D,1166,1025,37,25,Quality Issue,Morning,2.4,62125.38
2026-02-22,Plant A,Line 1,Product E,1009,901,32,42,Quality Issue,Night,5.1,73425.48
2026-02-23,Plant B,Line 2,Product E,909,867,35,49,Machine Failure,Evening,1.6,72021.91
2026-02-23,Plant A,Line 3,Product B,1160,1070,40,103,Power Failure,Morning,0.5,71415.52
2026-02-23,Plant D,Line 4,Product C,650,471,17,84,Power Failure,Evening,5.9,52166.1
2026-02-23,Plant C,Line 3,Product A,921,898,24,23,Planned Maintenance,Evening,2.9,63912.24
2026-02-23,Plant A,Line 2,Product A,929,929,25,71,Material Shortage,Evening,0.0,68337.57
2026-02-23,Plant D,Line 4,Product E,895,698,33,173,Material Shortage,Morning,3.7,63655.39
2026-02-23,Plant A,Line 4,Product C,641,613,15,46,Machine Failure,Morning,0.0,55987.34
2026-02-23,Plant A,Line 2,Product B,989,947,34,88,Planned Maintenance,Evening,5.5,68814.87
2026-02-23,Plant D,Line 1,Product B,1225,1040,71,148,Changeover,Morning,7.1,86302.89
2026-02-23,Plant C,Line 3,Product A,971,849,30,75,Machine Failure,Morning,2.2,61704.9
2026-02-23,Plant C,Line 1,Product D,1268,1197,40,70,Planned Maintenance,Night,1.4,70253.43
2026-02-23,Plant A,Line 1,Product C,793,752,13,37,Machine Failure,Night,3.2,70092.94
2026-02-24,Plant B,Line 2,Product C,635,560,21,14,Material Shortage,Morning,2.8,53157.17
2026-02-24,Plant C,Line 2,Product B,1109,1043,35,89,Planned Maintenance,Evening,4.4,70099.95
2026-02-24,Plant B,Line 2,Product C,648,574,17,108,Power Failure,Evening,6.0,60740.69
2026-02-24,Plant A,Line 3,Product D,1321,1179,45,39,Power Failure,Evening,2.4,72724.99
2026-02-24,Plant A,Line 2,Product D,1224,1121,44,91,Planned Maintenance,Morning,4.3,71250.94
2026-02-24,Plant A,Line 2,Product C,762,732,17,38,Machine Failure,Morning,2.8,68513.94
2026-02-24,Plant C,Line 3,Product C,802,756,22,18,Planned Maintenance,Evening,4.1,68898.45
2026-02-24,Plant A,Line 2,Product C,731,686,15,12,Power Failure,Morning,4.2,63845.89
2026-02-24,Plant B,Line 4,Product C,646,597,13,44,Machine Failure,Night,3.6,61273.07
2026-02-24,Plant B,Line 1,Product A,932,845,29,62,Planned Maintenance,Morning,2.1,67580.28
2026-02-24,Plant A,Line 4,Product B,929,841,44,168,Planned Maintenance,Morning,4.1,58734.94
2026-02-24,Plant B,Line 3,Product A,906,824,31,15,Planned Maintenance,Night,3.8,66374.77
2026-02-24,Plant A,Line 3,Product B,1120,1050,24,11,Machine Failure,Morning,3.1,74316.59
2026-02-24,Plant B,Line 4,Product C,624,537,21,87,Planned Maintenance,Morning,3.7,54956.03
2026-02-24,Plant C,Line 2,Product A,818,799,16,26,Power Failure,Morning,1.7,56658.86
2026-02-25,Plant C,Line 4,Product A,765,716,23,72,Planned Maintenance,Night,2.1,55304.56
2026-02-25,Plant D,Line 1,Product C,771,633,22,61,Planned Maintenance,Morning,6.2,68040.41
2026-02-25,Plant B,Line 1,Product A,825,705,24,20,Quality Issue,Evening,7.5,59390.59
2026-02-25,Plant B,Line 4,Product C,627,567,19,44,Machine Failure,Evening,6.4,61654.46
2026-02-25,Plant D,Line 4,Product E,933,785,42,99,Quality Issue,Night,4.5,69213.86
2026-02-25,Plant A,Line 4,Product E,896,907,24,33,Changeover,Morning,1.4,65543.43
2026-02-25,Plant A,Line 1,Product D,1265,1147,38,46,Machine Failure,Night,5.4,73580.05
2026-02-25,Plant C,Line 1,Product C,693,625,9,12,Planned Maintenance,Morning,4.3,57507.02
2026-02-25,Plant C,Line 2,Product E,942,877,21,48,Planned Maintenance,Night,3.7,66226.24
2026-02-25,Plant A,Line 3,Product D,1242,1237,40,13,Material Shortage,Evening,4.8,77454.08
2026-02-26,Plant C,Line 3,Product C,837,808,17,85,Machine Failure,Evening,0.9,71172.0
2026-02-26,Plant A,Line 3,Product D,1282,1168,37,47,Machine Failure,Morning,7.2,75620.25
2026-02-26,Plant B,Line 3,Product D,1228,1059,51,127,Changeover,Evening,2.6,70377.34
2026-02-26,Plant D,Line 4,Product C,718,570,26,101,Quality Issue,Evening,2.8,60359.57
2026-02-26,Plant A,Line 4,Product A,741,665,14,12,Material Shortage,Morning,8.1,57247.68
2026-02-26,Plant B,Line 4,Product A,891,775,25,37,Planned Maintenance,Morning,1.8,62354.16
2026-02-26,Plant A,Line 4,Product A,760,660,17,60,Machine Failure,Morning,4.3,52944.16
2026-02-26,Plant C,Line 4,Product B,1088,1094,25,11,Changeover,Evening,6.1,72383.6
2026-02-26,Plant C,Line 1,Product B,1089,1075,24,22,Material Shortage,Evening,2.4,71754.1
2026-02-26,Plant B,Line 2,Product A,857,810,29,25,Changeover,Evening,3.6,65091.95
2026-02-26,Plant B,Line 4,Product E,992,911,37,49,Machine Failure,Morning,4.8,78503.86
2026-02-26,Plant B,Line 1,Product A,796,738,26,39,Planned Maintenance,Night,5.3,63587.23
2026-02-26,Plant B,Line 3,Product A,772,671,21,30,Quality Issue,Night,6.0,56344.79
2026-02-27,Plant C,Line 3,Product B,1236,1255,25,40,Material Shortage,Morning,5.1,83043.69
2026-02-27,Plant D,Line 2,Product B,1066,852,44,95,Planned Maintenance,Evening,5.1,65265.19
2026-02-27,Plant B,Line 1,Product D,1228,1094,55,34,Power Failure,Evening,5.8,74522.19
2026-02-27,Plant B,Line 1,Product E,1089,935,34,28,Power Failure,Evening,4.5,81620.21
2026-02-27,Plant B,Line 1,Product A,847,791,33,37,Material Shortage,Night,3.1,64203.09
2026-02-27,Plant D,Line 3,Product D,1376,1224,63,40,Planned Maintenance,Night,3.6,81228.64
2026-02-28,Plant C,Line 4,Product B,959,902,31,148,Changeover,Evening,0.5,58253.15
2026-02-28,Plant A,Line 4,Product C,690,626,7,23,Machine Failure,Morning,4.1,58282.05
2026-02-28,Plant D,Line 3,Product C,716,587,16,26,Planned Maintenance,Night,5.6,62090.66
2026-02-28,Plant B,Line 4,Product B,1042,942,45,72,Machine Failure,Morning,3.4,69777.76
2026-02-28,Plant C,Line 3,Product D,1259,1188,37,40,Changeover,Evening,3.7,70166.74
2026-02-28,Plant A,Line 1,Product A,842,804,33,94,Planned Maintenance,Evening,1.2,58636.57
2026-02-28,Plant A,Line 2,Product B,1104,982,43,52,Machine Failure,Evening,8.5,70079.42
2026-02-28,Plant C,Line 4,Product A,730,745,24,24,Planned Maintenance,Evening,1.2,50772.92
2026-02-28,Plant B,Line 3,Product C,878,762,32,79,Machine Failure,Morning,6.3,78300.07
2026-03-01,Plant B,Line 3,Product A,925,763,20,124,Machine Failure,Evening,7.0,64206.79
2026-03-01,Plant A,Line 4,Product C,782,687,4,26,Power Failure,Morning,7.5,66394.67
2026-03-01,Plant D,Line 3,Product B,1136,912,47,120,Machine Failure,Night,3.9,69653.8
2026-03-01,Plant B,Line 3,Product A,926,839,41,95,Planned Maintenance,Morning,1.4,65164.52
2026-03-01,Plant C,Line 2,Product E,1026,1024,32,45,Power Failure,Morning,4.6,77940.16
2026-03-01,Plant D,Line 4,Product C,634,559,20,69,Material Shortage,Morning,6.5,60957.59
2026-03-01,Plant D,Line 4,Product C,726,590,19,69,Machine Failure,Morning,8.0,65914.62
2026-03-01,Plant A,Line 4,Product D,1160,1076,42,62,Material Shortage,Evening,0.4,62644.75
2026-03-01,Plant B,Line 4,Product C,620,482,16,150,Changeover,Evening,4.8,52619.07
2026-03-01,Plant A,Line 2,Product E,926,895,34,43,Machine Failure,Morning,1.1,69290.43
2026-03-02,Plant A,Line 4,Product C,614,596,12,27,Material Shortage,Night,1.8,52673.35
2026-03-02,Plant D,Line 2,Product B,1013,855,34,54,Material Shortage,Morning,4.3,65409.62
2026-03-02,Plant C,Line 2,Product D,1118,1027,32,16,Changeover,Morning,6.7,61952.35
2026-03-02,Plant C,Line 1,Product E,910,876,21,16,Planned Maintenance,Morning,1.0,64909.71
2026-03-02,Plant B,Line 1,Product C,639,559,22,77,Material Shortage,Evening,2.0,57748.11
2026-03-02,Plant B,Line 1,Product A,839,717,21,21,Quality Issue,Evening,6.8,62250.0
2026-03-02,Plant D,Line 4,Product A,777,683,28,90,Power Failure,Night,3.1,58333.77
2026-03-02,Plant C,Line 4,Product E,912,830,21,24,Machine Failure,Morning,2.5,61570.53
2026-03-02,Plant D,Line 4,Product C,644,555,16,98,Quality Issue,Morning,6.2,59025.96
2026-03-02,Plant C,Line 2,Product B,1058,1073,27,21,Quality Issue,Evening,0.1,68724.3
2026-03-03,Plant A,Line 2,Product D,1085,993,50,41,Quality Issue,Night,3.0,59813.76
2026-03-03,Plant C,Line 4,Product A,842,754,15,44,Planned Maintenance,Night,6.4,57894.8
2026-03-03,Plant D,Line 3,Product A,876,750,24,26,Planned Maintenance,Morning,3.6,62094.18
2026-03-03,Plant B,Line 1,Product E,914,825,31,25,Power Failure,Night,2.1,69610.67
2026-03-03,Plant C,Line 3,Product B,1115,1127,36,30,Material Shortage,Morning,0.0,69634.13
2026-03-03,Plant B,Line 3,Product E,1014,929,39,79,Power Failure,Evening,2.1,76643.63
2026-03-03,Plant A,Line 1,Product B,1140,1095,43,6,Power Failure,Morning,2.6,71429.42
2026-03-03,Plant A,Line 2,Product A,905,774,32,165,Changeover,Morning,6.4,66306.57
2026-03-03,Plant B,Line 1,Product B,1100,990,40,61,Planned Maintenance,Evening,7.5,74895.19
2026-03-03,Plant A,Line 3,Product A,1003,990,28,11,Changeover,Night,3.2,74700.86
2026-03-03,Plant B,Line 4,Product E,911,798,23,37,Machine Failure,Morning,5.1,70272.41
2026-03-04,Plant C,Line 2,Product D,1238,1173,46,51,Planned Maintenance,Night,0.9,66739.41
2026-03-04,Plant C,Line 4,Product A,923,836,30,91,Machine Failure,Night,4.4,65016.3
2026-03-04,Plant C,Line 1,Product C,832,740,16,35,Machine Failure,Night,3.9,65360.69
2026-03-04,Plant D,Line 4,Product A,783,659,25,48,Machine Failure,Evening,6.6,59587.73
2026-03-04,Plant B,Line 4,Product A,819,661,30,108,Material Shortage,Evening,7.8,58489.41
2026-03-04,Plant C,Line 2,Product C,697,593,17,93,Material Shortage,Evening,4.7,56077.97
2026-03-04,Plant C,Line 4,Product B,1044,1010,21,15,Material Shortage,Evening,4.1,66681.13
2026-03-04,Plant C,Line 1,Product C,765,766,11,98,Machine Failure,Night,3.2,72033.22
2026-03-04,Plant D,Line 1,Product E,1122,892,40,208,Planned Maintenance,Evening,3.7,81977.33
2026-03-04,Plant A,Line 2,Product D,1196,1101,41,26,Power Failure,Evening,0.0,63399.77
2026-03-05,Plant C,Line 4,Product A,786,801,17,19,Quality Issue,Morning,0.8,57784.11
2026-03-05,Plant C,Line 4,Product C,609,586,8,31,Machine Failure,Night,0.2,50420.92
2026-03-05,Plant B,Line 4,Product B,1068,936,47,139,Changeover,Evening,3.0,67519.53
2026-03-05,Plant A,Line 2,Product C,707,648,18,11,Quality Issue,Evening,3.3,57345.93
2026-03-05,Plant B,Line 1,Product B,1032,921,48,137,Power Failure,Evening,4.8,69873.49
2026-03-05,Plant B,Line 1,Product B,1156,1026,50,69,Planned Maintenance,Morning,2.4,74833.78
2026-03-05,Plant C,Line 3,Product B,1140,1071,52,120,Planned Maintenance,Night,4.2,73406.84
2026-03-05,Plant B,Line 1,Product A,937,859,29,34,Changeover,Evening,7.1,68074.98
2026-03-05,Plant A,Line 4,Product E,922,844,25,32,Planned Maintenance,Evening,6.2,70404.81
2026-03-05,Plant C,Line 4,Product C,637,637,11,64,Quality Issue,Morning,3.4,58935.5
2026-03-05,Plant D,Line 1,Product C,751,647,30,66,Quality Issue,Morning,7.5,72345.82
2026-03-05,Plant C,Line 2,Product E,955,935,24,26,Changeover,Evening,2.8,70618.6
2026-03-06,Plant C,Line 4,Product B,929,904,29,56,Machine Failure,Evening,1.2,57793.61
2026-03-06,Plant C,Line 1,Product D,1255,1227,34,51,Material Shortage,Evening,3.5,74211.44
2026-03-06,Plant A,Line 4,Product A,833,747,27,16,Changeover,Morning,2.1,54841.51
2026-03-06,Plant B,Line 2,Product C,718,612,25,50,Changeover,Morning,7.0,65188.01
2026-03-07,Plant B,Line 2,Product E,1023,899,35,18,Planned Maintenance,Evening,5.7,75774.44
2026-03-07,Plant A,Line 4,Product E,860,787,31,78,Material Shortage,Evening,3.8,64050.04
2026-03-07,Plant C,Line 2,Product E,930,877,28,29,Machine Failure,Evening,3.1,66707.99
2026-03-07,Plant D,Line 4,Product D,1078,947,43,80,Quality Issue,Morning,3.8,66825.3
2026-03-07,Plant B,Line 4,Product E,954,830,35,98,Machine Failure,Morning,7.5,76692.79
2026-03-07,Plant C,Line 4,Product D,1154,1106,37,41,Machine Failure,Night,3.7,63692.9
2026-03-07,Plant B,Line 3,Product B,1192,1010,41,125,Material Shortage,Morning,2.5,74791.54
2026-03-08,Plant A,Line 2,Product B,973,963,34,19,Planned Maintenance,Morning,3.7,67932.46
2026-03-08,Plant D,Line 4,Product A,817,750,33,42,Machine Failure,Night,6.7,66380.94
2026-03-08,Plant C,Line 2,Product B,1098,1033,29,51,Machine Failure,Morning,0.0,63047.64
2026-03-08,Plant A,Line 1,Product A,954,910,23,37,Planned Maintenance,Morning,3.6,67738.91
2026-03-08,Plant A,Line 4,Product A,737,637,16,25,Changeover,Evening,2.5,50443.73
2026-03-08,Plant B,Line 4,Product E,863,734,32,70,Power Failure,Morning,2.5,63372.91
2026-03-08,Plant D,Line 4,Product B,955,785,44,124,Machine Failure,Night,3.2,59388.5
2026-03-08,Plant A,Line 1,Product A,902,837,27,16,Planned Maintenance,Night,4.6,62043.25
2026-03-08,Plant C,Line 1,Product D,1241,1266,39,21,Machine Failure,Morning,2.0,71731.32
2026-03-08,Plant C,Line 4,Product D,1155,1081,37,62,Machine Failure,Night,4.5,62579.04
2026-03-09,Plant A,Line 1,Product A,898,759,22,132,Machine Failure,Evening,7.5,63494.96
2026-03-09,Plant B,Line 3,Product D,1347,1175,65,143,Machine Failure,Morning,8.2,84160.89
2026-03-09,Plant C,Line 4,Product C,687,667,14,29,Machine Failure,Morning,3.3,57444.73
2026-03-09,Plant C,Line 4,Product A,720,655,15,32,Material Shortage,Night,4.8,53847.04
2026-03-09,Plant D,Line 3,Product D,1245,1077,55,77,Changeover,Night,3.8,73284.85
2026-03-10,Plant D,Line 3,Product A,976,843,41,72,Power Failure,Night,7.5,75935.23
2026-03-10,Plant C,Line 3,Product D,1286,1250,40,23,Quality Issue,Morning,4.3,73660.89
2026-03-10,Plant B,Line 4,Product A,744,688,20,52,Machine Failure,Evening,2.4,55384.64
2026-03-10,Plant C,Line 1,Product E,1030,960,26,50,Machine Failure,Morning,1.9,70917.74
2026-03-10,Plant C,Line 3,Product D,1288,1157,48,76,Power Failure,Morning,6.6,71328.28
2026-03-10,Plant D,Line 2,Product A,884,754,28,30,Quality Issue,Evening,2.6,62961.96
2026-03-10,Plant D,Line 4,Product C,590,463,19,134,Planned Maintenance,Night,4.7,53118.07
2026-03-11,Plant D,Line 1,Product B,1172,1033,38,16,Material Shortage,Evening,5.3,79605.21
2026-03-11,Plant A,Line 4,Product C,628,577,14,50,Quality Issue,Morning,2.5,53596.3
2026-03-11,Plant A,Line 3,Product E,1026,910,27,39,Planned Maintenance,Morning,5.4,72442.73
2026-03-11,Plant B,Line 2,Product B,1077,941,33,73,Material Shortage,Evening,6.5,71756.93
2026-03-11,Plant A,Line 3,Product B,1175,1085,51,113,Planned Maintenance,Evening,0.0,71543.03
2026-03-11,Plant C,Line 1,Product C,729,657,11,29,Changeover,Evening,7.0,62545.65
2026-03-11,Plant C,Line 2,Product A,755,743,26,15,Machine Failure,Evening,0.9,53952.74
2026-03-11,Plant A,Line 4,Product E,803,745,19,55,Material Shortage,Morning,0.0,58554.47
2026-03-11,Plant D,Line 2,Product E,979,832,44,43,Machine Failure,Evening,8.4,79064.87
2026-03-11,Plant C,Line 2,Product D,1198,1180,59,87,Planned Maintenance,Evening,0.3,67876.39
2026-03-11,Plant B,Line 2,Product C,758,583,21,120,Material Shortage,Morning,3.5,58268.42
2026-03-11,Plant D,Line 3,Product C,742,666,34,81,Machine Failure,Night,4.1,69332.05
2026-03-11,Plant A,Line 4,Product C,675,601,19,99,Machine Failure,Evening,5.6,58779.74
2026-03-11,Plant A,Line 4,Product D,1128,1098,49,62,Machine Failure,Evening,3.7,66374.72
2026-03-12,Plant A,Line 4,Product E,895,866,28,17,Power Failure,Evening,4.9,70613.46
2026-03-12,Plant B,Line 4,Product E,999,937,47,54,Power Failure,Night,4.4,80600.15
2026-03-12,Plant C,Line 1,Product E,1048,953,29,72,Planned Maintenance,Morning,3.0,72175.17
2026-03-12,Plant B,Line 2,Product B,1060,956,38,68,Machine Failure,Evening,2.6,70887.53
2026-03-12,Plant C,Line 3,Product D,1363,1292,42,37,Material Shortage,Evening,3.9,74831.04
2026-03-12,Plant C,Line 4,Product E,874,851,31,43,Quality Issue,Evening,5.0,65881.7
2026-03-12,Plant C,Line 3,Product C,811,853,14,6,Machine Failure,Evening,1.2,72371.53
2026-03-12,Plant C,Line 3,Product B,1169,1114,30,16,Changeover,Morning,3.0,71733.91
2026-03-12,Plant C,Line 3,Product E,1071,1018,26,88,Machine Failure,Morning,3.3,79193.29
2026-03-12,Plant B,Line 2,Product A,818,710,31,65,Planned Maintenance,Morning,4.4,58725.08
2026-03-13,Plant A,Line 1,Product B,1149,1130,34,42,Machine Failure,Morning,5.2,77313.03
2026-03-13,Plant D,Line 3,Product E,1062,892,46,94,Planned Maintenance,Night,3.4,78054.66
2026-03-13,Plant B,Line 2,Product D,1238,1040,49,48,Planned Maintenance,Night,2.7,65629.89
2026-03-13,Plant A,Line 4,Product B,963,928,25,28,Power Failure,Evening,1.1,62941.88
2026-03-13,Plant A,Line 2,Product C,734,682,15,9,Quality Issue,Evening,4.1,64397.39
2026-03-13,Plant C,Line 4,Product B,931,902,25,30,Machine Failure,Evening,1.4,59718.85
2026-03-13,Plant A,Line 4,Product E,866,851,26,46,Machine Failure,Evening,0.1,67012.5
2026-03-13,Plant B,Line 1,Product D,1245,1105,51,76,Power Failure,Morning,7.4,77007.35
2026-03-14,Plant C,Line 2,Product B,1167,1096,35,35,Machine Failure,Night,3.6,72338.36
2026-03-14,Plant B,Line 3,Product D,1343,1207,46,69,Material Shortage,Morning,3.6,80465.49
2026-03-14,Plant C,Line 3,Product E,985,925,28,28,Planned Maintenance,Night,1.4,68449.74
2026-03-14,Plant A,Line 1,Product D,1286,1123,56,117,Planned Maintenance,Evening,6.1,72710.51
2026-03-14,Plant C,Line 4,Product C,664,615,13,31,Planned Maintenance,Morning,1.8,53641.52
2026-03-14,Plant D,Line 3,Product B,1185,1031,46,40,Machine Failure,Evening,5.0,77847.57
2026-03-14,Plant C,Line 1,Product E,1085,1010,38,102,Changeover,Morning,4.5,81079.8
2026-03-14,Plant A,Line 1,Product C,824,756,28,69,Machine Failure,Morning,5.8,74292.99
2026-03-14,Plant B,Line 3,Product E,974,791,36,106,Machine Failure,Morning,3.6,68980.95
2026-03-14,Plant A,Line 1,Product A,906,869,30,77,Material Shortage,Morning,4.7,68232.11
2026-03-15,Plant A,Line 4,Product E,880,814,34,89,Machine Failure,Evening,0.8,64126.96
2026-03-15,Plant C,Line 4,Product E,855,807,17,35,Material Shortage,Morning,0.9,58662.92
2026-03-15,Plant B,Line 3,Product D,1273,1126,50,93,Machine Failure,Morning,8.2,78370.84
2026-03-15,Plant B,Line 3,Product B,1286,1136,45,73,Changeover,Morning,3.2,82659.27
2026-03-15,Plant A,Line 3,Product E,1153,1124,33,40,Planned Maintenance,Morning,3.1,89026.67
2026-03-15,Plant C,Line 2,Product D,1236,1216,39,24,Machine Failure,Morning,3.9,71668.3
2026-03-15,Plant A,Line 1,Product E,960,883,30,69,Planned Maintenance,Evening,5.6,73866.48
2026-03-15,Plant B,Line 2,Product A,890,726,32,89,Changeover,Evening,5.3,62058.82
2026-03-15,Plant C,Line 4,Product E,921,898,14,33,Machine Failure,Morning,2.5,69085.42
2026-03-15,Plant A,Line 4,Product B,1029,984,39,61,Machine Failure,Evening,4.5,69790.36
2026-03-15,Plant D,Line 1,Product A,869,740,31,60,Machine Failure,Evening,4.9,62590.34
2026-03-15,Plant B,Line 3,Product E,1089,996,37,57,Changeover,Evening,6.6,88216.58
2026-03-15,Plant C,Line 1,Product E,983,868,37,119,Power Failure,Evening,2.4,66427.11
2026-03-15,Plant B,Line 4,Product E,864,806,32,42,Material Shortage,Night,0.9,66517.08
2026-03-15,Plant B,Line 3,Product E,1059,983,45,39,Planned Maintenance,Morning,3.3,82243.71
2026-03-16,Plant C,Line 3,Product D,1265,1159,48,67,Planned Maintenance,Morning,8.4,74729.75
2026-03-16,Plant A,Line 3,Product A,937,856,10,25,Power Failure,Morning,3.8,65495.48
2026-03-16,Plant C,Line 3,Product C,752,727,14,45,Changeover,Evening,2.8,64279.96
2026-03-16,Plant C,Line 1,Product E,982,967,32,28,Machine Failure,Night,4.5,74856.38
2026-03-16,Plant A,Line 1,Product D,1199,1120,48,24,Planned Maintenance,Morning,1.2,65166.39
2026-03-16,Plant B,Line 2,Product A,943,847,25,23,Power Failure,Morning,6.0,70854.46
2026-03-16,Plant A,Line 2,Product A,897,813,26,46,Power Failure,Night,2.2,61489.93
2026-03-16,Plant C,Line 4,Product D,1017,988,26,39,Machine Failure,Morning,0.4,55845.52
2026-03-16,Plant C,Line 1,Product D,1205,1165,41,69,Machine Failure,Evening,0.2,67219.33
2026-03-17,Plant A,Line 3,Product E,994,932,37,55,Quality Issue,Night,1.4,71063.18
2026-03-17,Plant D,Line 3,Product C,771,602,25,92,Machine Failure,Evening,5.6,64985.65
2026-03-17,Plant C,Line 2,Product A,858,914,17,18,Machine Failure,Morning,5.2,65758.43
2026-03-17,Plant B,Line 4,Product A,874,801,27,45,Quality Issue,Morning,4.5,67952.87
2026-03-17,Plant C,Line 2,Product B,1064,994,48,98,Quality Issue,Evening,1.4,66475.98
2026-03-17,Plant D,Line 2,Product A,956,808,30,52,Machine Failure,Evening,6.9,72045.28
2026-03-17,Plant D,Line 4,Product A,899,794,31,25,Changeover,Evening,5.1,67920.33
2026-03-17,Plant C,Line 2,Product D,1186,1174,47,87,Planned Maintenance,Evening,0.5,66138.43
2026-03-17,Plant D,Line 3,Product D,1317,1044,71,240,Changeover,Night,3.7,74618.7
2026-03-17,Plant C,Line 2,Product A,785,763,10,8,Machine Failure,Morning,3.1,57518.38
2026-03-17,Plant D,Line 4,Product D,1140,994,51,64,Planned Maintenance,Evening,6.4,70595.19
2026-03-17,Plant A,Line 3,Product B,1136,1055,42,45,Power Failure,Morning,3.2,73182.28
2026-03-17,Plant C,Line 1,Product C,786,771,26,54,Changeover,Morning,5.1,69995.16
2026-03-18,Plant B,Line 1,Product A,856,732,26,55,Planned Maintenance,Morning,4.4,58899.37
2026-03-18,Plant A,Line 3,Product E,1074,1015,32,51,Planned Maintenance,Evening,2.7,80449.49
2026-03-18,Plant D,Line 3,Product B,1130,985,42,62,Material Shortage,Morning,3.1,75710.85
2026-03-18,Plant A,Line 3,Product E,1148,1031,28,32,Planned Maintenance,Night,5.1,82593.64
2026-03-18,Plant B,Line 1,Product D,1266,1054,59,110,Planned Maintenance,Morning,3.7,67860.35
2026-03-18,Plant B,Line 4,Product E,1038,944,39,38,Power Failure,Morning,2.7,76865.52
2026-03-18,Plant C,Line 2,Product A,818,806,19,41,Material Shortage,Morning,1.8,58177.12
2026-03-18,Plant A,Line 1,Product E,944,883,34,57,Changeover,Evening,6.0,75125.24
2026-03-18,Plant A,Line 1,Product C,658,645,13,42,Power Failure,Night,3.0,59890.34
2026-03-18,Plant A,Line 1,Product A,900,831,18,22,Planned Maintenance,Morning,1.7,61745.89
2026-03-19,Plant A,Line 2,Product A,787,747,24,60,Power Failure,Morning,1.2,53852.28
2026-03-19,Plant B,Line 3,Product C,753,656,25,55,Machine Failure,Morning,6.5,68029.72
2026-03-19,Plant C,Line 2,Product A,889,845,18,60,Power Failure,Night,3.3,63948.44
2026-03-19,Plant D,Line 1,Product D,1230,1030,60,147,Machine Failure,Night,6.5,73762.93
2026-03-19,Plant A,Line 2,Product E,1053,952,33,27,Changeover,Evening,2.5,73562.95
2026-03-19,Plant D,Line 2,Product B,1094,870,48,81,Material Shortage,Morning,6.1,70939.51
2026-03-19,Plant C,Line 4,Product D,1171,1130,29,15,Changeover,Evening,0.4,61962.88
2026-03-19,Plant B,Line 4,Product B,1003,891,35,57,Quality Issue,Night,6.5,68612.45
2026-03-19,Plant B,Line 3,Product B,1234,1126,44,50,Machine Failure,Evening,2.0,79504.15
2026-03-19,Plant D,Line 3,Product A,835,661,33,95,Power Failure,Night,6.8,56550.87
2026-03-19,Plant C,Line 2,Product E,926,930,28,19,Material Shortage,Evening,1.5,69513.33
2026-03-19,Plant A,Line 3,Product E,997,909,26,5,Power Failure,Morning,5.4,75524.98
2026-03-20,Plant D,Line 4,Product D,1132,947,46,85,Power Failure,Evening,6.5,68011.82
2026-03-20,Plant C,Line 2,Product A,901,872,22,26,Machine Failure,Evening,2.0,60578.46
2026-03-20,Plant D,Line 2,Product E,896,741,42,94,Machine Failure,Morning,5.7,68298.96
2026-03-20,Plant D,Line 2,Product C,755,648,23,50,Changeover,Night,5.0,69035.3
2026-03-20,Plant A,Line 4,Product E,920,831,22,72,Machine Failure,Night,7.6,72954.3
2026-03-20,Plant D,Line 3,Product B,1150,959,53,101,Planned Maintenance,Night,7.9,76217.11
2026-03-20,Plant B,Line 1,Product C,797,693,7,27,Quality Issue,Morning,8.1,72204.06
2026-03-21,Plant B,Line 3,Product C,753,640,14,45,Machine Failure,Night,2.7,62929.05
2026-03-21,Plant B,Line 1,Product A,995,869,33,37,Planned Maintenance,Night,5.5,73926.14
2026-03-21,Plant D,Line 2,Product B,1083,904,49,49,Material Shortage,Evening,7.0,73252.26
2026-03-21,Plant A,Line 3,Product A,995,935,21,43,Changeover,Morning,1.6,72001.17
2026-03-21,Plant C,Line 4,Product C,656,581,19,47,Material Shortage,Evening,7.2,56126.55
2026-03-21,Plant B,Line 1,Product D,1257,1118,53,64,Material Shortage,Evening,3.6,70128.38
2026-03-21,Plant C,Line 1,Product A,954,911,18,27,Planned Maintenance,Night,1.5,65152.34
2026-03-21,Plant A,Line 2,Product E,924,845,13,77,Power Failure,Morning,3.9,70511.13
2026-03-21,Plant A,Line 4,Product B,1013,944,37,28,Changeover,Morning,2.9,64554.27
2026-03-21,Plant C,Line 4,Product A,749,724,18,42,Quality Issue,Evening,0.0,53128.8
2026-03-21,Plant A,Line 3,Product D,1271,1229,33,24,Machine Failure,Morning,0.7,71213.33
2026-03-21,Plant A,Line 2,Product E,1030,950,27,49,Changeover,Night,0.9,75863.42
2026-03-22,Plant A,Line 3,Product A,966,763,31,161,Machine Failure,Morning,2.9,61206.29
2026-03-22,Plant A,Line 3,Product D,1206,1107,61,82,Material Shortage,Night,3.5,70261.03
2026-03-22,Plant B,Line 1,Product E,1037,935,40,18,Machine Failure,Morning,5.0,81590.93
2026-03-22,Plant B,Line 2,Product C,677,660,20,53,Machine Failure,Morning,3.2,65612.48
2026-03-22,Plant D,Line 2,Product B,1029,831,49,151,Changeover,Night,3.6,65274.64
2026-03-22,Plant C,Line 4,Product C,716,626,15,38,Changeover,Morning,0.8,52643.09
2026-03-22,Plant A,Line 3,Product E,1132,1058,28,73,Machine Failure,Evening,3.4,85992.59
2026-03-22,Plant B,Line 1,Product C,727,623,20,57,Machine Failure,Morning,5.8,62818.69
2026-03-22,Plant B,Line 3,Product A,948,848,37,107,Changeover,Evening,4.3,69709.7
2026-03-22,Plant A,Line 3,Product A,1024,994,26,7,Material Shortage,Morning,0.1,72553.82
2026-03-23,Plant B,Line 3,Product E,1117,968,35,38,Power Failure,Morning,2.9,79677.27
2026-03-23,Plant A,Line 3,Product E,1001,958,27,52,Machine Failure,Evening,4.7,78384.47
2026-03-23,Plant B,Line 4,Product D,1157,1037,43,49,Changeover,Evening,8.2,69513.46
2026-03-23,Plant D,Line 3,Product B,1236,1060,49,114,Planned Maintenance,Morning,3.4,81101.53
2026-03-23,Plant C,Line 4,Product E,919,829,20,27,Planned Maintenance,Evening,5.4,66736.3
2026-03-23,Plant A,Line 1,Product B,1069,979,36,30,Quality Issue,Evening,8.3,69674.42
2026-03-23,Plant B,Line 4,Product A,796,747,20,26,Planned Maintenance,Evening,2.8,59374.35
2026-03-23,Plant B,Line 4,Product B,1013,941,41,54,Planned Maintenance,Night,0.0,65821.19
2026-03-24,Plant B,Line 4,Product C,744,671,28,121,Material Shortage,Evening,7.3,68860.51
2026-03-24,Plant B,Line 2,Product E,1062,980,38,52,Material Shortage,Morning,3.0,81922.74
2026-03-24,Plant A,Line 3,Product E,1061,959,35,29,Machine Failure,Morning,7.4,79984.99
2026-03-24,Plant C,Line 3,Product B,1060,1024,29,58,Planned Maintenance,Night,0.7,65222.64
2026-03-24,Plant C,Line 1,Product E,967,940,23,13,Machine Failure,Morning,2.6,70738.49
2026-03-24,Plant A,Line 3,Product A,1014,875,29,80,Machine Failure,Morning,6.0,70190.87
2026-03-24,Plant B,Line 1,Product C,765,675,28,100,Machine Failure,Night,6.4,68765.57
2026-03-25,Plant C,Line 2,Product E,957,874,33,49,Machine Failure,Evening,4.9,68857.64
2026-03-25,Plant A,Line 2,Product E,948,891,20,50,Planned Maintenance,Morning,1.8,69397.02
2026-03-25,Plant A,Line 4,Product B,1090,1011,26,76,Changeover,Morning,2.0,66621.48
2026-03-25,Plant D,Line 1,Product E,974,877,38,86,Quality Issue,Morning,5.2,78995.69
2026-03-25,Plant A,Line 2,Product A,815,772,23,76,Machine Failure,Night,0.0,58348.23
2026-03-25,Plant B,Line 1,Product B,1127,1001,45,23,Material Shortage,Evening,3.1,75831.9
2026-03-25,Plant C,Line 1,Product A,847,838,14,16,Material Shortage,Night,3.5,63898.04
2026-03-25,Plant A,Line 1,Product A,918,841,30,45,Material Shortage,Evening,6.6,65506.59
2026-03-25,Plant C,Line 3,Product D,1257,1191,45,51,Power Failure,Morning,4.9,73535.07
2026-03-26,Plant A,Line 1,Product A,781,792,23,45,Planned Maintenance,Night,0.3,57180.03
2026-03-26,Plant A,Line 1,Product E,993,955,49,50,Power Failure,Morning,4.3,77637.65
2026-03-26,Plant A,Line 2,Product B,1097,1047,45,63,Quality Issue,Night,4.1,73608.75
2026-03-26,Plant C,Line 2,Product C,656,568,14,85,Changeover,Evening,6.7,57096.63
2026-03-26,Plant B,Line 1,Product E,1025,890,44,85,Material Shortage,Evening,3.7,77148.77
2026-03-26,Plant B,Line 4,Product C,702,629,18,30,Changeover,Night,6.3,66291.04
2026-03-26,Plant B,Line 4,Product C,676,576,29,129,Changeover,Night,0.6,59057.02
2026-03-26,Plant B,Line 2,Product B,942,832,45,112,Planned Maintenance,Night,2.1,59607.72
2026-03-26,Plant A,Line 4,Product D,1202,1153,42,32,Quality Issue,Evening,1.2,72141.39
2026-03-26,Plant B,Line 3,Product D,1250,1108,67,96,Planned Maintenance,Evening,3.1,72742.14
2026-03-26,Plant C,Line 4,Product A,857,838,21,8,Material Shortage,Morning,1.6,59378.22
2026-03-26,Plant A,Line 2,Product C,748,643,23,99,Machine Failure,Evening,4.6,62471.82
2026-03-26,Plant C,Line 3,Product B,1225,1194,32,37,Machine Failure,Evening,2.5,76808.94
2026-03-26,Plant C,Line 3,Product C,784,750,22,40,Machine Failure,Night,3.3,65979.7
2026-03-27,Plant D,Line 4,Product B,968,815,29,41,Material Shortage,Night,5.4,61940.59
2026-03-27,Plant B,Line 3,Product B,1255,1131,56,75,Material Shortage,Morning,3.7,80160.13
2026-03-27,Plant A,Line 4,Product B,1027,950,21,16,Changeover,Evening,2.3,64337.55
2026-03-27,Plant C,Line 4,Product D,1187,1155,29,37,Machine Failure,Evening,3.4,68491.49
2026-03-27,Plant C,Line 1,Product D,1230,1183,47,22,Machine Failure,Night,1.1,64151.28
2026-03-27,Plant C,Line 1,Product B,1111,1123,41,26,Planned Maintenance,Evening,5.0,75846.66
2026-03-27,Plant D,Line 4,Product A,868,675,30,163,Quality Issue,Evening,3.1,58439.46
2026-03-27,Plant A,Line 4,Product D,1133,1108,48,23,Changeover,Evening,5.4,68198.4
2026-03-27,Plant C,Line 4,Product A,865,838,24,25,Machine Failure,Morning,0.0,60497.44
2026-03-28,Plant C,Line 3,Product A,894,849,18,56,Machine Failure,Morning,2.7,62501.27
2026-03-28,Plant C,Line 1,Product C,778,817,15,21,Quality Issue,Evening,1.5,71685.53
2026-03-28,Plant C,Line 3,Product B,1050,1015,30,13,Power Failure,Evening,2.8,65021.36
2026-03-28,Plant C,Line 2,Product A,834,785,18,49,Machine Failure,Night,3.8,58965.18
2026-03-28,Plant D,Line 1,Product E,1140,960,49,47,Planned Maintenance,Evening,5.1,85356.86
2026-03-28,Plant D,Line 2,Product A,843,729,38,89,Material Shortage,Evening,4.1,62488.75
2026-03-28,Plant A,Line 1,Product C,751,734,19,63,Changeover,Evening,4.2,70688.55
2026-03-28,Plant C,Line 4,Product C,613,575,11,61,Planned Maintenance,Morning,0.0,46559.08
2026-03-28,Plant B,Line 1,Product B,1011,881,48,47,Changeover,Evening,4.1,66448.04
2026-03-28,Plant A,Line 4,Product A,795,744,26,74,Machine Failure,Evening,3.3,57272.12
2026-03-29,Plant A,Line 4,Product C,805,785,16,67,Machine Failure,Morning,0.2,72219.52
2026-03-29,Plant C,Line 3,Product A,1027,967,24,91,Machine Failure,Morning,4.3,72376.78
2026-03-29,Plant D,Line 1,Product A,874,786,31,28,Planned Maintenance,Evening,3.5,66134.75
2026-03-29,Plant C,Line 3,Product B,1071,1048,37,36,Changeover,Morning,1.3,67111.93
2026-03-29,Plant C,Line 4,Product A,774,810,13,22,Machine Failure,Evening,3.4,57570.62
2026-03-29,Plant C,Line 4,Product D,1040,1004,33,46,Changeover,Evening,5.0,58490.35
2026-03-29,Plant C,Line 2,Product E,900,811,20,59,Changeover,Evening,1.5,61065.14
2026-03-29,Plant C,Line 2,Product D,1207,1185,33,30,Planned Maintenance,Evening,3.3,69721.32
2026-03-29,Plant D,Line 4,Product E,959,815,29,40,Machine Failure,Morning,6.0,73578.37
2026-03-29,Plant B,Line 2,Product A,855,723,28,80,Material Shortage,Evening,5.3,57910.26
2026-03-29,Plant A,Line 4,Product C,705,693,16,61,Machine Failure,Evening,1.4,64479.04
2026-03-30,Plant A,Line 1,Product E,989,926,26,14,Material Shortage,Night,3.6,75040.78
2026-03-30,Plant D,Line 1,Product C,739,525,24,176,Planned Maintenance,Morning,1.5,57520.99
2026-03-30,Plant C,Line 2,Product C,720,761,11,14,Machine Failure,Evening,2.7,67177.59
2026-03-30,Plant A,Line 4,Product A,805,730,27,57,Material Shortage,Night,2.3,57746.24
2026-03-30,Plant A,Line 2,Product A,857,768,31,84,Quality Issue,Evening,6.7,62754.14
2026-03-30,Plant B,Line 3,Product B,1027,902,33,24,Power Failure,Evening,6.6,69160.98
2026-03-30,Plant D,Line 4,Product C,646,560,29,133,Material Shortage,Night,7.6,63362.11
2026-03-30,Plant C,Line 1,Product E,853,798,21,19,Material Shortage,Evening,0.6,60023.51
2026-03-31,Plant A,Line 3,Product E,1103,1045,31,28,Machine Failure,Morning,4.4,84297.5
2026-03-31,Plant D,Line 4,Product B,881,698,29,41,Quality Issue,Morning,7.4,56927.41
2026-03-31,Plant A,Line 2,Product B,1028,931,38,112,Power Failure,Morning,7.4,68952.75
2026-03-31,Plant C,Line 3,Product E,1024,980,28,60,Material Shortage,Morning,2.1,74912.3
2026-03-31,Plant C,Line 3,Product E,1195,1113,30,54,Planned Maintenance,Morning,2.4,84719.34
2026-03-31,Plant B,Line 4,Product B,980,877,30,37,Quality Issue,Night,2.4,63902.26
2026-03-31,Plant A,Line 1,Product D,1148,1092,42,82,Planned Maintenance,Morning,0.0,66487.84
2026-03-31,Plant A,Line 2,Product C,817,785,25,68,Material Shortage,Morning,2.9,75558.76
2026-03-31,Plant B,Line 4,Product C,704,625,8,29,Machine Failure,Morning,7.4,65855.16
2026-03-31,Plant C,Line 2,Product D,1115,1071,38,62,Machine Failure,Night,0.0,62303.93
2026-03-31,Plant A,Line 3,Product A,933,872,26,28,Planned Maintenance,Night,5.6,67750.07
2026-03-31,Plant D,Line 4,Product B,908,710,34,74,Material Shortage,Night,3.9,57642.78
2026-03-31,Plant A,Line 4,Product C,628,559,10,72,Machine Failure,Morning,4.5,55390.95
2026-04-01,Plant A,Line 2,Product A,836,787,20,15,Machine Failure,Evening,3.8,57760.54
2026-04-01,Plant B,Line 4,Product A,691,648,26,90,Planned Maintenance,Evening,4.3,52832.69
2026-04-01,Plant B,Line 3,Product D,1348,1208,54,12,Material Shortage,Evening,2.8,75055.62
2026-04-01,Plant A,Line 1,Product D,1215,1154,41,13,Changeover,Morning,4.5,68992.96
2026-04-01,Plant A,Line 1,Product E,1014,917,33,47,Planned Maintenance,Evening,1.6,71118.04
2026-04-01,Plant D,Line 2,Product D,1297,1129,61,60,Planned Maintenance,Evening,2.3,76764.59
2026-04-01,Plant B,Line 1,Product D,1278,1069,71,168,Planned Maintenance,Morning,3.8,71749.99
2026-04-01,Plant B,Line 4,Product C,725,632,11,29,Power Failure,Night,5.7,65321.25
2026-04-01,Plant C,Line 2,Product E,1041,1057,23,68,Changeover,Evening,1.0,78138.44
2026-04-02,Plant C,Line 3,Product A,878,848,13,44,Machine Failure,Evening,5.3,62404.46
2026-04-02,Plant B,Line 1,Product A,945,865,29,20,Material Shortage,Morning,8.2,75834.66
2026-04-02,Plant C,Line 2,Product A,859,839,19,49,Changeover,Night,0.9,59614.41
2026-04-02,Plant A,Line 3,Product C,749,690,18,64,Changeover,Night,2.9,63937.1
2026-04-02,Plant D,Line 1,Product D,1274,1050,63,142,Changeover,Night,2.5,69630.88
2026-04-02,Plant C,Line 4,Product E,977,916,30,71,Power Failure,Morning,4.4,71854.67
2026-04-02,Plant D,Line 1,Product B,980,839,39,85,Material Shortage,Night,5.4,63772.51
2026-04-02,Plant A,Line 4,Product C,669,572,18,107,Changeover,Night,7.5,58457.87
2026-04-02,Plant C,Line 1,Product C,708,676,10,46,Material Shortage,Night,3.9,64543.22
2026-04-03,Plant C,Line 2,Product C,586,537,18,133,Power Failure,Night,4.2,54095.95
2026-04-03,Plant C,Line 3,Product E,1089,993,23,34,Material Shortage,Evening,5.1,76450.26
2026-04-03,Plant C,Line 4,Product E,835,800,28,32,Planned Maintenance,Evening,3.5,61311.69
2026-04-03,Plant D,Line 4,Product D,1176,1024,55,65,Machine Failure,Evening,3.8,69606.5
2026-04-03,Plant D,Line 3,Product C,715,571,20,35,Machine Failure,Morning,2.5,59148.51
2026-04-03,Plant A,Line 4,Product A,785,724,12,46,Planned Maintenance,Night,1.4,55263.19
2026-04-04,Plant D,Line 1,Product B,966,790,47,142,Material Shortage,Night,7.8,65063.0
2026-04-04,Plant A,Line 1,Product E,993,935,29,26,Machine Failure,Night,0.0,74093.99
2026-04-04,Plant A,Line 2,Product C,604,544,18,76,Machine Failure,Evening,2.5,51125.48
2026-04-04,Plant A,Line 4,Product B,931,884,24,26,Machine Failure,Night,2.8,61326.98
2026-04-04,Plant D,Line 2,Product D,1094,968,46,15,Material Shortage,Evening,7.4,69684.27
2026-04-04,Plant B,Line 4,Product B,989,839,33,90,Material Shortage,Evening,5.2,63647.21
2026-04-04,Plant D,Line 3,Product E,1121,975,44,52,Machine Failure,Night,6.4,86801.65
2026-04-04,Plant D,Line 2,Product E,926,810,34,66,Quality Issue,Evening,7.3,75933.05
2026-04-04,Plant B,Line 4,Product E,930,807,40,54,Machine Failure,Evening,5.9,70762.74
2026-04-04,Plant A,Line 4,Product A,859,804,21,32,Machine Failure,Evening,1.0,57650.59
2026-04-04,Plant A,Line 2,Product E,952,882,26,66,Planned Maintenance,Morning,3.1,71985.91
2026-04-05,Plant A,Line 1,Product B,1133,1029,42,72,Material Shortage,Night,2.7,73726.19
2026-04-05,Plant D,Line 3,Product D,1256,1060,63,130,Planned Maintenance,Morning,6.8,75803.32
2026-04-05,Plant A,Line 1,Product C,772,718,18,27,Changeover,Night,4.0,66767.95
2026-04-05,Plant D,Line 3,Product A,993,842,30,39,Machine Failure,Evening,3.9,69715.52
2026-04-05,Plant C,Line 3,Product C,760,661,9,60,Machine Failure,Morning,4.6,59840.97
2026-04-05,Plant B,Line 2,Product D,1305,1144,42,37,Material Shortage,Morning,3.6,76895.44
2026-04-05,Plant B,Line 1,Product A,925,855,34,36,Machine Failure,Evening,0.6,68204.0
2026-04-05,Plant D,Line 4,Product D,1045,844,48,140,Power Failure,Morning,2.2,58608.28
2026-04-05,Plant B,Line 4,Product B,1093,972,38,65,Material Shortage,Morning,3.8,73584.11
2026-04-06,Plant A,Line 2,Product A,836,824,22,71,Material Shortage,Evening,5.6,64173.46
2026-04-06,Plant A,Line 1,Product A,879,844,23,29,Power Failure,Evening,4.4,66039.22
2026-04-06,Plant A,Line 3,Product C,774,693,14,80,Power Failure,Morning,5.4,66375.5
2026-04-06,Plant B,Line 2,Product C,662,573,18,46,Material Shortage,Night,6.1,59336.21
2026-04-06,Plant B,Line 3,Product A,874,758,31,71,Changeover,Night,5.5,65530.23
2026-04-06,Plant D,Line 2,Product A,865,756,25,22,Planned Maintenance,Evening,6.3,66876.74
2026-04-07,Plant D,Line 4,Product E,961,790,40,79,Machine Failure,Evening,6.2,73675.65
2026-04-07,Plant A,Line 2,Product E,838,780,24,10,Quality Issue,Evening,2.4,61430.76
2026-04-07,Plant A,Line 2,Product E,930,868,23,61,Planned Maintenance,Night,0.6,68342.26
2026-04-07,Plant C,Line 2,Product E,1006,985,33,21,Material Shortage,Morning,1.3,73409.81
2026-04-07,Plant D,Line 1,Product E,997,866,54,80,Material Shortage,Night,0.9,74670.98
2026-04-07,Plant C,Line 4,Product B,967,892,25,67,Machine Failure,Evening,3.9,60395.18
2026-04-07,Plant B,Line 4,Product E,860,798,23,15,Planned Maintenance,Morning,1.1,65803.19
2026-04-07,Plant D,Line 3,Product E,1119,922,51,130,Changeover,Evening,2.0,80572.47
2026-04-08,Plant C,Line 4,Product A,833,838,14,56,Changeover,Morning,3.0,62719.62
2026-04-08,Plant C,Line 2,Product B,1031,963,27,57,Changeover,Evening,3.1,64563.45
2026-04-08,Plant C,Line 2,Product A,832,756,23,79,Planned Maintenance,Evening,6.6,58001.34
2026-04-08,Plant B,Line 2,Product E,951,870,41,125,Planned Maintenance,Evening,3.4,77327.97
2026-04-08,Plant A,Line 1,Product D,1311,1226,62,73,Changeover,Morning,2.2,73300.52
2026-04-08,Plant A,Line 4,Product A,881,851,29,80,Machine Failure,Morning,2.5,64056.16
2026-04-08,Plant A,Line 2,Product B,1036,996,36,32,Planned Maintenance,Morning,3.5,67211.0
2026-04-08,Plant D,Line 2,Product D,1128,959,48,30,Changeover,Evening,5.6,65916.5
2026-04-09,Plant D,Line 3,Product D,1275,1073,67,79,Planned Maintenance,Evening,4.6,73433.53
2026-04-09,Plant C,Line 2,Product C,635,617,11,18,Planned Maintenance,Evening,4.0,55024.58
2026-04-09,Plant B,Line 4,Product B,1006,887,37,72,Quality Issue,Night,1.5,61531.69
2026-04-09,Plant A,Line 1,Product B,1011,960,37,27,Machine Failure,Evening,3.6,67583.88
2026-04-09,Plant D,Line 3,Product D,1304,1080,68,130,Machine Failure,Evening,7.8,76218.21
2026-04-10,Plant B,Line 1,Product C,766,648,30,112,Quality Issue,Morning,8.1,68331.97
2026-04-10,Plant C,Line 1,Product C,728,688,15,32,Material Shortage,Morning,6.3,64290.3
2026-04-10,Plant D,Line 2,Product C,772,603,24,149,Planned Maintenance,Morning,2.7,64646.17
2026-04-10,Plant A,Line 2,Product D,1201,1160,46,48,Machine Failure,Evening,1.8,69262.47
2026-04-10,Plant B,Line 1,Product E,987,874,38,28,Planned Maintenance,Morning,4.2,74491.75
2026-04-10,Plant D,Line 4,Product C,669,544,19,45,Material Shortage,Morning,7.9,60428.1
2026-04-10,Plant D,Line 3,Product E,1070,894,46,69,Machine Failure,Night,8.2,83814.26
2026-04-10,Plant A,Line 2,Product C,566,546,17,44,Changeover,Morning,1.2,49939.51
2026-04-11,Plant C,Line 2,Product B,1074,1061,27,37,Power Failure,Evening,5.3,71183.67
2026-04-11,Plant C,Line 2,Product A,876,884,25,21,Planned Maintenance,Evening,1.4,61744.07
2026-04-11,Plant D,Line 2,Product C,739,601,27,71,Machine Failure,Evening,3.7,63862.52
2026-04-11,Plant C,Line 4,Product E,906,892,34,24,Planned Maintenance,Morning,0.0,64734.72
2026-04-11,Plant A,Line 2,Product E,1111,1012,35,40,Planned Maintenance,Night,2.6,77609.91
2026-04-11,Plant B,Line 2,Product E,909,827,40,59,Quality Issue,Morning,3.7,70950.21
2026-04-11,Plant D,Line 3,Product B,1188,1059,43,40,Planned Maintenance,Morning,3.3,77730.67
2026-04-12,Plant D,Line 1,Product B,1126,952,43,116,Material Shortage,Evening,2.7,75337.0
2026-04-12,Plant A,Line 3,Product E,1099,1053,40,31,Planned Maintenance,Morning,1.8,81802.57
2026-04-12,Plant D,Line 1,Product B,1103,930,50,100,Machine Failure,Evening,2.5,68697.17
2026-04-12,Plant A,Line 3,Product C,783,750,20,11,Quality Issue,Evening,4.2,69450.37
2026-04-12,Plant B,Line 2,Product E,939,776,34,153,Material Shortage,Morning,3.1,69016.86
2026-04-12,Plant B,Line 4,Product E,869,722,42,129,Quality Issue,Morning,3.8,63001.73
2026-04-12,Plant A,Line 2,Product B,1054,1016,41,37,Power Failure,Morning,3.0,70006.73
2026-04-12,Plant A,Line 3,Product A,968,887,26,66,Material Shortage,Morning,8.5,74034.08
2026-04-12,Plant C,Line 2,Product A,754,761,16,37,Planned Maintenance,Morning,4.5,56261.51
2026-04-12,Plant A,Line 2,Product D,1078,1040,42,16,Changeover,Night,5.2,62708.53
2026-04-12,Plant B,Line 4,Product D,1076,994,47,27,Planned Maintenance,Evening,0.6,60028.53
2026-04-12,Plant A,Line 2,Product B,952,823,31,145,Machine Failure,Morning,1.3,56439.39
2026-04-13,Plant C,Line 3,Product A,1015,997,19,20,Machine Failure,Evening,1.1,70202.81
2026-04-13,Plant C,Line 3,Product D,1393,1351,44,26,Machine Failure,Morning,0.0,76147.53
2026-04-13,Plant A,Line 4,Product C,705,687,16,51,Planned Maintenance,Morning,1.8,63469.28
2026-04-13,Plant B,Line 3,Product C,796,721,23,115,Planned Maintenance,Morning,3.7,73384.68
2026-04-13,Plant B,Line 3,Product B,1035,855,52,184,Material Shortage,Morning,2.7,67336.33
2026-04-13,Plant C,Line 3,Product A,1014,971,25,20,Planned Maintenance,Evening,1.7,68799.93
2026-04-14,Plant D,Line 1,Product E,962,877,28,43,Changeover,Night,4.8,79072.62
2026-04-14,Plant C,Line 1,Product D,1291,1158,40,75,Machine Failure,Evening,6.5,71989.78
2026-04-14,Plant C,Line 4,Product A,813,763,14,11,Machine Failure,Morning,3.8,55882.6
2026-04-14,Plant A,Line 1,Product E,1045,996,24,23,Material Shortage,Night,4.1,78007.11
2026-04-14,Plant D,Line 1,Product B,1079,943,42,52,Material Shortage,Evening,6.9,73880.41
2026-04-14,Plant B,Line 2,Product D,1223,957,64,240,Power Failure,Evening,3.3,67325.64
2026-04-15,Plant B,Line 2,Product E,973,876,47,124,Material Shortage,Evening,6.1,76703.16
2026-04-15,Plant D,Line 4,Product E,875,741,32,107,Power Failure,Morning,3.1,66239.08
2026-04-15,Plant C,Line 4,Product E,813,827,23,15,Planned Maintenance,Evening,4.7,65288.35
2026-04-15,Plant D,Line 4,Product E,849,758,27,31,Material Shortage,Night,5.7,69009.61
2026-04-16,Plant B,Line 3,Product A,967,878,40,52,Machine Failure,Morning,3.0,71286.41
2026-04-16,Plant D,Line 1,Product A,889,726,33,88,Machine Failure,Morning,5.7,64326.45
2026-04-16,Plant B,Line 1,Product E,962,827,45,126,Power Failure,Evening,5.8,73624.67
2026-04-16,Plant B,Line 3,Product E,1001,938,29,37,Material Shortage,Evening,1.9,78653.32
2026-04-16,Plant B,Line 4,Product B,1033,920,32,29,Changeover,Night,2.2,64850.98
2026-04-16,Plant D,Line 3,Product A,1073,904,36,86,Quality Issue,Evening,5.1,77381.12
2026-04-16,Plant D,Line 3,Product C,866,721,20,74,Planned Maintenance,Morning,2.7,75086.84
2026-04-16,Plant D,Line 2,Product C,637,496,27,131,Material Shortage,Morning,6.7,55843.54
2026-04-16,Plant A,Line 2,Product C,750,667,14,44,Machine Failure,Night,7.0,64675.77
2026-04-16,Plant B,Line 2,Product D,1140,1005,49,75,Machine Failure,Night,1.4,66824.34
2026-04-16,Plant C,Line 1,Product D,1211,1138,48,57,Planned Maintenance,Night,1.1,64749.71
2026-04-16,Plant B,Line 4,Product B,941,807,37,89,Planned Maintenance,Night,7.1,65402.75
2026-04-16,Plant D,Line 4,Product B,1043,906,39,86,Quality Issue,Evening,1.2,65777.57
2026-04-16,Plant D,Line 4,Product B,1040,914,32,39,Material Shortage,Evening,2.1,66409.32
2026-04-16,Plant C,Line 3,Product D,1275,1270,27,28,Machine Failure,Evening,5.4,75719.66
2026-04-16,Plant D,Line 1,Product A,816,658,28,91,Planned Maintenance,Night,5.5,59924.08
2026-04-17,Plant A,Line 1,Product B,1038,1017,34,47,Machine Failure,Evening,2.4,69333.74
2026-04-17,Plant C,Line 1,Product D,1337,1280,46,77,Machine Failure,Morning,2.1,72854.62
2026-04-17,Plant A,Line 4,Product A,799,811,25,40,Quality Issue,Morning,3.6,63027.62
2026-04-17,Plant B,Line 3,Product C,709,662,24,59,Power Failure,Morning,4.7,66218.22
2026-04-17,Plant B,Line 2,Product D,1093,989,57,83,Material Shortage,Evening,3.0,66364.54
2026-04-17,Plant B,Line 3,Product A,1017,903,40,73,Changeover,Morning,3.0,73660.01
2026-04-18,Plant B,Line 4,Product A,886,788,36,49,Power Failure,Morning,4.2,65370.63
2026-04-18,Plant C,Line 4,Product D,1139,1096,36,24,Quality Issue,Evening,1.2,62091.11
2026-04-18,Plant B,Line 4,Product B,994,902,41,79,Machine Failure,Morning,6.2,72275.91
2026-04-18,Plant A,Line 2,Product A,966,907,36,52,Changeover,Night,0.0,64888.05
2026-04-18,Plant A,Line 1,Product E,924,830,27,36,Machine Failure,Morning,3.0,67885.33
2026-04-18,Plant C,Line 4,Product C,629,629,18,19,Planned Maintenance,Evening,4.9,56342.37
2026-04-19,Plant C,Line 3,Product C,718,698,13,59,Machine Failure,Night,0.0,58720.53
2026-04-19,Plant A,Line 4,Product A,774,709,19,40,Power Failure,Night,2.4,53543.92
2026-04-19,Plant A,Line 2,Product E,951,856,22,52,Machine Failure,Morning,2.4,68579.1
2026-04-19,Plant A,Line 3,Product A,905,774,22,80,Quality Issue,Morning,4.7,60564.13
2026-04-19,Plant A,Line 2,Product A,932,867,25,28,Quality Issue,Night,6.0,71012.9
2026-04-19,Plant C,Line 3,Product B,1163,1132,36,58,Material Shortage,Morning,1.5,73894.48
2026-04-19,Plant D,Line 2,Product B,967,849,48,47,Material Shortage,Evening,6.2,67341.2
2026-04-19,Plant D,Line 3,Product E,1063,927,39,19,Changeover,Evening,6.2,82676.21
2026-04-19,Plant D,Line 4,Product D,1103,966,49,60,Quality Issue,Night,2.7,65223.26
2026-04-19,Plant C,Line 4,Product A,811,804,16,71,Material Shortage,Evening,4.4,61567.0
2026-04-19,Plant B,Line 1,Product A,952,833,35,101,Power Failure,Morning,7.2,72273.08
2026-04-20,Plant A,Line 2,Product C,693,595,14,51,Machine Failure,Morning,8.1,58774.28
2026-04-20,Plant B,Line 2,Product C,706,704,25,39,Planned Maintenance,Morning,3.5,66907.57
2026-04-20,Plant D,Line 3,Product D,1265,1133,66,37,Material Shortage,Evening,3.1,74844.48
2026-04-20,Plant B,Line 1,Product C,825,756,28,51,Machine Failure,Night,3.4,76103.21
2026-04-20,Plant A,Line 3,Product C,787,730,15,23,Planned Maintenance,Evening,1.5,65853.94
2026-04-20,Plant C,Line 2,Product D,1223,1223,27,12,Planned Maintenance,Evening,2.6,66422.24
2026-04-21,Plant C,Line 4,Product C,753,697,5,38,Material Shortage,Morning,1.2,59849.59
2026-04-21,Plant B,Line 1,Product A,918,811,25,60,Material Shortage,Night,3.6,66342.45
2026-04-21,Plant C,Line 1,Product B,1070,1040,28,35,Power Failure,Evening,2.8,66001.36
2026-04-21,Plant A,Line 3,Product C,856,814,19,29,Power Failure,Night,1.3,73798.67
2026-04-21,Plant A,Line 2,Product C,656,636,16,29,Planned Maintenance,Night,2.6,59587.73
2026-04-21,Plant D,Line 2,Product D,1148,908,44,103,Power Failure,Night,7.5,65304.63
2026-04-21,Plant D,Line 2,Product E,1042,956,50,45,Quality Issue,Night,7.6,88468.85
2026-04-21,Plant B,Line 1,Product D,1243,1163,54,27,Machine Failure,Evening,2.3,71407.39
2026-04-21,Plant D,Line 2,Product B,1034,917,43,35,Planned Maintenance,Evening,3.6,70573.57
2026-04-21,Plant A,Line 3,Product A,922,914,23,50,Machine Failure,Evening,2.5,68837.21
2026-04-21,Plant C,Line 1,Product E,914,835,25,65,Planned Maintenance,Morning,3.1,66308.95
2026-04-21,Plant D,Line 2,Product C,773,614,25,30,Material Shortage,Evening,6.3,69252.14
2026-04-21,Plant A,Line 4,Product D,1034,967,40,26,Power Failure,Night,4.2,61891.45
2026-04-22,Plant C,Line 1,Product A,837,771,14,35,Machine Failure,Evening,0.0,53130.99
2026-04-22,Plant D,Line 1,Product D,1315,1137,57,33,Material Shortage,Night,8.0,83296.58
2026-04-22,Plant C,Line 1,Product C,710,687,8,45,Material Shortage,Morning,5.2,65108.74
2026-04-22,Plant A,Line 2,Product E,873,730,25,75,Machine Failure,Night,8.9,63817.9
2026-04-22,Plant B,Line 4,Product B,1036,918,41,127,Material Shortage,Night,4.6,71979.19
2026-04-22,Plant C,Line 3,Product B,1187,1149,42,102,Machine Failure,Evening,1.7,75320.17
2026-04-22,Plant D,Line 1,Product A,817,732,30,44,Quality Issue,Morning,5.1,62047.36
2026-04-22,Plant D,Line 3,Product A,944,726,50,175,Planned Maintenance,Night,4.4,66581.61
2026-04-22,Plant C,Line 3,Product D,1302,1266,43,54,Material Shortage,Morning,1.0,71564.15
2026-04-22,Plant B,Line 1,Product E,1030,922,40,40,Changeover,Morning,4.0,80037.16
2026-04-22,Plant A,Line 3,Product B,1244,1170,46,22,Material Shortage,Night,4.8,80915.72
2026-04-22,Plant B,Line 4,Product D,1109,979,49,131,Material Shortage,Morning,5.1,67146.74
2026-04-23,Plant D,Line 1,Product D,1313,1110,79,146,Machine Failure,Evening,7.6,81842.71
2026-04-23,Plant C,Line 4,Product D,1149,1097,43,54,Machine Failure,Morning,1.9,65936.92
2026-04-23,Plant A,Line 4,Product E,875,865,28,28,Changeover,Evening,3.0,68894.74
2026-04-23,Plant A,Line 3,Product D,1288,1216,38,9,Changeover,Evening,3.9,76156.9
2026-04-23,Plant C,Line 2,Product B,1070,1080,37,42,Material Shortage,Night,3.9,70498.89
2026-04-23,Plant B,Line 2,Product E,1000,860,36,107,Material Shortage,Morning,7.0,79422.64
2026-04-24,Plant A,Line 3,Product D,1288,1269,61,42,Planned Maintenance,Night,0.1,74374.74
2026-04-24,Plant B,Line 3,Product A,879,810,18,22,Machine Failure,Night,4.0,64490.62
2026-04-24,Plant A,Line 1,Product B,1016,920,28,8,Machine Failure,Evening,6.5,67480.27
2026-04-24,Plant C,Line 2,Product E,899,871,14,14,Machine Failure,Night,0.0,66250.97
2026-04-25,Plant D,Line 2,Product A,780,587,31,129,Power Failure,Evening,4.6,52066.76
2026-04-25,Plant B,Line 3,Product D,1291,1101,66,198,Machine Failure,Morning,8.6,80151.18
2026-04-25,Plant C,Line 4,Product B,906,846,17,24,Material Shortage,Morning,2.5,54275.57
2026-04-25,Plant C,Line 1,Product D,1234,1234,47,11,Machine Failure,Night,1.1,70948.36
2026-04-25,Plant C,Line 4,Product B,1023,978,18,23,Planned Maintenance,Evening,3.9,65291.72
2026-04-25,Plant D,Line 2,Product B,1078,934,45,128,Planned Maintenance,Morning,5.8,72774.1
2026-04-25,Plant B,Line 4,Product D,1028,950,55,66,Material Shortage,Morning,2.7,63458.19
2026-04-25,Plant D,Line 4,Product B,1031,870,36,55,Machine Failure,Morning,7.0,67935.85
2026-04-25,Plant A,Line 4,Product C,734,755,17,63,Material Shortage,Morning,1.9,67583.27
2026-04-25,Plant B,Line 4,Product B,952,868,42,82,Planned Maintenance,Night,6.1,66831.17
2026-04-26,Plant A,Line 3,Product E,1122,1077,41,63,Machine Failure,Evening,2.3,81199.29
2026-04-26,Plant B,Line 3,Product D,1326,1203,47,63,Machine Failure,Morning,5.0,79357.12
2026-04-26,Plant A,Line 2,Product A,860,779,34,121,Material Shortage,Evening,4.9,61270.29
2026-04-26,Plant C,Line 3,Product C,764,705,5,20,Material Shortage,Morning,3.5,63163.93
2026-04-26,Plant D,Line 1,Product E,959,799,33,47,Power Failure,Evening,6.5,70585.44
2026-04-26,Plant D,Line 3,Product D,1343,1186,49,25,Material Shortage,Night,6.3,80948.16
2026-04-26,Plant B,Line 4,Product A,871,752,14,41,Quality Issue,Night,6.8,64756.74
2026-04-26,Plant B,Line 2,Product C,782,640,25,132,Machine Failure,Morning,5.8,64637.57
2026-04-26,Plant D,Line 4,Product A,759,613,35,126,Machine Failure,Evening,3.3,50278.55
2026-04-26,Plant A,Line 4,Product D,990,978,40,93,Machine Failure,Night,5.0,64888.69
2026-04-26,Plant D,Line 1,Product B,1132,883,48,117,Material Shortage,Night,7.2,71605.36
2026-04-26,Plant A,Line 3,Product C,775,717,18,27,Material Shortage,Morning,0.4,63143.3
2026-04-27,Plant D,Line 1,Product A,858,753,31,98,Machine Failure,Evening,2.1,63014.24
2026-04-27,Plant A,Line 3,Product D,1265,1211,44,20,Machine Failure,Evening,3.9,73401.5
2026-04-27,Plant B,Line 3,Product D,1358,1199,67,72,Machine Failure,Morning,3.5,79320.41
2026-04-27,Plant B,Line 3,Product A,902,763,25,105,Material Shortage,Morning,5.3,64201.33
2026-04-27,Plant B,Line 3,Product E,1030,859,40,144,Machine Failure,Evening,6.8,78354.26
2026-04-27,Plant A,Line 4,Product B,988,891,25,31,Machine Failure,Evening,5.3,64660.73
2026-04-27,Plant D,Line 3,Product B,1173,978,53,100,Planned Maintenance,Morning,7.6,78605.63
2026-04-27,Plant C,Line 3,Product E,1055,1043,29,17,Power Failure,Morning,2.4,78965.97
2026-04-27,Plant D,Line 1,Product C,792,663,22,75,Quality Issue,Morning,4.9,69331.73
2026-04-28,Plant C,Line 2,Product D,1189,1137,52,49,Material Shortage,Evening,2.2,67220.65
2026-04-28,Plant D,Line 3,Product D,1234,994,57,129,Machine Failure,Evening,7.3,72863.07
2026-04-28,Plant B,Line 3,Product A,905,901,32,5,Machine Failure,Morning,3.5,70614.53
2026-04-28,Plant A,Line 1,Product C,767,690,18,59,Changeover,Night,5.8,67403.43
2026-04-28,Plant A,Line 4,Product A,846,799,28,49,Planned Maintenance,Morning,1.5,59917.68
2026-04-28,Plant A,Line 1,Product D,1233,1180,36,9,Machine Failure,Evening,3.0,70788.23
2026-04-28,Plant B,Line 1,Product B,1063,946,39,48,Quality Issue,Morning,2.4,69147.98
2026-04-28,Plant A,Line 2,Product D,1178,1113,38,48,Changeover,Evening,1.3,64774.33
2026-04-28,Plant A,Line 3,Product A,927,860,15,12,Quality Issue,Morning,3.8,65980.59
2026-04-28,Plant B,Line 1,Product D,1209,1049,64,138,Planned Maintenance,Morning,6.6,69469.65
2026-04-28,Plant A,Line 3,Product E,1072,996,53,166,Machine Failure,Evening,0.8,79268.36
2026-04-29,Plant B,Line 1,Product D,1146,981,34,36,Machine Failure,Morning,5.0,65630.28
2026-04-29,Plant A,Line 4,Product C,745,678,15,19,Planned Maintenance,Evening,5.8,66281.18
2026-04-29,Plant C,Line 3,Product B,1159,1123,38,60,Material Shortage,Morning,2.4,73038.03
2026-04-29,Plant A,Line 2,Product C,722,750,18,34,Planned Maintenance,Evening,3.2,68099.72
2026-04-29,Plant C,Line 4,Product E,890,842,24,49,Material Shortage,Morning,2.7,65637.18
2026-04-30,Plant B,Line 2,Product E,996,844,39,106,Planned Maintenance,Evening,2.6,72984.02
2026-04-30,Plant B,Line 3,Product C,772,699,25,42,Material Shortage,Morning,8.4,72706.97
2026-04-30,Plant A,Line 2,Product A,875,782,24,83,Machine Failure,Night,1.9,59181.7
2026-04-30,Plant C,Line 3,Product E,1062,980,36,26,Changeover,Night,4.6,75931.85
2026-04-30,Plant A,Line 1,Product D,1276,1183,52,55,Power Failure,Night,3.1,70837.61
2026-04-30,Plant A,Line 3,Product D,1312,1249,47,53,Machine Failure,Evening,1.6,74370.27
2026-04-30,Plant C,Line 1,Product C,865,823,20,51,Machine Failure,Morning,0.0,68493.05
2026-04-30,Plant D,Line 2,Product D,1174,1039,60,36,Machine Failure,Evening,3.2,69025.03
2026-04-30,Plant A,Line 1,Product C,691,662,14,33,Planned Maintenance,Night,2.6,60585.99
2026-04-30,Plant A,Line 1,Product A,881,838,15,9,Changeover,Evening,0.4,60012.29
2026-04-30,Plant A,Line 2,Product C,772,755,19,27,Material Shortage,Evening,5.6,69590.77
2026-04-30,Plant A,Line 1,Product E,864,846,23,15,Quality Issue,Evening,1.4,66858.74
2026-04-30,Plant C,Line 4,Product A,762,692,25,38,Machine Failure,Night,7.5,55174.54
2026-04-30,Plant B,Line 3,Product E,1032,945,28,57,Planned Maintenance,Evening,7.5,82299.75
2026-04-30,Plant D,Line 4,Product A,846,687,26,38,Planned Maintenance,Night,7.5,61719.57
2026-05-01,Plant C,Line 1,Product B,1031,1011,29,57,Changeover,Morning,0.0,64558.34
2026-05-01,Plant A,Line 1,Product D,1286,1231,51,45,Planned Maintenance,Morning,2.9,73605.42
2026-05-01,Plant B,Line 3,Product E,1076,909,33,65,Planned Maintenance,Evening,4.9,77909.41
2026-05-01,Plant D,Line 1,Product A,871,769,33,40,Quality Issue,Morning,7.8,67316.81
2026-05-01,Plant A,Line 3,Product C,793,797,10,33,Machine Failure,Morning,2.3,72934.75
2026-05-02,Plant C,Line 1,Product E,902,872,32,47,Quality Issue,Morning,3.8,68239.2
2026-05-02,Plant C,Line 3,Product B,1082,1017,24,54,Machine Failure,Evening,4.4,67767.27
2026-05-02,Plant C,Line 4,Product D,1041,976,22,28,Power Failure,Morning,2.4,56603.56
2026-05-02,Plant B,Line 2,Product A,903,736,28,147,Power Failure,Morning,4.3,60507.11
2026-05-02,Plant D,Line 4,Product D,1121,993,50,10,Machine Failure,Morning,4.3,69507.55
2026-05-02,Plant C,Line 4,Product E,806,778,19,33,Planned Maintenance,Morning,0.5,58838.06
2026-05-03,Plant C,Line 2,Product D,1150,1082,45,67,Planned Maintenance,Evening,2.5,65882.59
2026-05-03,Plant A,Line 1,Product D,1169,1132,56,62,Power Failure,Morning,2.1,68837.99
2026-05-03,Plant D,Line 2,Product B,1100,943,38,101,Material Shortage,Evening,3.3,75305.4
2026-05-03,Plant A,Line 1,Product B,1163,1038,29,32,Changeover,Morning,7.6,76220.93
2026-05-03,Plant B,Line 1,Product C,834,694,26,109,Power Failure,Morning,4.8,69449.49
2026-05-03,Plant B,Line 4,Product A,929,791,32,123,Power Failure,Evening,5.8,67301.3
2026-05-03,Plant D,Line 4,Product A,787,658,28,57,Machine Failure,Night,7.3,58816.37
2026-05-03,Plant C,Line 3,Product E,1017,1017,29,67,Quality Issue,Morning,2.2,74993.77
2026-05-03,Plant A,Line 3,Product C,708,597,18,87,Planned Maintenance,Evening,4.7,59309.17
2026-05-03,Plant D,Line 1,Product D,1294,1032,51,131,Planned Maintenance,Morning,6.3,70973.01
2026-05-04,Plant A,Line 1,Product B,1086,1036,31,35,Changeover,Night,4.2,71424.35
2026-05-04,Plant C,Line 4,Product B,1016,962,29,72,Material Shortage,Morning,1.6,63190.59
2026-05-04,Plant B,Line 3,Product D,1264,1167,48,35,Machine Failure,Evening,3.1,75419.55
2026-05-04,Plant D,Line 4,Product B,1050,918,52,93,Quality Issue,Evening,3.1,70330.51
2026-05-04,Plant C,Line 2,Product D,1227,1189,40,32,Planned Maintenance,Evening,1.2,66765.51
2026-05-04,Plant B,Line 1,Product B,1016,827,50,175,Power Failure,Night,3.8,65534.53
2026-05-04,Plant C,Line 4,Product B,1033,967,23,67,Planned Maintenance,Evening,1.2,64325.73
2026-05-04,Plant B,Line 4,Product A,886,762,23,76,Machine Failure,Night,3.3,59694.81
2026-05-04,Plant C,Line 3,Product B,1189,1099,39,18,Changeover,Morning,0.0,68051.12
2026-05-04,Plant D,Line 2,Product C,749,593,21,96,Machine Failure,Morning,4.0,62349.97
2026-05-04,Plant B,Line 1,Product D,1197,1064,54,16,Material Shortage,Morning,5.7,70803.83
2026-05-05,Plant D,Line 1,Product E,1081,919,42,40,Material Shortage,Morning,4.1,81694.36
2026-05-05,Plant A,Line 1,Product B,1072,990,32,55,Material Shortage,Morning,1.5,68275.78
2026-05-05,Plant A,Line 4,Product E,896,841,22,40,Planned Maintenance,Night,0.7,63904.93
2026-05-05,Plant B,Line 1,Product A,900,752,30,94,Material Shortage,Night,5.8,64938.37
2026-05-05,Plant A,Line 3,Product A,1043,969,38,38,Changeover,Night,0.7,69633.76
2026-05-05,Plant A,Line 3,Product C,800,758,17,13,Planned Maintenance,Morning,0.4,65899.8
2026-05-05,Plant D,Line 1,Product D,1145,983,59,141,Machine Failure,Night,2.0,67222.89
2026-05-05,Plant B,Line 1,Product A,942,815,29,70,Planned Maintenance,Night,7.5,70117.45
2026-05-05,Plant C,Line 2,Product B,1137,1167,37,55,Quality Issue,Evening,0.1,73730.89
2026-05-05,Plant C,Line 3,Product E,1077,1042,27,54,Power Failure,Morning,1.8,79143.08
2026-05-05,Plant C,Line 2,Product C,693,630,13,63,Quality Issue,Evening,4.4,59162.58
2026-05-05,Plant C,Line 4,Product B,965,964,30,53,Machine Failure,Night,2.4,65696.58
2026-05-05,Plant D,Line 2,Product C,672,627,28,73,Machine Failure,Night,4.8,66127.11
2026-05-05,Plant C,Line 3,Product E,992,974,11,39,Planned Maintenance,Night,2.8,76718.58
2026-05-05,Plant A,Line 1,Product B,1013,975,36,68,Quality Issue,Evening,4.3,69929.94
2026-05-06,Plant D,Line 2,Product E,1003,795,42,52,Machine Failure,Evening,7.8,76884.57
2026-05-06,Plant C,Line 4,Product B,980,985,19,25,Material Shortage,Morning,2.2,65703.17
2026-05-06,Plant A,Line 1,Product D,1162,1053,53,61,Changeover,Morning,3.4,63036.27
2026-05-06,Plant B,Line 3,Product A,980,881,35,69,Planned Maintenance,Morning,7.4,77690.35
2026-05-06,Plant B,Line 2,Product E,970,848,35,52,Machine Failure,Morning,3.2,73394.12
2026-05-06,Plant B,Line 3,Product C,741,669,31,79,Material Shortage,Night,4.0,68953.01
2026-05-06,Plant A,Line 3,Product C,689,629,14,29,Machine Failure,Night,2.7,54902.66
2026-05-06,Plant A,Line 2,Product E,939,906,30,107,Material Shortage,Evening,2.6,73943.81
2026-05-06,Plant A,Line 1,Product E,1111,1028,39,44,Planned Maintenance,Morning,1.0,81934.98
2026-05-06,Plant D,Line 3,Product B,1119,945,49,102,Machine Failure,Morning,2.5,70570.3
2026-05-06,Plant D,Line 2,Product D,1188,1052,59,7,Changeover,Evening,5.8,72959.88
2026-05-07,Plant D,Line 1,Product D,1215,1051,58,91,Machine Failure,Evening,4.5,71819.33
2026-05-07,Plant B,Line 2,Product E,923,814,33,82,Machine Failure,Night,3.9,70235.97
2026-05-07,Plant D,Line 3,Product E,1041,892,44,50,Planned Maintenance,Morning,4.5,80739.85
2026-05-07,Plant A,Line 2,Product C,760,700,9,17,Material Shortage,Evening,4.0,66507.78
2026-05-07,Plant B,Line 4,Product B,926,808,34,88,Material Shortage,Morning,2.6,60313.09
2026-05-07,Plant C,Line 1,Product D,1283,1267,47,29,Changeover,Evening,0.8,71298.05
2026-05-07,Plant B,Line 4,Product B,858,748,31,64,Power Failure,Morning,2.7,56045.63
2026-05-07,Plant D,Line 1,Product B,952,812,29,43,Changeover,Morning,4.9,60216.07
2026-05-07,Plant A,Line 2,Product E,907,878,26,55,Material Shortage,Evening,0.6,67522.86
2026-05-08,Plant B,Line 1,Product B,1000,880,38,115,Quality Issue,Morning,5.4,66588.07
2026-05-08,Plant B,Line 2,Product C,616,537,19,102,Material Shortage,Morning,7.1,57823.03
2026-05-08,Plant C,Line 1,Product B,996,914,20,64,Machine Failure,Evening,4.3,63781.65
2026-05-08,Plant C,Line 1,Product A,876,872,33,64,Planned Maintenance,Evening,0.0,63089.01
2026-05-08,Plant B,Line 2,Product D,1156,996,49,102,Changeover,Morning,6.6,68779.91
2026-05-08,Plant C,Line 1,Product E,957,886,34,54,Machine Failure,Night,1.0,65739.96
2026-05-08,Plant A,Line 2,Product A,913,840,19,75,Planned Maintenance,Evening,2.9,64640.23
2026-05-08,Plant C,Line 4,Product B,893,846,31,96,Material Shortage,Evening,2.0,57125.38
2026-05-08,Plant D,Line 1,Product A,967,822,29,53,Material Shortage,Evening,7.1,75077.46
2026-05-08,Plant A,Line 2,Product B,1025,945,34,74,Material Shortage,Morning,2.5,63491.1
2026-05-09,Plant B,Line 2,Product C,655,551,17,78,Machine Failure,Evening,7.1,57687.7
2026-05-09,Plant B,Line 3,Product B,1129,997,48,99,Material Shortage,Evening,2.8,74329.92
2026-05-09,Plant C,Line 3,Product A,878,851,25,92,Power Failure,Night,1.9,61886.86
2026-05-09,Plant A,Line 3,Product C,802,734,20,88,Material Shortage,Evening,7.9,75875.68
2026-05-09,Plant B,Line 2,Product B,1110,963,43,74,Power Failure,Morning,7.4,73044.23
2026-05-09,Plant D,Line 4,Product C,743,594,21,59,Machine Failure,Morning,4.9,62518.94
2026-05-09,Plant A,Line 1,Product E,908,853,24,35,Power Failure,Evening,0.0,63568.81
2026-05-09,Plant C,Line 1,Product E,980,939,25,79,Machine Failure,Evening,2.9,73172.64
2026-05-09,Plant C,Line 3,Product B,1180,1097,40,71,Planned Maintenance,Morning,2.1,73012.19
2026-05-09,Plant A,Line 4,Product A,870,733,18,76,Material Shortage,Evening,4.8,57523.52
2026-05-09,Plant D,Line 2,Product E,966,715,44,184,Material Shortage,Evening,3.3,68782.05
2026-05-09,Plant D,Line 1,Product E,1044,920,38,44,Machine Failure,Morning,4.2,79675.71
2026-05-09,Plant D,Line 1,Product B,1068,995,42,47,Planned Maintenance,Evening,1.1,72863.7
2026-05-09,Plant B,Line 3,Product C,796,695,31,66,Power Failure,Morning,5.8,72008.06
2026-05-09,Plant A,Line 3,Product B,1166,1066,35,52,Material Shortage,Evening,4.4,75448.78
2026-05-10,Plant B,Line 2,Product C,680,688,20,6,Planned Maintenance,Night,5.2,68491.08
2026-05-10,Plant D,Line 3,Product C,800,652,27,150,Machine Failure,Morning,2.6,66045.85
2026-05-10,Plant A,Line 4,Product A,850,785,18,70,Material Shortage,Evening,0.0,57919.96
2026-05-10,Plant A,Line 1,Product B,1090,998,34,24,Machine Failure,Morning,4.3,67241.17
2026-05-10,Plant A,Line 1,Product B,1082,976,36,81,Machine Failure,Night,7.6,72910.27
2026-05-10,Plant D,Line 3,Product C,739,606,25,82,Material Shortage,Night,7.2,65379.16
2026-05-10,Plant B,Line 1,Product A,896,788,37,98,Planned Maintenance,Evening,5.5,67250.19
2026-05-10,Plant D,Line 1,Product E,1019,874,44,107,Changeover,Night,4.5,79102.88
2026-05-10,Plant C,Line 1,Product C,759,782,20,38,Machine Failure,Night,3.3,72306.86
2026-05-10,Plant C,Line 1,Product B,1078,1015,27,39,Quality Issue,Morning,2.1,67783.7
2026-05-11,Plant B,Line 3,Product D,1253,1094,57,112,Material Shortage,Evening,1.5,69895.08
2026-05-11,Plant A,Line 1,Product B,1067,976,36,80,Planned Maintenance,Evening,5.3,69377.5
2026-05-11,Plant D,Line 2,Product A,858,662,23,85,Material Shortage,Night,4.1,55569.94
2026-05-11,Plant B,Line 2,Product B,1054,982,48,61,Machine Failure,Morning,0.3,67546.62
2026-05-11,Plant B,Line 3,Product A,933,873,29,55,Machine Failure,Evening,0.3,68634.76
2026-05-11,Plant B,Line 3,Product B,1161,1087,34,31,Machine Failure,Morning,4.7,79726.81
2026-05-11,Plant C,Line 3,Product B,1217,1225,40,20,Material Shortage,Morning,2.8,78284.21
2026-05-12,Plant D,Line 1,Product A,838,783,39,29,Machine Failure,Evening,4.1,66399.09
2026-05-12,Plant A,Line 4,Product B,983,854,41,137,Machine Failure,Night,2.0,59449.26
2026-05-12,Plant A,Line 2,Product A,797,770,17,77,Quality Issue,Morning,2.7,60553.55
2026-05-12,Plant C,Line 4,Product B,986,949,20,41,Changeover,Evening,3.7,63123.35
2026-05-12,Plant C,Line 4,Product D,1101,1079,34,36,Power Failure,Night,4.4,61920.39
2026-05-12,Plant B,Line 1,Product D,1211,1065,52,93,Power Failure,Morning,5.0,70891.72
2026-05-12,Plant B,Line 1,Product B,1060,918,37,45,Planned Maintenance,Morning,4.3,67387.81
2026-05-12,Plant D,Line 4,Product C,608,444,20,143,Planned Maintenance,Evening,2.8,46243.3
2026-05-12,Plant A,Line 1,Product B,1133,1005,41,98,Machine Failure,Morning,3.5,72225.42
2026-05-12,Plant D,Line 1,Product B,1116,914,49,138,Machine Failure,Morning,4.3,72627.56
2026-05-12,Plant B,Line 1,Product A,933,776,43,196,Material Shortage,Morning,6.6,68764.57
2026-05-13,Plant C,Line 1,Product E,994,972,25,6,Quality Issue,Evening,0.8,72706.24
2026-05-13,Plant C,Line 4,Product B,951,889,27,26,Power Failure,Evening,2.6,57158.76
2026-05-13,Plant D,Line 3,Product E,1124,941,42,106,Planned Maintenance,Evening,3.5,82366.86
2026-05-13,Plant A,Line 3,Product B,1085,1009,38,11,Material Shortage,Night,3.3,71001.93
2026-05-13,Plant A,Line 4,Product A,790,710,22,63,Changeover,Morning,6.0,54994.14
2026-05-13,Plant A,Line 2,Product B,1074,1012,31,13,Changeover,Evening,0.0,64432.7
2026-05-13,Plant B,Line 2,Product A,786,667,27,139,Quality Issue,Evening,5.1,60218.18
2026-05-14,Plant B,Line 3,Product E,1128,1083,51,43,Power Failure,Night,3.2,90654.41
2026-05-14,Plant A,Line 4,Product C,734,733,9,32,Material Shortage,Evening,3.1,66014.66
2026-05-14,Plant A,Line 1,Product A,947,873,11,47,Machine Failure,Morning,4.7,70726.33
2026-05-14,Plant A,Line 3,Product A,828,780,18,20,Machine Failure,Night,3.8,63233.96
2026-05-14,Plant A,Line 4,Product D,1143,1051,33,40,Changeover,Morning,7.8,68620.15
2026-05-14,Plant A,Line 3,Product A,926,891,20,31,Machine Failure,Evening,3.2,68348.54
2026-05-14,Plant B,Line 2,Product D,1230,1109,52,84,Machine Failure,Evening,4.8,73720.98
2026-05-14,Plant B,Line 2,Product D,1169,1033,50,90,Machine Failure,Morning,4.7,69697.18
2026-05-14,Plant C,Line 4,Product C,619,575,11,23,Power Failure,Morning,5.4,54547.86
2026-05-14,Plant C,Line 3,Product D,1262,1206,60,95,Machine Failure,Evening,0.5,69659.07
2026-05-14,Plant C,Line 2,Product A,870,831,18,36,Power Failure,Evening,1.1,59747.01
2026-05-14,Plant C,Line 2,Product D,1054,1067,41,15,Planned Maintenance,Morning,1.4,62810.45
2026-05-14,Plant A,Line 1,Product C,717,669,18,41,Changeover,Night,1.1,60111.81
2026-05-15,Plant C,Line 1,Product C,795,727,14,36,Planned Maintenance,Morning,8.4,67242.56
2026-05-15,Plant C,Line 1,Product A,859,830,17,20,Quality Issue,Night,5.2,61554.58
2026-05-15,Plant C,Line 2,Product C,647,546,19,97,Changeover,Night,7.1,51149.36
2026-05-15,Plant D,Line 2,Product B,1051,806,41,58,Changeover,Morning,3.3,59291.67
2026-05-15,Plant B,Line 2,Product B,1074,935,33,90,Changeover,Morning,4.7,70148.12
2026-05-15,Plant B,Line 1,Product D,1124,985,55,48,Planned Maintenance,Evening,3.4,65216.56
2026-05-15,Plant D,Line 3,Product B,1187,1021,58,156,Quality Issue,Morning,5.1,78832.6
2026-05-15,Plant D,Line 1,Product A,976,852,36,64,Quality Issue,Morning,2.3,70924.56
2026-05-15,Plant A,Line 4,Product C,553,446,12,111,Machine Failure,Evening,5.9,45102.32
2026-05-15,Plant B,Line 1,Product A,864,830,38,21,Planned Maintenance,Evening,2.6,64118.94
2026-05-15,Plant A,Line 2,Product A,876,809,33,64,Planned Maintenance,Morning,0.3,59715.06
2026-05-15,Plant C,Line 4,Product A,881,853,16,24,Changeover,Morning,3.0,61275.86
2026-05-15,Plant A,Line 4,Product D,1095,997,39,8,Changeover,Morning,7.4,66106.73
2026-05-15,Plant C,Line 4,Product A,812,742,19,82,Material Shortage,Morning,3.6,55261.36
2026-05-16,Plant A,Line 4,Product E,931,786,40,213,Material Shortage,Evening,6.5,67713.25
2026-05-16,Plant A,Line 4,Product B,1035,956,39,34,Planned Maintenance,Morning,0.2,63548.46
2026-05-16,Plant B,Line 4,Product B,1052,969,40,117,Machine Failure,Morning,0.5,69037.49
2026-05-16,Plant B,Line 2,Product C,712,609,18,59,Machine Failure,Evening,2.5,57316.15
2026-05-16,Plant C,Line 2,Product D,1281,1237,31,36,Changeover,Night,3.1,72167.59
2026-05-16,Plant B,Line 2,Product C,748,594,26,168,Changeover,Morning,4.8,64445.77
2026-05-16,Plant B,Line 4,Product E,970,904,42,99,Material Shortage,Evening,5.2,78890.07
2026-05-17,Plant B,Line 2,Product E,892,746,35,48,Quality Issue,Morning,2.3,62913.99
2026-05-17,Plant C,Line 2,Product C,702,660,11,18,Changeover,Night,0.4,56523.53
2026-05-17,Plant B,Line 1,Product A,922,813,37,92,Machine Failure,Morning,4.0,66655.74
2026-05-17,Plant D,Line 3,Product E,940,767,45,95,Planned Maintenance,Morning,4.5,69271.84
2026-05-17,Plant A,Line 2,Product E,1042,982,26,23,Machine Failure,Morning,4.3,78556.56
2026-05-17,Plant C,Line 3,Product C,747,690,13,52,Changeover,Evening,4.3,62185.76
2026-05-17,Plant A,Line 3,Product E,969,872,29,141,Material Shortage,Morning,8.1,74963.89
2026-05-17,Plant A,Line 1,Product E,1020,931,35,77,Planned Maintenance,Morning,4.7,76175.95
2026-05-17,Plant B,Line 1,Product B,1045,927,47,43,Machine Failure,Morning,8.8,70723.11
2026-05-18,Plant D,Line 3,Product A,877,710,35,68,Planned Maintenance,Evening,4.8,62756.4
2026-05-18,Plant D,Line 2,Product A,979,868,39,40,Material Shortage,Night,5.6,75422.98
2026-05-18,Plant B,Line 2,Product A,858,700,29,68,Machine Failure,Morning,7.6,60470.07
2026-05-18,Plant B,Line 4,Product C,556,480,17,94,Planned Maintenance,Evening,2.7,49903.62
2026-05-18,Plant A,Line 3,Product D,1333,1245,55,64,Machine Failure,Morning,1.5,73296.7
2026-05-18,Plant D,Line 2,Product C,753,693,30,66,Machine Failure,Evening,2.1,68888.8
2026-05-18,Plant C,Line 2,Product E,917,865,26,37,Power Failure,Night,5.6,70248.28
2026-05-18,Plant B,Line 3,Product D,1332,1170,59,29,Planned Maintenance,Morning,3.7,76129.75
2026-05-18,Plant C,Line 2,Product C,750,691,23,65,Quality Issue,Morning,2.6,61122.76
2026-05-18,Plant A,Line 3,Product C,745,687,19,30,Power Failure,Night,0.6,62425.54
2026-05-18,Plant A,Line 2,Product B,1079,951,35,58,Changeover,Evening,6.5,70123.65
2026-05-19,Plant D,Line 3,Product E,1029,846,38,48,Machine Failure,Night,5.6,77351.18
2026-05-19,Plant B,Line 4,Product C,708,579,16,97,Planned Maintenance,Night,7.0,62015.68
2026-05-19,Plant D,Line 3,Product D,1288,1042,60,114,Power Failure,Evening,3.9,69964.95
2026-05-19,Plant C,Line 1,Product E,1079,1053,27,51,Power Failure,Night,1.5,78443.77
2026-05-19,Plant A,Line 1,Product E,1010,991,28,20,Planned Maintenance,Evening,3.9,82459.4
2026-05-19,Plant B,Line 2,Product D,1137,1012,50,58,Power Failure,Morning,3.9,67075.93
2026-05-19,Plant C,Line 3,Product B,1206,1141,47,38,Changeover,Morning,3.0,72416.51
2026-05-19,Plant C,Line 4,Product E,934,913,22,81,Machine Failure,Morning,0.9,70006.59
2026-05-19,Plant D,Line 3,Product E,1018,833,41,106,Changeover,Evening,8.2,75125.3
2026-05-19,Plant A,Line 3,Product D,1388,1301,44,36,Quality Issue,Morning,2.6,78445.65
2026-05-19,Plant B,Line 2,Product D,1193,1050,56,61,Power Failure,Evening,6.8,75222.67
2026-05-20,Plant B,Line 3,Product B,1128,1021,49,80,Planned Maintenance,Evening,6.3,76806.92
2026-05-20,Plant C,Line 1,Product D,1336,1271,44,62,Machine Failure,Morning,1.9,73667.31
2026-05-20,Plant C,Line 3,Product B,1150,1118,28,41,Power Failure,Evening,1.7,74385.78
2026-05-20,Plant D,Line 3,Product E,1053,876,54,78,Power Failure,Morning,2.4,75093.02
2026-05-20,Plant A,Line 3,Product B,1179,1118,44,76,Quality Issue,Morning,2.2,77648.98
2026-05-20,Plant A,Line 4,Product A,823,778,25,47,Material Shortage,Morning,3.4,59121.43
2026-05-20,Plant A,Line 2,Product E,935,873,29,61,Material Shortage,Morning,3.1,71794.64
2026-05-20,Plant B,Line 3,Product E,1133,986,38,76,Material Shortage,Night,4.2,83381.26
2026-05-20,Plant D,Line 3,Product C,775,627,31,124,Planned Maintenance,Evening,5.0,68682.44
2026-05-20,Plant D,Line 3,Product A,904,783,40,70,Changeover,Morning,5.6,69260.43
2026-05-20,Plant C,Line 2,Product B,1099,1022,38,53,Machine Failure,Morning,3.5,67630.65
2026-05-21,Plant B,Line 4,Product E,944,827,27,16,Changeover,Morning,7.1,74521.8
2026-05-21,Plant C,Line 2,Product A,832,796,20,44,Machine Failure,Morning,2.7,60651.21
2026-05-21,Plant B,Line 2,Product B,1090,981,43,15,Power Failure,Morning,5.9,71636.45
2026-05-21,Plant B,Line 2,Product E,927,784,44,123,Planned Maintenance,Evening,5.7,71176.32
2026-05-21,Plant D,Line 1,Product A,907,759,33,69,Power Failure,Morning,5.6,67149.92
2026-05-21,Plant A,Line 4,Product C,647,570,17,78,Changeover,Evening,6.9,59598.19
2026-05-21,Plant B,Line 4,Product B,994,930,50,67,Changeover,Morning,0.8,64551.09
2026-05-21,Plant A,Line 1,Product A,903,793,18,62,Planned Maintenance,Night,4.8,64099.07
2026-05-21,Plant D,Line 2,Product A,832,647,34,90,Quality Issue,Evening,4.4,55261.05
2026-05-22,Plant C,Line 4,Product A,810,759,18,31,Changeover,Morning,1.6,52854.36
2026-05-22,Plant D,Line 4,Product D,1074,950,38,29,Machine Failure,Morning,3.6,67725.53
2026-05-22,Plant B,Line 1,Product B,1014,884,35,29,Machine Failure,Morning,5.6,66090.97
2026-05-22,Plant D,Line 4,Product B,938,773,39,71,Machine Failure,Evening,5.7,59304.52
2026-05-22,Plant D,Line 2,Product C,648,535,26,54,Changeover,Night,6.2,60237.21
2026-05-22,Plant D,Line 1,Product D,1321,1144,61,67,Changeover,Evening,4.4,78046.48
2026-05-22,Plant D,Line 4,Product E,842,787,32,12,Power Failure,Evening,2.2,66865.19
2026-05-23,Plant A,Line 4,Product D,1039,974,47,57,Power Failure,Morning,1.9,59590.93
2026-05-23,Plant B,Line 1,Product E,963,843,35,52,Planned Maintenance,Morning,4.1,72288.6
2026-05-23,Plant B,Line 1,Product B,961,885,41,93,Material Shortage,Morning,0.0,62004.49
2026-05-23,Plant C,Line 1,Product C,680,627,14,65,Material Shortage,Evening,4.1,58631.78
2026-05-23,Plant A,Line 1,Product C,682,609,11,20,Changeover,Night,8.1,61548.22
2026-05-23,Plant B,Line 1,Product C,843,818,26,13,Machine Failure,Evening,3.8,79719.91
2026-05-23,Plant A,Line 3,Product B,1080,1022,33,69,Power Failure,Night,2.0,69233.37
2026-05-23,Plant B,Line 4,Product D,1073,922,36,49,Machine Failure,Evening,6.9,62885.27
2026-05-23,Plant A,Line 4,Product B,1058,960,25,36,Planned Maintenance,Evening,5.4,69267.32
2026-05-23,Plant A,Line 2,Product E,898,813,31,30,Power Failure,Morning,7.8,67181.42
2026-05-23,Plant B,Line 2,Product B,1121,984,41,78,Planned Maintenance,Morning,4.9,71050.64
2026-05-23,Plant B,Line 4,Product E,899,817,33,60,Material Shortage,Morning,6.0,73441.77
2026-05-24,Plant A,Line 2,Product B,1000,936,29,26,Machine Failure,Morning,3.1,65377.75
2026-05-24,Plant A,Line 4,Product A,844,724,21,40,Changeover,Morning,1.8,55218.28
2026-05-24,Plant C,Line 3,Product A,944,901,24,58,Power Failure,Evening,2.4,64634.66
2026-05-24,Plant B,Line 3,Product C,716,619,16,54,Planned Maintenance,Evening,5.4,63974.76
2026-05-24,Plant A,Line 1,Product E,998,955,27,30,Changeover,Night,5.5,78370.05
2026-05-24,Plant A,Line 4,Product D,1178,1028,51,119,Power Failure,Morning,4.6,66925.37
2026-05-24,Plant A,Line 2,Product A,914,868,19,42,Machine Failure,Morning,2.6,61061.14
2026-05-24,Plant B,Line 3,Product A,937,899,27,29,Changeover,Evening,2.2,69925.13
2026-05-24,Plant B,Line 2,Product E,891,767,30,79,Power Failure,Morning,2.4,66673.79
2026-05-24,Plant A,Line 4,Product B,869,761,40,133,Changeover,Evening,5.8,58470.57
2026-05-25,Plant D,Line 3,Product A,933,768,37,138,Planned Maintenance,Morning,2.1,65284.34
2026-05-25,Plant C,Line 2,Product B,1072,1053,29,13,Power Failure,Evening,0.7,70308.07
2026-05-25,Plant A,Line 2,Product A,812,699,14,89,Machine Failure,Night,3.5,52734.39
2026-05-25,Plant B,Line 3,Product B,1239,1043,61,129,Quality Issue,Morning,6.8,80549.14
2026-05-25,Plant B,Line 1,Product B,1073,932,42,53,Changeover,Evening,4.7,67637.27
2026-05-26,Plant B,Line 3,Product D,1330,1246,52,24,Machine Failure,Morning,1.5,78114.74
2026-05-26,Plant A,Line 4,Product C,690,627,11,15,Planned Maintenance,Evening,3.6,61831.52
2026-05-26,Plant D,Line 2,Product E,995,784,40,98,Planned Maintenance,Night,7.3,73389.53
2026-05-26,Plant C,Line 2,Product A,894,824,20,74,Quality Issue,Night,0.4,59675.75
2026-05-26,Plant B,Line 1,Product A,851,766,32,78,Material Shortage,Morning,7.9,69206.29
2026-05-26,Plant B,Line 1,Product A,802,740,35,90,Machine Failure,Morning,1.4,58993.44
2026-05-26,Plant B,Line 3,Product B,1068,880,39,119,Planned Maintenance,Morning,5.6,68551.49
2026-05-26,Plant C,Line 2,Product D,1286,1242,35,23,Planned Maintenance,Evening,1.8,70310.4
2026-05-26,Plant C,Line 1,Product E,1040,1018,26,92,Planned Maintenance,Night,5.7,81458.03
2026-05-26,Plant A,Line 4,Product D,1170,1069,47,104,Quality Issue,Morning,6.7,68954.22
2026-05-26,Plant A,Line 3,Product E,1028,969,26,44,Machine Failure,Morning,0.8,73155.12
2026-05-26,Plant B,Line 1,Product E,961,906,30,30,Machine Failure,Evening,4.2,74935.15
2026-05-26,Plant B,Line 2,Product A,869,764,38,20,Material Shortage,Morning,7.4,66648.25
2026-05-26,Plant A,Line 1,Product A,834,844,17,47,Changeover,Evening,0.1,60810.79
2026-05-27,Plant B,Line 2,Product C,742,641,19,40,Material Shortage,Evening,4.2,62713.72
2026-05-27,Plant A,Line 4,Product D,1201,1161,38,18,Material Shortage,Morning,3.6,69870.56
2026-05-27,Plant A,Line 1,Product D,1216,1059,39,53,Machine Failure,Evening,4.1,66195.69
2026-05-27,Plant C,Line 1,Product D,1166,1122,44,61,Planned Maintenance,Evening,3.6,67195.73
2026-05-27,Plant D,Line 1,Product D,1292,1150,46,59,Material Shortage,Night,5.3,77748.56
2026-05-27,Plant C,Line 2,Product E,999,974,19,42,Power Failure,Evening,0.9,73432.31
2026-05-28,Plant B,Line 4,Product C,720,567,23,71,Quality Issue,Night,5.6,58667.43
2026-05-28,Plant B,Line 2,Product C,648,633,24,52,Machine Failure,Night,2.7,64630.93
2026-05-28,Plant A,Line 2,Product E,931,853,33,51,Machine Failure,Morning,1.3,68027.73
2026-05-28,Plant C,Line 4,Product D,1183,1112,44,45,Changeover,Evening,2.2,63745.0
2026-05-28,Plant A,Line 1,Product A,901,848,25,33,Material Shortage,Night,3.1,65078.91
2026-05-28,Plant B,Line 1,Product D,1193,1019,38,79,Planned Maintenance,Morning,7.9,73080.81
2026-05-28,Plant C,Line 3,Product D,1299,1244,37,17,Planned Maintenance,Morning,2.6,69821.21
2026-05-28,Plant D,Line 4,Product D,1097,930,55,80,Changeover,Morning,3.8,62659.83
2026-05-29,Plant A,Line 3,Product D,1352,1235,65,68,Machine Failure,Morning,6.1,78920.39
2026-05-29,Plant A,Line 4,Product D,1103,994,46,95,Material Shortage,Evening,5.0,63140.57
2026-05-29,Plant A,Line 2,Product C,768,676,14,68,Changeover,Morning,3.6,65652.91
2026-05-29,Plant A,Line 2,Product C,638,568,15,55,Planned Maintenance,Night,3.0,53184.91
2026-05-29,Plant C,Line 3,Product A,884,838,12,10,Power Failure,Morning,0.0,58155.96
2026-05-29,Plant D,Line 1,Product B,1001,792,45,157,Material Shortage,Evening,1.8,60995.7
2026-05-29,Plant A,Line 2,Product E,860,768,25,23,Machine Failure,Evening,4.0,62365.25
2026-05-29,Plant C,Line 3,Product B,1208,1189,41,30,Planned Maintenance,Morning,1.3,75437.43
2026-05-30,Plant A,Line 3,Product B,1154,1124,37,40,Planned Maintenance,Evening,1.9,73985.59
2026-05-30,Plant A,Line 1,Product B,1079,1043,27,17,Machine Failure,Evening,3.4,70372.04
2026-05-30,Plant D,Line 1,Product D,1296,1096,67,116,Machine Failure,Evening,2.5,73013.89
2026-05-30,Plant C,Line 4,Product D,1157,1191,33,33,Quality Issue,Evening,1.6,71360.86
2026-05-30,Plant C,Line 4,Product A,751,770,29,35,Planned Maintenance,Night,1.1,54407.23
2026-05-30,Plant A,Line 3,Product D,1354,1219,53,20,Quality Issue,Morning,7.5,79805.88
2026-05-30,Plant A,Line 2,Product B,1045,954,37,37,Material Shortage,Morning,7.7,72547.04
2026-05-30,Plant A,Line 2,Product E,987,969,32,43,Planned Maintenance,Evening,0.0,78075.6
2026-05-30,Plant A,Line 1,Product C,739,709,21,19,Planned Maintenance,Morning,5.1,68257.73
2026-05-31,Plant A,Line 1,Product E,1015,968,36,40,Machine Failure,Evening,2.4,77831.76
2026-05-31,Plant B,Line 3,Product A,943,825,36,61,Machine Failure,Evening,3.3,70156.21
2026-05-31,Plant B,Line 4,Product D,1084,940,48,67,Planned Maintenance,Evening,6.1,61766.38
2026-05-31,Plant A,Line 4,Product B,1077,1013,40,76,Quality Issue,Night,2.2,66769.62
2026-05-31,Plant C,Line 2,Product B,1028,988,26,18,Changeover,Evening,1.6,63701.38
2026-05-31,Plant C,Line 3,Product E,942,848,25,82,Machine Failure,Morning,8.4,71836.16
2026-05-31,Plant A,Line 2,Product A,868,802,27,81,Machine Failure,Morning,2.1,61274.7
2026-05-31,Plant A,Line 4,Product E,861,847,26,33,Changeover,Morning,3.1,67955.73
2026-05-31,Plant C,Line 2,Product B,959,899,32,39,Power Failure,Morning,0.0,56780.95
2026-05-31,Plant A,Line 3,Product E,1128,1110,41,14,Quality Issue,Night,0.8,85633.26
2026-05-31,Plant A,Line 4,Product B,1008,943,38,65,Machine Failure,Night,3.3,65884.75
2026-05-31,Plant C,Line 4,Product A,850,833,19,18,Machine Failure,Morning,3.8,63925.45
2026-06-01,Plant A,Line 4,Product C,608,559,14,55,Planned Maintenance,Morning,2.1,49532.39
2026-06-01,Plant B,Line 4,Product D,1050,861,46,71,Machine Failure,Morning,4.2,56351.3
2026-06-01,Plant B,Line 1,Product E,947,832,37,140,Machine Failure,Evening,4.5,73019.78
2026-06-01,Plant B,Line 4,Product E,954,840,44,118,Machine Failure,Morning,3.6,74487.5
2026-06-01,Plant B,Line 1,Product E,939,797,40,95,Quality Issue,Evening,4.6,68839.92
2026-06-01,Plant D,Line 4,Product A,856,685,33,176,Machine Failure,Night,6.2,65251.1
2026-06-01,Plant B,Line 1,Product B,1116,911,56,123,Machine Failure,Night,4.0,68375.64
2026-06-01,Plant B,Line 1,Product B,1042,968,45,32,Changeover,Morning,2.7,70716.49
2026-06-01,Plant A,Line 4,Product C,666,603,14,16,Material Shortage,Evening,4.0,57777.6
2026-06-01,Plant A,Line 2,Product A,844,788,25,37,Planned Maintenance,Morning,4.1,61460.49
2026-06-01,Plant A,Line 2,Product E,957,886,31,56,Planned Maintenance,Morning,2.3,69488.87
2026-06-01,Plant D,Line 3,Product C,720,609,26,97,Material Shortage,Evening,2.2,61879.47
2026-06-01,Plant A,Line 3,Product C,816,745,25,117,Machine Failure,Morning,5.8,75547.63
2026-06-02,Plant A,Line 3,Product B,1252,1209,39,25,Changeover,Night,1.5,80656.33
2026-06-02,Plant A,Line 2,Product D,1154,1034,42,42,Machine Failure,Morning,5.2,64321.07
2026-06-02,Plant B,Line 3,Product A,930,837,34,70,Power Failure,Morning,7.8,69931.9
2026-06-02,Plant B,Line 1,Product D,1337,1169,56,65,Power Failure,Morning,6.3,80761.41
2026-06-02,Plant C,Line 4,Product E,813,767,26,54,Changeover,Evening,1.4,57770.7
2026-06-02,Plant C,Line 3,Product E,1130,1048,43,69,Planned Maintenance,Morning,0.0,79095.8
2026-06-02,Plant A,Line 4,Product C,622,547,9,9,Planned Maintenance,Morning,4.0,50464.03
2026-06-02,Plant B,Line 1,Product C,734,616,21,69,Power Failure,Night,7.7,65585.14
2026-06-02,Plant C,Line 2,Product E,923,834,31,92,Material Shortage,Night,4.3,66837.53
2026-06-03,Plant D,Line 3,Product B,1114,944,46,62,Machine Failure,Night,7.5,76049.83
2026-06-03,Plant A,Line 4,Product E,865,830,31,26,Power Failure,Evening,3.4,66980.71
2026-06-03,Plant B,Line 1,Product E,960,902,37,33,Quality Issue,Morning,1.5,74374.56
2026-06-03,Plant A,Line 1,Product B,1082,1026,39,20,Machine Failure,Night,1.0,68446.61
2026-06-03,Plant B,Line 4,Product E,937,874,26,27,Material Shortage,Night,1.5,70040.87
2026-06-03,Plant B,Line 3,Product E,1026,934,27,58,Quality Issue,Morning,7.5,83182.44
2026-06-03,Plant A,Line 1,Product D,1185,1130,34,68,Material Shortage,Night,2.7,70494.73
2026-06-03,Plant C,Line 3,Product A,890,837,24,31,Quality Issue,Evening,1.3,61236.69
2026-06-03,Plant A,Line 3,Product D,1333,1259,41,16,Planned Maintenance,Morning,3.2,76658.79
2026-06-03,Plant C,Line 3,Product D,1355,1291,50,110,Changeover,Night,3.9,77827.99
2026-06-04,Plant A,Line 2,Product D,1141,1048,47,53,Machine Failure,Evening,7.3,67019.34
2026-06-04,Plant D,Line 2,Product C,668,603,30,95,Machine Failure,Morning,4.8,64692.89
2026-06-04,Plant D,Line 1,Product E,947,827,47,51,Planned Maintenance,Night,1.5,72174.43
2026-06-04,Plant C,Line 4,Product C,684,667,20,83,Machine Failure,Evening,1.9,58532.39
2026-06-04,Plant A,Line 4,Product E,897,797,38,102,Power Failure,Evening,6.5,68326.2
2026-06-04,Plant D,Line 2,Product D,1132,1026,53,53,Planned Maintenance,Night,7.2,75269.91
2026-06-04,Plant C,Line 4,Product E,846,793,27,16,Machine Failure,Morning,0.7,57787.08
2026-06-04,Plant C,Line 1,Product C,737,684,7,28,Machine Failure,Morning,0.7,57689.45
2026-06-04,Plant B,Line 2,Product B,990,904,36,23,Planned Maintenance,Morning,7.5,72400.65
2026-06-04,Plant A,Line 1,Product D,1225,1132,52,88,Machine Failure,Night,4.6,71028.2
2026-06-04,Plant D,Line 2,Product D,1134,957,57,89,Planned Maintenance,Morning,2.5,63005.4
2026-06-04,Plant D,Line 1,Product C,727,607,24,103,Changeover,Night,3.5,62375.05
2026-06-04,Plant A,Line 1,Product B,1062,1013,25,42,Power Failure,Evening,5.1,72951.89
2026-06-05,Plant A,Line 3,Product E,998,979,32,10,Planned Maintenance,Morning,2.6,75764.97
2026-06-05,Plant A,Line 1,Product A,912,815,22,45,Material Shortage,Evening,3.2,61236.99
2026-06-05,Plant C,Line 3,Product B,1160,1132,46,51,Quality Issue,Morning,0.5,71555.81
2026-06-05,Plant D,Line 3,Product B,1176,961,42,56,Planned Maintenance,Night,6.9,76932.46
2026-06-05,Plant A,Line 4,Product E,960,917,35,36,Power Failure,Morning,2.0,71881.27
2026-06-05,Plant D,Line 4,Product D,1108,952,60,41,Planned Maintenance,Night,5.4,65851.41
2026-06-05,Plant D,Line 3,Product A,885,750,30,47,Material Shortage,Evening,7.1,68036.16
2026-06-05,Plant A,Line 2,Product D,1072,992,35,53,Machine Failure,Morning,3.2,62050.37
2026-06-05,Plant C,Line 4,Product C,691,647,9,34,Planned Maintenance,Evening,2.4,57326.86
2026-06-06,Plant A,Line 4,Product B,1036,985,23,13,Machine Failure,Morning,1.0,69162.32
2026-06-06,Plant B,Line 4,Product B,967,923,40,42,Quality Issue,Evening,2.6,66396.4
2026-06-06,Plant B,Line 4,Product C,705,580,24,88,Machine Failure,Morning,7.2,64213.99
2026-06-06,Plant B,Line 1,Product D,1217,1138,56,102,Planned Maintenance,Morning,0.2,74506.23
2026-06-06,Plant D,Line 3,Product E,1043,886,52,68,Planned Maintenance,Evening,3.8,78438.23
2026-06-07,Plant D,Line 4,Product C,724,550,25,115,Machine Failure,Morning,6.8,64267.37
2026-06-07,Plant D,Line 3,Product B,1158,972,45,55,Machine Failure,Evening,2.9,76024.39
2026-06-07,Plant D,Line 2,Product E,856,723,36,94,Power Failure,Evening,3.5,64570.21
2026-06-07,Plant B,Line 4,Product D,1137,1025,54,79,Machine Failure,Night,6.2,69381.63
2026-06-07,Plant C,Line 2,Product E,948,905,18,38,Quality Issue,Morning,1.7,67887.94
2026-06-07,Plant B,Line 4,Product B,953,866,44,29,Machine Failure,Evening,5.1,62451.44
2026-06-07,Plant C,Line 1,Product B,1072,1009,34,47,Planned Maintenance,Evening,4.1,68050.24
2026-06-07,Plant D,Line 3,Product D,1284,1170,57,35,Material Shortage,Night,6.1,80839.27
2026-06-07,Plant C,Line 4,Product A,749,745,16,30,Changeover,Evening,0.7,50246.13
2026-06-07,Plant D,Line 1,Product E,1093,925,34,58,Machine Failure,Night,2.8,81047.72
2026-06-08,Plant B,Line 3,Product C,884,791,30,52,Changeover,Night,4.1,80840.65
2026-06-08,Plant A,Line 3,Product D,1287,1167,58,112,Material Shortage,Night,4.4,73291.86
2026-06-08,Plant D,Line 4,Product D,1174,1002,60,67,Machine Failure,Morning,4.1,68314.5
2026-06-08,Plant A,Line 2,Product B,994,916,43,65,Machine Failure,Morning,0.5,63699.07
2026-06-08,Plant C,Line 3,Product D,1234,1169,48,71,Power Failure,Night,4.3,70020.68
2026-06-08,Plant A,Line 3,Product E,1005,940,26,96,Machine Failure,Night,2.9,75010.35
2026-06-08,Plant C,Line 2,Product E,1008,960,28,40,Quality Issue,Evening,0.0,71606.54
2026-06-08,Plant A,Line 4,Product C,731,685,17,24,Machine Failure,Evening,4.2,65251.64
2026-06-08,Plant D,Line 4,Product C,614,482,24,89,Material Shortage,Night,5.9,56437.9
2026-06-08,Plant D,Line 2,Product D,1280,1094,38,62,Power Failure,Evening,7.1,78168.58
2026-06-09,Plant D,Line 4,Product E,917,757,38,68,Machine Failure,Night,4.0,69434.44
2026-06-09,Plant C,Line 1,Product E,1011,976,31,77,Material Shortage,Evening,3.1,71775.54
2026-06-09,Plant A,Line 1,Product B,1086,1040,34,26,Planned Maintenance,Morning,1.8,70236.75
2026-06-09,Plant D,Line 2,Product B,1060,863,42,119,Planned Maintenance,Evening,3.8,69319.52
2026-06-09,Plant D,Line 1,Product A,973,809,29,43,Planned Maintenance,Night,2.4,66636.12
2026-06-09,Plant D,Line 2,Product D,1171,949,59,174,Planned Maintenance,Evening,3.6,68523.44
2026-06-09,Plant B,Line 4,Product C,572,423,17,182,Power Failure,Morning,1.3,43962.42
2026-06-09,Plant C,Line 1,Product D,1163,1093,46,27,Power Failure,Evening,5.0,66314.67
2026-06-09,Plant C,Line 2,Product C,770,739,21,61,Quality Issue,Evening,4.7,69930.24
2026-06-09,Plant B,Line 3,Product A,965,861,34,93,Quality Issue,Evening,5.6,73708.55
2026-06-09,Plant B,Line 3,Product B,1259,1167,48,78,Machine Failure,Morning,2.9,85056.22
2026-06-10,Plant C,Line 1,Product C,716,683,7,43,Machine Failure,Evening,0.7,57661.61
2026-06-10,Plant D,Line 4,Product E,838,722,32,69,Planned Maintenance,Morning,5.2,66893.97
2026-06-10,Plant A,Line 3,Product B,1057,949,44,57,Planned Maintenance,Night,4.8,65372.33
2026-06-10,Plant A,Line 3,Product B,1177,1083,38,69,Machine Failure,Morning,0.6,74817.12
2026-06-10,Plant B,Line 3,Product D,1364,1217,70,71,Material Shortage,Morning,5.9,83153.69
2026-06-10,Plant D,Line 4,Product D,1131,962,60,140,Machine Failure,Night,4.4,69045.74
2026-06-10,Plant C,Line 4,Product D,1178,1163,33,10,Changeover,Night,1.6,68024.15
2026-06-10,Plant A,Line 3,Product C,799,681,17,50,Power Failure,Evening,5.1,66233.52
2026-06-10,Plant D,Line 3,Product D,1218,1026,50,49,Material Shortage,Evening,6.5,72685.64
2026-06-10,Plant B,Line 1,Product D,1242,1091,45,22,Planned Maintenance,Night,4.7,73052.96
2026-06-10,Plant A,Line 2,Product E,943,894,38,24,Machine Failure,Evening,1.7,71194.76
2026-06-10,Plant A,Line 1,Product D,1202,1128,35,35,Changeover,Evening,1.1,65135.54
2026-06-10,Plant A,Line 2,Product A,812,730,25,43,Material Shortage,Morning,6.5,58440.56
2026-06-11,Plant C,Line 1,Product A,905,859,21,52,Machine Failure,Morning,3.5,63259.0
2026-06-11,Plant D,Line 4,Product B,999,792,35,91,Machine Failure,Evening,5.1,62336.74
2026-06-11,Plant D,Line 2,Product B,1068,889,42,74,Planned Maintenance,Morning,3.1,69403.0
2026-06-11,Plant A,Line 1,Product A,890,832,24,76,Quality Issue,Night,4.6,65950.54
2026-06-11,Plant D,Line 1,Product C,823,700,23,67,Machine Failure,Night,4.3,71330.12
2026-06-11,Plant B,Line 2,Product E,932,820,33,51,Quality Issue,Night,3.8,70513.38
2026-06-12,Plant D,Line 3,Product C,775,653,28,102,Planned Maintenance,Evening,6.8,71483.66
2026-06-12,Plant A,Line 1,Product E,954,928,34,31,Quality Issue,Night,0.0,69793.26
2026-06-12,Plant A,Line 2,Product C,786,737,17,24,Machine Failure,Morning,0.8,64923.4
2026-06-12,Plant B,Line 1,Product E,978,937,38,27,Changeover,Evening,0.0,77644.87
2026-06-12,Plant A,Line 3,Product E,1081,1050,39,41,Machine Failure,Evening,2.9,82324.57
2026-06-12,Plant A,Line 4,Product D,1063,1046,49,24,Quality Issue,Evening,1.1,63863.71
2026-06-12,Plant B,Line 2,Product B,983,913,41,62,Planned Maintenance,Night,0.6,65472.67
2026-06-12,Plant A,Line 4,Product D,1117,1042,44,49,Changeover,Morning,0.2,59176.7
2026-06-12,Plant A,Line 4,Product A,746,629,15,39,Planned Maintenance,Evening,3.5,49935.57
2026-06-12,Plant A,Line 1,Product B,1018,963,42,95,Material Shortage,Night,0.0,65088.72
2026-06-12,Plant D,Line 1,Product A,883,759,36,38,Machine Failure,Evening,6.6,67371.19
2026-06-13,Plant A,Line 1,Product E,909,872,27,42,Machine Failure,Night,2.2,67893.83
2026-06-13,Plant C,Line 3,Product C,726,719,10,19,Power Failure,Evening,5.1,66359.32
2026-06-13,Plant A,Line 3,Product D,1377,1240,48,51,Material Shortage,Night,3.1,74302.89
2026-06-13,Plant A,Line 1,Product E,902,836,26,17,Planned Maintenance,Night,5.3,67188.37
2026-06-13,Plant C,Line 3,Product A,914,858,18,76,Quality Issue,Morning,5.7,67822.28
2026-06-13,Plant A,Line 1,Product D,1228,1073,61,163,Quality Issue,Evening,5.4,68617.9
2026-06-13,Plant B,Line 3,Product B,1160,1015,35,25,Machine Failure,Morning,5.4,75030.68
2026-06-13,Plant C,Line 1,Product B,1125,1093,39,43,Power Failure,Morning,3.3,71794.83
2026-06-14,Plant A,Line 4,Product C,665,618,11,32,Planned Maintenance,Evening,1.5,57106.48
2026-06-14,Plant B,Line 2,Product A,847,725,28,86,Machine Failure,Morning,6.8,65783.97
2026-06-14,Plant A,Line 2,Product C,694,619,19,40,Machine Failure,Evening,5.4,57460.66
2026-06-14,Plant D,Line 4,Product E,968,677,42,200,Planned Maintenance,Morning,3.1,61705.44
2026-06-14,Plant D,Line 3,Product E,1008,876,31,27,Power Failure,Morning,4.8,79918.02
2026-06-14,Plant A,Line 1,Product A,853,783,15,24,Machine Failure,Morning,5.1,61621.16
2026-06-14,Plant D,Line 1,Product A,864,748,35,41,Machine Failure,Morning,5.1,65779.22
2026-06-14,Plant B,Line 1,Product E,1030,919,40,36,Planned Maintenance,Evening,5.4,78174.28
2026-06-14,Plant A,Line 3,Product B,1181,1060,35,109,Material Shortage,Morning,3.4,72923.9
2026-06-14,Plant B,Line 3,Product E,962,776,38,155,Planned Maintenance,Evening,7.3,71311.35
2026-06-14,Plant A,Line 3,Product E,1041,959,41,94,Material Shortage,Night,2.2,76385.26
2026-06-15,Plant D,Line 3,Product E,1047,942,46,118,Material Shortage,Morning,6.0,91098.26
2026-06-15,Plant C,Line 3,Product E,1109,1045,39,32,Material Shortage,Morning,0.7,77947.29
2026-06-15,Plant C,Line 4,Product B,949,934,25,74,Changeover,Morning,1.8,61586.93
2026-06-15,Plant A,Line 1,Product B,1185,1089,36,31,Planned Maintenance,Evening,7.1,74499.96
2026-06-15,Plant C,Line 2,Product E,975,953,23,41,Power Failure,Evening,1.4,72170.8
2026-06-16,Plant C,Line 1,Product B,1159,1077,40,49,Planned Maintenance,Night,4.4,71490.51
2026-06-16,Plant A,Line 3,Product D,1392,1315,50,38,Changeover,Morning,4.5,82179.15
2026-06-16,Plant C,Line 3,Product E,1132,1062,22,25,Machine Failure,Morning,3.7,80657.67
2026-06-16,Plant C,Line 3,Product A,991,931,27,49,Changeover,Night,5.2,70166.69
2026-06-16,Plant D,Line 1,Product B,1178,1020,53,101,Power Failure,Evening,8.5,85532.57
2026-06-16,Plant C,Line 1,Product A,885,840,20,14,Power Failure,Morning,3.7,61437.63
2026-06-16,Plant A,Line 1,Product C,786,724,14,45,Machine Failure,Night,0.0,64419.85
2026-06-16,Plant A,Line 4,Product B,943,836,37,111,Planned Maintenance,Evening,3.4,58786.87
2026-06-16,Plant B,Line 2,Product E,921,840,35,18,Machine Failure,Evening,6.8,74367.4
2026-06-16,Plant A,Line 3,Product D,1361,1269,42,66,Machine Failure,Morning,2.8,77040.11
2026-06-17,Plant C,Line 2,Product B,1151,1112,22,46,Planned Maintenance,Evening,1.2,71561.95
2026-06-17,Plant B,Line 3,Product B,1152,1005,45,64,Machine Failure,Morning,4.2,73756.63
2026-06-17,Plant A,Line 3,Product B,1236,1163,44,77,Material Shortage,Night,3.3,77062.05
2026-06-17,Plant A,Line 4,Product B,990,911,29,13,Machine Failure,Evening,1.5,61163.96
2026-06-17,Plant A,Line 3,Product C,832,794,18,24,Planned Maintenance,Evening,0.1,69929.64
2026-06-17,Plant C,Line 3,Product C,839,768,13,58,Machine Failure,Morning,3.2,68713.53
2026-06-17,Plant D,Line 1,Product A,845,720,37,105,Machine Failure,Evening,4.3,61010.31
2026-06-17,Plant C,Line 2,Product A,881,850,13,12,Planned Maintenance,Evening,2.3,63187.92
2026-06-17,Plant A,Line 1,Product E,962,928,30,36,Machine Failure,Night,5.9,77771.11
2026-06-18,Plant C,Line 2,Product A,795,753,23,142,Machine Failure,Morning,2.0,56000.75
2026-06-18,Plant B,Line 1,Product B,1135,933,53,218,Planned Maintenance,Evening,3.9,74482.78
2026-06-18,Plant A,Line 3,Product C,804,795,17,37,Machine Failure,Morning,1.5,70262.58
2026-06-18,Plant D,Line 3,Product D,1371,1188,75,90,Quality Issue,Night,5.9,81332.95
2026-06-18,Plant A,Line 2,Product E,1051,989,42,101,Machine Failure,Morning,0.7,79332.47
2026-06-18,Plant B,Line 2,Product B,1163,1050,38,35,Quality Issue,Morning,4.5,79171.06
2026-06-18,Plant B,Line 4,Product D,1147,1012,41,29,Material Shortage,Morning,3.9,67138.24
2026-06-19,Plant B,Line 1,Product E,1033,999,44,51,Quality Issue,Night,1.8,84077.79
2026-06-19,Plant D,Line 1,Product D,1274,1104,56,58,Machine Failure,Morning,5.5,77564.01
2026-06-19,Plant C,Line 3,Product A,913,929,16,27,Changeover,Morning,4.0,69156.84
2026-06-20,Plant C,Line 2,Product D,1177,1167,50,27,Quality Issue,Night,3.6,69071.57
2026-06-20,Plant A,Line 3,Product C,699,708,18,77,Machine Failure,Evening,0.3,62889.67
2026-06-20,Plant A,Line 3,Product E,1023,1005,25,27,Machine Failure,Evening,0.8,77343.34
2026-06-20,Plant D,Line 3,Product C,752,599,22,35,Material Shortage,Morning,7.0,64854.23
2026-06-20,Plant C,Line 4,Product B,957,910,27,30,Power Failure,Morning,2.8,58933.6
2026-06-20,Plant A,Line 3,Product C,765,694,21,92,Material Shortage,Morning,2.5,64377.57
2026-06-20,Plant C,Line 1,Product A,935,902,28,39,Material Shortage,Night,1.4,68110.04
2026-06-21,Plant C,Line 4,Product A,880,828,14,56,Machine Failure,Evening,0.0,57386.66
2026-06-21,Plant B,Line 2,Product A,838,767,31,41,Changeover,Night,3.7,63250.09
2026-06-21,Plant C,Line 3,Product A,929,855,26,72,Machine Failure,Night,1.6,61980.29
2026-06-21,Plant A,Line 2,Product C,710,660,20,51,Quality Issue,Night,3.9,65298.71
2026-06-21,Plant D,Line 3,Product B,1222,1057,45,46,Planned Maintenance,Evening,8.0,81414.21
2026-06-21,Plant C,Line 2,Product E,901,828,30,42,Machine Failure,Morning,4.5,64428.72
2026-06-21,Plant D,Line 3,Product A,935,852,33,64,Power Failure,Evening,4.4,73032.45
2026-06-21,Plant C,Line 2,Product B,1047,986,33,71,Changeover,Morning,4.4,67336.99
2026-06-21,Plant A,Line 4,Product B,966,921,24,61,Changeover,Night,1.9,62737.63
2026-06-21,Plant B,Line 1,Product D,1251,1103,49,71,Quality Issue,Morning,6.5,74047.86
2026-06-21,Plant C,Line 2,Product C,665,635,18,75,Planned Maintenance,Evening,4.3,61510.11
2026-06-21,Plant C,Line 4,Product D,1206,1131,46,42,Planned Maintenance,Morning,1.7,65235.74
2026-06-21,Plant A,Line 1,Product D,1332,1204,48,44,Planned Maintenance,Morning,7.1,77311.03
2026-06-21,Plant A,Line 1,Product A,832,759,28,52,Material Shortage,Evening,7.1,61002.23
2026-06-22,Plant A,Line 3,Product E,1071,1018,28,12,Planned Maintenance,Night,0.1,78378.25
2026-06-22,Plant B,Line 1,Product B,1147,991,40,40,Planned Maintenance,Morning,5.3,73095.37
2026-06-22,Plant C,Line 2,Product D,1262,1165,39,46,Quality Issue,Morning,1.4,64915.68
2026-06-22,Plant A,Line 2,Product A,774,749,24,25,Planned Maintenance,Morning,2.5,54796.07
2026-06-22,Plant C,Line 1,Product E,978,926,20,75,Material Shortage,Morning,4.2,70747.52
2026-06-22,Plant D,Line 4,Product D,1116,950,41,76,Planned Maintenance,Morning,7.4,71455.06
2026-06-22,Plant B,Line 3,Product A,961,816,33,105,Quality Issue,Evening,6.1,70088.84
2026-06-22,Plant C,Line 2,Product B,1080,1038,30,44,Material Shortage,Evening,3.8,68108.75
2026-06-23,Plant C,Line 2,Product E,932,842,19,76,Planned Maintenance,Night,4.4,65846.37
2026-06-23,Plant D,Line 3,Product B,1194,979,56,120,Planned Maintenance,Morning,3.6,77372.88
2026-06-23,Plant C,Line 4,Product B,1037,991,42,106,Changeover,Night,0.1,62396.61
2026-06-23,Plant A,Line 3,Product E,1092,997,30,67,Power Failure,Evening,6.2,81273.84
2026-06-24,Plant D,Line 4,Product E,911,655,32,152,Changeover,Morning,7.0,63571.02
2026-06-24,Plant D,Line 3,Product C,769,617,30,127,Planned Maintenance,Morning,6.4,68058.19
2026-06-24,Plant B,Line 1,Product A,942,796,35,48,Changeover,Morning,4.7,65855.27
2026-06-24,Plant D,Line 1,Product E,939,828,45,83,Planned Maintenance,Morning,6.2,74935.06
2026-06-24,Plant A,Line 3,Product E,1235,1147,38,37,Machine Failure,Evening,4.3,90257.96
2026-06-24,Plant C,Line 3,Product D,1321,1281,47,33,Planned Maintenance,Evening,3.1,72863.03
2026-06-24,Plant B,Line 2,Product E,906,869,42,7,Power Failure,Evening,1.1,70417.76
2026-06-24,Plant C,Line 1,Product C,712,680,6,11,Changeover,Morning,0.6,60149.62
2026-06-24,Plant D,Line 2,Product B,1050,901,39,53,Material Shortage,Morning,2.7,66919.25
2026-06-24,Plant C,Line 1,Product B,955,919,32,62,Quality Issue,Morning,2.1,58641.36
2026-06-24,Plant A,Line 4,Product B,971,876,36,38,Power Failure,Morning,1.0,61989.69
2026-06-24,Plant D,Line 4,Product C,709,600,25,55,Planned Maintenance,Evening,4.5,60948.8
2026-06-24,Plant B,Line 3,Product D,1274,1174,54,17,Power Failure,Morning,4.8,76758.6
2026-06-24,Plant A,Line 3,Product B,1210,1091,33,23,Power Failure,Evening,5.3,76721.72
2026-06-25,Plant C,Line 2,Product A,787,797,26,27,Material Shortage,Evening,1.4,55492.56
2026-06-25,Plant D,Line 4,Product A,812,659,30,123,Changeover,Evening,2.5,58334.11
2026-06-25,Plant D,Line 2,Product C,579,464,22,90,Planned Maintenance,Evening,8.0,53859.7
2026-06-25,Plant A,Line 3,Product A,805,694,25,30,Machine Failure,Evening,8.0,57434.57
2026-06-25,Plant B,Line 3,Product A,975,869,30,28,Machine Failure,Evening,5.1,71855.78
2026-06-25,Plant A,Line 1,Product B,1083,948,32,99,Changeover,Morning,4.4,69282.78
2026-06-25,Plant C,Line 4,Product B,960,873,24,24,Material Shortage,Night,7.9,60441.12
2026-06-25,Plant B,Line 2,Product D,1239,1078,54,35,Planned Maintenance,Evening,8.8,74766.62
2026-06-25,Plant D,Line 4,Product C,709,569,27,98,Material Shortage,Evening,4.8,60919.01
2026-06-26,Plant B,Line 1,Product D,1299,1194,48,41,Machine Failure,Evening,5.1,80029.35
2026-06-26,Plant D,Line 4,Product E,911,780,33,114,Planned Maintenance,Morning,4.7,71221.89
2026-06-26,Plant D,Line 1,Product B,1178,995,57,104,Machine Failure,Evening,1.4,74699.46
2026-06-26,Plant B,Line 2,Product B,1057,951,47,76,Changeover,Morning,2.1,69472.86
2026-06-26,Plant C,Line 1,Product E,1014,1055,33,40,Material Shortage,Night,2.6,78629.62
2026-06-26,Plant B,Line 4,Product E,880,707,33,158,Power Failure,Night,5.3,65215.38
2026-06-26,Plant A,Line 2,Product C,651,563,17,78,Planned Maintenance,Morning,6.2,54754.91
2026-06-26,Plant C,Line 4,Product B,1106,1068,43,77,Quality Issue,Evening,1.9,71559.06
2026-06-26,Plant D,Line 2,Product D,1095,933,48,32,Changeover,Morning,3.3,63114.42
2026-06-26,Plant A,Line 4,Product E,953,852,36,84,Quality Issue,Evening,4.8,71215.83
2026-06-26,Plant C,Line 1,Product B,1044,1031,35,36,Machine Failure,Evening,0.0,67158.67
2026-06-26,Plant A,Line 4,Product A,852,793,30,46,Planned Maintenance,Morning,2.2,60687.07
2026-06-27,Plant A,Line 2,Product E,978,957,32,46,Quality Issue,Morning,4.0,76237.95
2026-06-27,Plant D,Line 2,Product D,1223,1020,61,76,Machine Failure,Evening,5.3,71016.49
2026-06-27,Plant D,Line 1,Product C,756,642,31,81,Machine Failure,Night,4.0,66345.97
2026-06-27,Plant B,Line 2,Product C,710,614,22,38,Machine Failure,Night,6.9,64573.4
2026-06-28,Plant A,Line 1,Product B,1106,989,34,79,Machine Failure,Evening,3.6,69701.33
2026-06-28,Plant C,Line 4,Product A,762,660,12,21,Changeover,Morning,6.2,51265.6
2026-06-28,Plant D,Line 2,Product E,1006,893,39,55,Power Failure,Night,4.6,77575.29
2026-06-28,Plant B,Line 4,Product D,1131,1005,42,31,Material Shortage,Night,6.4,65403.8
2026-06-28,Plant C,Line 1,Product B,1110,1046,37,61,Machine Failure,Evening,4.4,71511.99
2026-06-28,Plant A,Line 4,Product E,879,815,33,75,Changeover,Morning,3.1,64249.1
2026-06-28,Plant A,Line 4,Product B,984,901,39,64,Material Shortage,Morning,6.7,66166.08
2026-06-28,Plant C,Line 2,Product B,1038,1014,27,18,Changeover,Morning,0.9,64490.03
2026-06-28,Plant B,Line 4,Product C,674,620,15,30,Changeover,Night,7.5,64570.8
2026-06-29,Plant A,Line 4,Product A,876,832,15,19,Quality Issue,Evening,3.6,66421.0
2026-06-30,Plant C,Line 1,Product E,1063,994,26,36,Machine Failure,Night,0.0,75358.05
2026-06-30,Plant C,Line 1,Product D,1235,1147,35,32,Planned Maintenance,Night,1.1,67063.12
2026-06-30,Plant A,Line 1,Product A,828,697,13,62,Power Failure,Night,6.0,56671.37
2026-06-30,Plant C,Line 1,Product B,1174,1133,29,19,Power Failure,Morning,3.2,76849.18
2026-06-30,Plant A,Line 4,Product A,693,634,20,32,Material Shortage,Night,4.3,50521.22
2026-06-30,Plant A,Line 4,Product A,799,726,21,47,Planned Maintenance,Evening,3.9,57761.45
2026-06-30,Plant D,Line 2,Product E,978,877,39,39,Material Shortage,Morning,5.7,79418.71
2026-06-30,Plant C,Line 2,Product B,1066,1013,32,40,Machine Failure,Morning,4.4,67543.89
2026-06-30,Plant C,Line 2,Product C,697,675,17,18,Material Shortage,Morning,2.3,59750.46
